State_Code,Year,pH,EC_dS_m,Water_Holding_Cap,Organic_Matter_Pct,CEC,Bulk_Density,Clay_Pct,Sand_Pct,CaCO3_Pct
AK,2015,5.27,0.551,0.227,34.34,32.5,0.79,6.3,37.9,0
AK,2016,5.29,0.516,0.229,34.19,32.6,0.81,6.3,37.9,0
AK,2017,5.23,0.481,0.228,34.3,32.4,0.79,6.3,37.9,0
AK,2018,5.23,0.526,0.227,34.44,32.3,0.81,6.3,37.9,0
AK,2019,5.27,0.479,0.228,34.35,32.5,0.81,6.3,37.9,0
AK,2020,5.25,0.431,0.234,34.27,32.4,0.8,6.3,37.9,0
AK,2021,5.29,0.461,0.226,34.31,32.4,0.81,6.3,37.9,0
AK,2022,5.26,0.436,0.227,34.41,32.8,0.8,6.3,37.9,0
AK,2023,5.24,0.481,0.23,34.39,32.4,0.8,6.3,37.9,0
AK,2024,5.33,0.491,0.23,34.33,32.4,0.8,6.3,37.9,0
AK,2025,5.28,0.54,0.23,34.32,32.3,0.79,6.3,37.9,0
AL,2015,5.23,0.258,0.142,1.27,16.1,1.48,23.7,44.7,0
AL,2016,5.21,0.251,0.13,1.26,15.8,1.48,23.7,44.7,0
AL,2017,5.23,0.29,0.146,1.25,15.9,1.45,23.7,44.7,0
AL,2018,5.26,0.263,0.139,1.21,15.6,1.46,23.7,44.7,0
AL,2019,5.21,0.266,0.143,1.26,15.6,1.46,23.7,44.7,0
AL,2020,5.21,0.244,0.136,1.21,15.9,1.45,23.7,44.7,0
AL,2021,5.26,0.242,0.141,1.24,16.0,1.46,23.7,44.7,0
AL,2022,5.24,0.243,0.136,1.33,15.9,1.45,23.7,44.7,0
AL,2023,5.2,0.267,0.137,1.16,15.7,1.44,23.7,44.7,0
AL,2024,5.23,0.243,0.145,1.32,15.8,1.47,23.7,44.7,0
AL,2025,5.2,0.264,0.139,1.33,15.6,1.47,23.7,44.7,0
AR,2015,5.42,0.264,0.142,2.09,15.1,1.41,21.5,36.7,0
AR,2016,5.48,0.203,0.14,1.98,14.7,1.42,21.5,36.7,0
AR,2017,5.41,0.205,0.144,2.16,15.0,1.42,21.5,36.7,0
AR,2018,5.46,0.184,0.145,2.04,14.9,1.41,21.5,36.7,0
AR,2019,5.39,0.172,0.137,2.08,14.7,1.41,21.5,36.7,0
AR,2020,5.41,0.222,0.143,2.09,14.8,1.42,21.5,36.7,0
AR,2021,5.46,0.172,0.143,2.05,15.0,1.43,21.5,36.7,0
AR,2022,5.47,0.199,0.14,2.11,14.9,1.43,21.5,36.7,0
AR,2023,5.46,0.183,0.145,2.03,15.0,1.42,21.5,36.7,0
AR,2024,5.45,0.211,0.14,2.13,15.2,1.42,21.5,36.7,0
AR,2025,5.44,0.207,0.141,1.97,14.6,1.41,21.5,36.7,0
AZ,2015,7.75,1.432,0.111,1.26,14.2,1.39,20.2,52.2,5
AZ,2016,7.71,1.416,0.106,1.22,14.0,1.38,20.2,52.2,5
AZ,2017,7.74,1.446,0.115,1.41,14.0,1.39,20.2,52.2,5
AZ,2018,7.76,1.357,0.106,1.27,14.3,1.39,20.2,52.2,5
AZ,2019,7.72,1.429,0.11,1.38,14.3,1.39,20.2,52.2,5
AZ,2020,7.76,1.445,0.107,1.4,14.0,1.39,20.2,52.2,5
AZ,2021,7.73,1.379,0.109,1.36,13.7,1.39,20.2,52.2,5
AZ,2022,7.74,1.455,0.11,1.26,14.2,1.4,20.2,52.2,5
AZ,2023,7.73,1.432,0.11,1.32,13.9,1.41,20.2,52.2,5
AZ,2024,7.81,1.41,0.111,1.29,14.2,1.39,20.2,52.2,5
AZ,2025,7.75,1.441,0.115,1.22,13.7,1.38,20.2,52.2,5
CA,2015,6.58,0.79,0.13,5.87,17.2,1.36,18.6,51.7,0
CA,2016,6.6,0.745,0.131,6.0,16.9,1.35,18.6,51.7,0
CA,2017,6.61,0.752,0.127,5.78,16.7,1.37,18.6,51.7,0
CA,2018,6.66,0.731,0.126,5.81,16.6,1.34,18.6,51.7,0
CA,2019,6.64,0.747,0.136,5.89,16.8,1.35,18.6,51.7,0
CA,2020,6.57,0.771,0.128,5.87,17.0,1.36,18.6,51.7,0
CA,2021,6.64,0.782,0.127,5.88,16.9,1.36,18.6,51.7,0
CA,2022,6.61,0.733,0.124,5.89,17.1,1.39,18.6,51.7,0
CA,2023,6.61,0.785,0.128,5.9,16.6,1.36,18.6,51.7,0
CA,2024,6.64,0.799,0.126,5.94,16.9,1.35,18.6,51.7,0
CA,2025,6.66,0.772,0.136,5.89,16.7,1.36,18.6,51.7,0
CO,2015,7.09,0.75,0.145,7.27,18.7,1.29,21.2,46.5,2
CO,2016,7.03,0.672,0.139,7.34,18.8,1.31,21.2,46.5,2
CO,2017,7.05,0.659,0.149,7.43,18.5,1.3,21.2,46.5,2
CO,2018,7.07,0.643,0.145,7.28,18.2,1.32,21.2,46.5,2
CO,2019,7.09,0.739,0.141,7.21,18.6,1.3,21.2,46.5,2
CO,2020,7.04,0.714,0.134,7.37,18.7,1.31,21.2,46.5,2
CO,2021,7.05,0.693,0.149,7.28,18.7,1.3,21.2,46.5,2
CO,2022,7.02,0.703,0.137,7.12,18.8,1.33,21.2,46.5,2
CO,2023,7.02,0.662,0.136,7.35,18.4,1.3,21.2,46.5,2
CO,2024,7.08,0.766,0.145,7.25,18.7,1.33,21.2,46.5,2
CO,2025,7.1,0.699,0.149,7.28,18.8,1.32,21.2,46.5,2
CT,2015,5.66,1.466,0.141,13.63,12.2,1.21,7.2,49.5,0
CT,2016,5.69,1.484,0.139,13.62,12.5,1.21,7.2,49.5,0
CT,2017,5.67,1.477,0.139,13.65,12.4,1.21,7.2,49.5,0
CT,2018,5.64,1.47,0.14,13.57,12.5,1.18,7.2,49.5,0
CT,2019,5.67,1.44,0.139,13.64,12.5,1.2,7.2,49.5,0
CT,2020,5.71,1.477,0.138,13.58,12.4,1.22,7.2,49.5,0
CT,2021,5.66,1.518,0.137,13.66,12.3,1.21,7.2,49.5,0
CT,2022,5.71,1.502,0.137,13.65,12.5,1.19,7.2,49.5,0
CT,2023,5.58,1.51,0.135,13.53,12.3,1.21,7.2,49.5,0
CT,2024,5.69,1.448,0.136,13.68,12.3,1.23,7.2,49.5,0
CT,2025,5.67,1.434,0.132,13.56,12.6,1.22,7.2,49.5,0
DE,2015,5.63,1.523,0.171,7.24,11.5,1.4,12.1,47.3,0
DE,2016,5.65,1.528,0.169,7.21,11.8,1.42,12.1,47.3,0
DE,2017,5.58,1.559,0.168,7.32,11.7,1.4,12.1,47.3,0
DE,2018,5.64,1.477,0.172,7.16,11.4,1.38,12.1,47.3,0
DE,2019,5.65,1.571,0.176,7.15,11.5,1.39,12.1,47.3,0
DE,2020,5.69,1.522,0.175,7.18,11.9,1.42,12.1,47.3,0
DE,2021,5.63,1.514,0.167,7.16,11.5,1.4,12.1,47.3,0
DE,2022,5.62,1.497,0.169,7.24,11.6,1.4,12.1,47.3,0
DE,2023,5.63,1.478,0.175,7.06,11.7,1.4,12.1,47.3,0
DE,2024,5.67,1.551,0.169,7.1,11.8,1.43,12.1,47.3,0
DE,2025,5.65,1.529,0.171,7.1,11.6,1.42,12.1,47.3,0
FL,2015,5.51,1.069,0.099,5.34,12.6,1.46,5.3,88.7,1
FL,2016,5.54,1.069,0.094,5.39,12.9,1.43,5.3,88.7,1
FL,2017,5.53,1.097,0.098,5.26,13.0,1.43,5.3,88.7,1
FL,2018,5.56,1.155,0.093,5.25,12.8,1.41,5.3,88.7,1
FL,2019,5.51,1.099,0.095,5.27,12.7,1.45,5.3,88.7,1
FL,2020,5.52,1.063,0.098,5.35,12.5,1.41,5.3,88.7,1
FL,2021,5.52,1.1,0.092,5.2,12.5,1.43,5.3,88.7,1
FL,2022,5.48,1.099,0.099,5.28,12.8,1.41,5.3,88.7,1
FL,2023,5.54,1.028,0.097,5.34,12.7,1.42,5.3,88.7,1
FL,2024,5.54,1.105,0.099,5.3,12.9,1.42,5.3,88.7,1
FL,2025,5.53,1.1,0.098,5.28,12.8,1.42,5.3,88.7,1
GA,2015,5.26,0.166,0.129,1.26,6.5,1.47,20.8,57.1,0
GA,2016,5.22,0.2,0.125,0.99,7.0,1.47,20.8,57.1,0
GA,2017,5.25,0.178,0.123,1.24,6.6,1.49,20.8,57.1,0
GA,2018,5.26,0.138,0.125,1.14,6.7,1.46,20.8,57.1,0
GA,2019,5.24,0.113,0.126,1.05,6.8,1.48,20.8,57.1,0
GA,2020,5.26,0.221,0.125,1.23,7.1,1.49,20.8,57.1,0
GA,2021,5.28,0.147,0.125,1.29,7.3,1.47,20.8,57.1,0
GA,2022,5.32,0.146,0.122,1.18,6.9,1.47,20.8,57.1,0
GA,2023,5.27,0.145,0.122,1.26,6.8,1.47,20.8,57.1,0
GA,2024,5.27,0.151,0.12,1.31,6.9,1.49,20.8,57.1,0
GA,2025,5.26,0.141,0.13,1.29,7.0,1.48,20.8,57.1,0
HI,2015,5.99,0.189,0.136,10.5,38.2,0.85,26.3,30.9,0
HI,2016,6.05,0.19,0.138,10.43,38.6,0.86,26.3,30.9,0
HI,2017,6.05,0.205,0.138,10.38,38.3,0.84,26.3,30.9,0
HI,2018,6.12,0.19,0.143,10.26,38.4,0.86,26.3,30.9,0
HI,2019,6.04,0.185,0.139,10.36,38.4,0.86,26.3,30.9,0
HI,2020,6.06,0.209,0.144,10.31,38.3,0.85,26.3,30.9,0
HI,2021,6.05,0.198,0.138,10.54,38.4,0.84,26.3,30.9,0
HI,2022,6.01,0.25,0.141,10.36,38.2,0.84,26.3,30.9,0
HI,2023,6.08,0.129,0.137,10.39,38.2,0.86,26.3,30.9,0
HI,2024,6.07,0.238,0.147,10.42,38.1,0.87,26.3,30.9,0
HI,2025,6.07,0.242,0.136,10.38,38.3,0.84,26.3,30.9,0
IA,2015,6.37,0.217,0.189,2.62,21.8,1.37,24.9,25.1,1
IA,2016,6.34,0.28,0.182,2.64,21.6,1.4,24.9,25.1,1
IA,2017,6.41,0.225,0.191,2.78,21.5,1.38,24.9,25.1,1
IA,2018,6.37,0.314,0.187,2.79,21.6,1.37,24.9,25.1,1
IA,2019,6.32,0.202,0.183,2.64,21.3,1.38,24.9,25.1,1
IA,2020,6.38,0.312,0.185,2.82,21.7,1.4,24.9,25.1,1
IA,2021,6.33,0.269,0.187,2.72,21.4,1.38,24.9,25.1,1
IA,2022,6.38,0.26,0.186,2.77,21.4,1.39,24.9,25.1,1
IA,2023,6.39,0.247,0.187,2.88,21.3,1.38,24.9,25.1,1
IA,2024,6.33,0.274,0.182,2.82,21.8,1.4,24.9,25.1,1
IA,2025,6.39,0.261,0.186,2.74,21.5,1.4,24.9,25.1,1
ID,2015,6.57,0.241,0.19,14.94,18.1,1.1,15.9,36.9,2
ID,2016,6.64,0.291,0.191,14.77,18.0,1.06,15.9,36.9,2
ID,2017,6.56,0.29,0.191,14.83,18.2,1.08,15.9,36.9,2
ID,2018,6.62,0.26,0.189,14.76,17.9,1.09,15.9,36.9,2
ID,2019,6.67,0.278,0.189,14.72,18.0,1.08,15.9,36.9,2
ID,2020,6.57,0.269,0.189,14.77,17.7,1.08,15.9,36.9,2
ID,2021,6.58,0.352,0.189,14.81,17.8,1.08,15.9,36.9,2
ID,2022,6.6,0.328,0.192,14.78,18.0,1.09,15.9,36.9,2
ID,2023,6.59,0.338,0.196,14.76,18.1,1.09,15.9,36.9,2
ID,2024,6.55,0.322,0.187,14.71,17.9,1.06,15.9,36.9,2
ID,2025,6.6,0.268,0.185,14.81,17.9,1.06,15.9,36.9,2
IL,2015,6.23,0.203,0.191,2.05,18.0,1.4,23.8,16.8,0
IL,2016,6.28,0.233,0.199,2.22,18.2,1.42,23.8,16.8,0
IL,2017,6.23,0.183,0.188,2.17,18.4,1.37,23.8,16.8,0
IL,2018,6.31,0.239,0.196,2.05,18.4,1.4,23.8,16.8,0
IL,2019,6.24,0.211,0.196,2.14,18.4,1.4,23.8,16.8,0
IL,2020,6.25,0.207,0.189,2.11,18.3,1.43,23.8,16.8,0
IL,2021,6.29,0.239,0.193,2.19,18.3,1.4,23.8,16.8,0
IL,2022,6.23,0.231,0.196,2.26,18.2,1.41,23.8,16.8,0
IL,2023,6.27,0.208,0.19,2.02,18.4,1.41,23.8,16.8,0
IL,2024,6.3,0.252,0.19,2.17,18.3,1.38,23.8,16.8,0
IL,2025,6.21,0.187,0.189,2.15,18.4,1.42,23.8,16.8,0
IN,2015,6.09,0.029,0.182,3.41,18.3,1.45,21.2,27.5,0
IN,2016,6.09,0.028,0.183,3.37,18.0,1.46,21.2,27.5,0
IN,2017,6.1,0.002,0.182,3.3,18.5,1.5,21.2,27.5,0
IN,2018,6.04,0.021,0.186,3.33,18.3,1.42,21.2,27.5,0
IN,2019,6.04,0.0,0.183,3.3,18.2,1.47,21.2,27.5,0
IN,2020,6.1,0.038,0.186,3.44,18.5,1.45,21.2,27.5,0
IN,2021,6.09,0.006,0.18,3.36,18.3,1.45,21.2,27.5,0
IN,2022,6.09,0.0,0.186,3.5,18.5,1.45,21.2,27.5,0
IN,2023,6.09,0.042,0.188,3.35,18.5,1.45,21.2,27.5,0
IN,2024,6.06,0.0,0.179,3.3,18.5,1.44,21.2,27.5,0
IN,2025,6.09,0.0,0.187,3.24,18.1,1.46,21.2,27.5,0
KS,2015,6.91,0.544,0.167,1.7,19.5,1.42,25.6,27.6,2
KS,2016,6.92,0.515,0.171,1.6,19.1,1.39,25.6,27.6,2
KS,2017,6.96,0.516,0.168,1.71,18.9,1.4,25.6,27.6,2
KS,2018,6.89,0.501,0.169,1.75,19.0,1.4,25.6,27.6,2
KS,2019,6.88,0.51,0.175,1.69,19.4,1.41,25.6,27.6,2
KS,2020,6.87,0.52,0.175,1.75,19.2,1.39,25.6,27.6,2
KS,2021,6.87,0.461,0.173,1.77,19.1,1.41,25.6,27.6,2
KS,2022,6.9,0.472,0.168,1.75,19.2,1.39,25.6,27.6,2
KS,2023,6.91,0.533,0.17,1.72,19.3,1.4,25.6,27.6,2
KS,2024,6.91,0.516,0.175,1.78,19.4,1.4,25.6,27.6,2
KS,2025,6.92,0.506,0.172,1.8,19.5,1.4,25.6,27.6,2
KY,2015,5.69,0.001,0.179,2.55,14.8,1.37,25.4,19.7,0
KY,2016,5.73,0.011,0.173,2.74,14.7,1.37,25.4,19.7,0
KY,2017,5.68,0.0,0.172,2.62,14.8,1.39,25.4,19.7,0
KY,2018,5.77,0.0,0.17,2.63,14.9,1.38,25.4,19.7,0
KY,2019,5.71,0.006,0.172,2.69,14.7,1.38,25.4,19.7,0
KY,2020,5.66,0.0,0.171,2.65,14.7,1.37,25.4,19.7,0
KY,2021,5.66,0.012,0.174,2.7,15.0,1.36,25.4,19.7,0
KY,2022,5.7,0.0,0.174,2.65,14.9,1.38,25.4,19.7,0
KY,2023,5.68,0.03,0.169,2.59,14.9,1.38,25.4,19.7,0
KY,2024,5.71,0.014,0.167,2.66,14.8,1.39,25.4,19.7,0
KY,2025,5.7,0.008,0.166,2.55,14.9,1.36,25.4,19.7,0
LA,2015,5.77,0.628,0.173,2.95,27.8,1.39,29.2,26.9,0
LA,2016,5.74,0.648,0.168,2.94,28.1,1.37,29.2,26.9,0
LA,2017,5.72,0.629,0.164,2.93,28.2,1.38,29.2,26.9,0
LA,2018,5.76,0.545,0.173,2.93,27.6,1.4,29.2,26.9,0
LA,2019,5.8,0.562,0.179,2.8,27.8,1.38,29.2,26.9,0
LA,2020,5.78,0.581,0.171,2.9,27.7,1.4,29.2,26.9,0
LA,2021,5.73,0.6,0.174,2.95,27.9,1.39,29.2,26.9,0
LA,2022,5.78,0.614,0.172,2.96,28.0,1.39,29.2,26.9,0
LA,2023,5.78,0.578,0.171,2.87,27.7,1.37,29.2,26.9,0
LA,2024,5.74,0.604,0.174,3.04,27.8,1.39,29.2,26.9,0
LA,2025,5.77,0.577,0.17,2.88,27.8,1.35,29.2,26.9,0
MA,2015,5.16,0.196,0.169,21.38,12.0,1.07,5.6,59.5,0
MA,2016,5.03,0.159,0.171,21.45,12.0,1.1,5.6,59.5,0
MA,2017,5.11,0.194,0.169,21.44,11.8,1.08,5.6,59.5,0
MA,2018,5.04,0.204,0.171,21.53,11.8,1.12,5.6,59.5,0
MA,2019,5.07,0.193,0.169,21.56,11.6,1.11,5.6,59.5,0
MA,2020,5.12,0.129,0.163,21.57,11.9,1.1,5.6,59.5,0
MA,2021,5.09,0.154,0.166,21.43,11.9,1.12,5.6,59.5,0
MA,2022,5.05,0.168,0.169,21.45,11.8,1.09,5.6,59.5,0
MA,2023,5.06,0.173,0.165,21.34,12.0,1.11,5.6,59.5,0
MA,2024,5.11,0.193,0.171,21.41,11.8,1.1,5.6,59.5,0
MA,2025,5.06,0.18,0.174,21.54,11.9,1.1,5.6,59.5,0
MD,2015,5.41,0.496,0.167,5.69,13.5,1.35,16.7,39.5,0
MD,2016,5.31,0.458,0.166,5.66,13.8,1.36,16.7,39.5,0
MD,2017,5.32,0.479,0.168,5.74,13.9,1.36,16.7,39.5,0
MD,2018,5.32,0.55,0.17,5.73,13.5,1.36,16.7,39.5,0
MD,2019,5.31,0.472,0.168,5.54,13.5,1.35,16.7,39.5,0
MD,2020,5.28,0.509,0.166,5.77,13.8,1.38,16.7,39.5,0
MD,2021,5.31,0.455,0.162,5.55,13.7,1.36,16.7,39.5,0
MD,2022,5.27,0.474,0.162,5.75,13.8,1.37,16.7,39.5,0
MD,2023,5.28,0.527,0.165,5.76,13.7,1.36,16.7,39.5,0
MD,2024,5.27,0.457,0.164,5.59,13.7,1.34,16.7,39.5,0
MD,2025,5.29,0.528,0.165,5.64,13.4,1.37,16.7,39.5,0
ME,2015,4.82,0.018,0.21,20.22,22.3,0.94,8.4,50.4,0
ME,2016,4.78,0.0,0.21,20.18,22.3,0.92,8.4,50.4,0
ME,2017,4.83,0.009,0.207,20.1,22.2,0.96,8.4,50.4,0
ME,2018,4.83,0.0,0.212,20.28,22.3,0.95,8.4,50.4,0
ME,2019,4.85,0.008,0.208,20.06,22.2,0.95,8.4,50.4,0
ME,2020,4.85,0.067,0.206,20.22,22.2,0.96,8.4,50.4,0
ME,2021,4.77,0.008,0.21,20.23,22.6,0.93,8.4,50.4,0
ME,2022,4.79,0.113,0.206,20.1,22.5,0.96,8.4,50.4,0
ME,2023,4.83,0.051,0.209,20.25,22.1,0.95,8.4,50.4,0
ME,2024,4.83,0.042,0.209,20.13,22.4,0.94,8.4,50.4,0
ME,2025,4.83,0.011,0.212,20.17,22.4,0.95,8.4,50.4,0
MI,2015,5.69,0.0,0.171,12.93,18.4,1.31,9.9,65.0,0
MI,2016,5.68,0.03,0.167,12.72,18.6,1.3,9.9,65.0,0
MI,2017,5.66,0.036,0.172,12.77,18.5,1.3,9.9,65.0,0
MI,2018,5.74,0.035,0.168,12.81,18.6,1.27,9.9,65.0,0
MI,2019,5.7,0.05,0.166,12.83,18.5,1.28,9.9,65.0,0
MI,2020,5.62,0.043,0.166,12.75,18.5,1.29,9.9,65.0,0
MI,2021,5.68,0.032,0.167,12.85,18.7,1.3,9.9,65.0,0
MI,2022,5.66,0.016,0.166,12.78,18.5,1.28,9.9,65.0,0
MI,2023,5.7,0.0,0.168,12.81,18.3,1.33,9.9,65.0,0
MI,2024,5.65,0.031,0.168,12.85,18.9,1.32,9.9,65.0,0
MI,2025,5.68,0.025,0.168,12.81,18.8,1.3,9.9,65.0,0
MN,2015,6.47,0.089,0.185,8.33,22.5,1.33,17.2,45.7,2
MN,2016,6.48,0.044,0.187,8.36,22.9,1.33,17.2,45.7,2
MN,2017,6.42,0.05,0.187,8.36,22.7,1.32,17.2,45.7,2
MN,2018,6.45,0.112,0.179,8.34,22.8,1.33,17.2,45.7,2
MN,2019,6.44,0.08,0.175,8.35,22.8,1.34,17.2,45.7,2
MN,2020,6.44,0.101,0.187,8.48,22.7,1.32,17.2,45.7,2
MN,2021,6.51,0.082,0.179,8.41,22.6,1.34,17.2,45.7,2
MN,2022,6.47,0.082,0.183,8.34,22.6,1.33,17.2,45.7,2
MN,2023,6.42,0.109,0.18,8.42,22.6,1.31,17.2,45.7,2
MN,2024,6.49,0.066,0.178,8.34,22.6,1.32,17.2,45.7,2
MN,2025,6.52,0.084,0.185,8.45,22.8,1.33,17.2,45.7,2
MO,2015,5.92,0.455,0.166,3.53,17.4,1.36,22.6,21.4,0
MO,2016,5.89,0.382,0.162,3.62,17.4,1.38,22.6,21.4,0
MO,2017,5.98,0.433,0.162,3.61,17.1,1.34,22.6,21.4,0
MO,2018,5.88,0.451,0.159,3.62,17.2,1.33,22.6,21.4,0
MO,2019,5.91,0.428,0.161,3.65,17.3,1.36,22.6,21.4,0
MO,2020,5.93,0.456,0.159,3.63,17.2,1.37,22.6,21.4,0
MO,2021,5.97,0.41,0.162,3.52,17.4,1.38,22.6,21.4,0
MO,2022,5.88,0.466,0.168,3.72,17.6,1.36,22.6,21.4,0
MO,2023,5.96,0.492,0.158,3.58,17.1,1.36,22.6,21.4,0
MO,2024,5.93,0.415,0.157,3.68,17.0,1.38,22.6,21.4,0
MO,2025,5.9,0.412,0.167,3.82,17.3,1.34,22.6,21.4,0
MS,2015,5.35,0.327,0.172,1.23,18.4,1.49,22.4,34.7,0
MS,2016,5.28,0.328,0.167,1.19,18.6,1.47,22.4,34.7,0
MS,2017,5.31,0.332,0.161,1.23,18.8,1.45,22.4,34.7,0
MS,2018,5.36,0.347,0.167,1.08,18.4,1.47,22.4,34.7,0
MS,2019,5.3,0.327,0.17,1.11,18.6,1.45,22.4,34.7,0
MS,2020,5.34,0.377,0.165,1.11,18.6,1.48,22.4,34.7,0
MS,2021,5.35,0.315,0.17,1.21,18.6,1.46,22.4,34.7,0
MS,2022,5.29,0.335,0.169,1.33,18.5,1.47,22.4,34.7,0
MS,2023,5.32,0.328,0.171,1.36,18.6,1.48,22.4,34.7,0
MS,2024,5.22,0.383,0.17,1.25,18.6,1.45,22.4,34.7,0
MS,2025,5.29,0.346,0.166,1.24,18.3,1.45,22.4,34.7,0
MT,2015,7.01,0.679,0.154,9.44,18.7,1.25,21.9,40.0,3
MT,2016,7.01,0.683,0.153,9.32,18.5,1.25,21.9,40.0,3
MT,2017,6.98,0.622,0.158,9.49,18.8,1.26,21.9,40.0,3
MT,2018,7.0,0.625,0.153,9.59,18.3,1.24,21.9,40.0,3
MT,2019,6.99,0.629,0.161,9.65,18.7,1.25,21.9,40.0,3
MT,2020,7.0,0.598,0.157,9.42,18.5,1.22,21.9,40.0,3
MT,2021,7.02,0.61,0.153,9.55,18.9,1.24,21.9,40.0,3
MT,2022,7.05,0.608,0.162,9.47,18.9,1.26,21.9,40.0,3
MT,2023,6.96,0.615,0.153,9.5,18.4,1.24,21.9,40.0,3
MT,2024,7.06,0.636,0.157,9.71,18.5,1.25,21.9,40.0,3
MT,2025,6.94,0.644,0.156,9.4,18.7,1.26,21.9,40.0,3
NC,2015,5.18,0.194,0.137,4.05,10.8,1.41,20.2,52.3,0
NC,2016,5.15,0.23,0.144,4.09,10.5,1.4,20.2,52.3,0
NC,2017,5.15,0.198,0.138,3.97,10.3,1.38,20.2,52.3,0
NC,2018,5.12,0.194,0.13,4.13,10.5,1.39,20.2,52.3,0
NC,2019,5.15,0.153,0.138,4.11,10.0,1.37,20.2,52.3,0
NC,2020,5.14,0.215,0.137,4.05,10.4,1.39,20.2,52.3,0
NC,2021,5.16,0.212,0.14,4.16,10.5,1.39,20.2,52.3,0
NC,2022,5.13,0.256,0.138,4.18,10.6,1.36,20.2,52.3,0
NC,2023,5.17,0.184,0.136,3.99,10.3,1.37,20.2,52.3,0
NC,2024,5.2,0.199,0.132,4.05,10.5,1.38,20.2,52.3,0
NC,2025,5.15,0.2,0.135,4.05,10.3,1.38,20.2,52.3,0
ND,2015,7.32,1.389,0.171,3.04,18.7,1.35,22.2,41.4,4
ND,2016,7.33,1.34,0.171,3.17,18.5,1.37,22.2,41.4,4
ND,2017,7.29,1.351,0.175,3.1,18.6,1.37,22.2,41.4,4
ND,2018,7.31,1.361,0.179,3.09,18.5,1.36,22.2,41.4,4
ND,2019,7.31,1.348,0.175,2.96,18.8,1.35,22.2,41.4,4
ND,2020,7.31,1.33,0.169,3.16,18.8,1.38,22.2,41.4,4
ND,2021,7.28,1.349,0.175,3.02,18.6,1.39,22.2,41.4,4
ND,2022,7.31,1.374,0.177,3.12,18.7,1.36,22.2,41.4,4
ND,2023,7.32,1.313,0.171,3.13,18.4,1.36,22.2,41.4,4
ND,2024,7.35,1.347,0.173,3.21,18.6,1.37,22.2,41.4,4
ND,2025,7.33,1.323,0.173,3.02,18.6,1.36,22.2,41.4,4
NE,2015,7.04,0.596,0.168,2.11,16.0,1.41,18.7,43.1,2
NE,2016,7.07,0.522,0.169,2.13,16.0,1.42,18.7,43.1,2
NE,2017,7.06,0.579,0.164,2.17,16.0,1.4,18.7,43.1,2
NE,2018,7.03,0.544,0.162,2.1,15.7,1.41,18.7,43.1,2
NE,2019,7.04,0.549,0.166,2.12,16.0,1.42,18.7,43.1,2
NE,2020,7.03,0.57,0.162,2.06,15.9,1.42,18.7,43.1,2
NE,2021,7.03,0.518,0.171,2.11,15.9,1.41,18.7,43.1,2
NE,2022,7.07,0.562,0.165,2.07,16.3,1.42,18.7,43.1,2
NE,2023,7.06,0.556,0.163,2.14,15.8,1.42,18.7,43.1,2
NE,2024,7.03,0.565,0.165,2.07,16.2,1.39,18.7,43.1,2
NE,2025,7.08,0.559,0.16,2.12,16.0,1.43,18.7,43.1,2
NH,2015,4.91,0.21,0.193,20.81,12.3,1.02,5.4,59.1,0
NH,2016,4.89,0.245,0.194,20.75,12.3,1.03,5.4,59.1,0
NH,2017,4.88,0.232,0.199,20.73,12.6,1.04,5.4,59.1,0
NH,2018,4.92,0.182,0.196,20.75,12.6,1.03,5.4,59.1,0
NH,2019,4.92,0.271,0.196,20.77,12.6,1.03,5.4,59.1,0
NH,2020,4.92,0.278,0.201,20.78,12.5,1.03,5.4,59.1,0
NH,2021,4.93,0.208,0.192,20.77,12.5,1.02,5.4,59.1,0
NH,2022,4.89,0.215,0.197,20.74,12.6,1.04,5.4,59.1,0
NH,2023,4.91,0.234,0.195,20.72,12.5,1.06,5.4,59.1,0
NH,2024,4.88,0.236,0.195,20.72,12.1,1.03,5.4,59.1,0
NH,2025,4.9,0.245,0.199,20.72,12.5,1.04,5.4,59.1,0
NJ,2015,5.14,0.751,0.167,10.14,21.4,1.27,13.6,50.5,0
NJ,2016,5.15,0.687,0.167,10.1,21.6,1.25,13.6,50.5,0
NJ,2017,5.16,0.669,0.169,9.83,22.1,1.29,13.6,50.5,0
NJ,2018,5.12,0.652,0.164,10.1,21.6,1.27,13.6,50.5,0
NJ,2019,5.21,0.671,0.163,10.07,21.5,1.29,13.6,50.5,0
NJ,2020,5.12,0.691,0.162,10.05,21.7,1.26,13.6,50.5,0
NJ,2021,5.11,0.745,0.159,10.02,21.7,1.29,13.6,50.5,0
NJ,2022,5.18,0.677,0.172,10.14,21.6,1.27,13.6,50.5,0
NJ,2023,5.17,0.699,0.162,10.12,21.7,1.27,13.6,50.5,0
NJ,2024,5.17,0.692,0.165,9.99,21.9,1.27,13.6,50.5,0
NJ,2025,5.17,0.727,0.165,10.08,21.4,1.26,13.6,50.5,0
NM,2015,7.54,1.863,0.134,3.11,16.2,1.41,21.6,49.3,5
NM,2016,7.51,1.773,0.136,3.08,16.0,1.39,21.6,49.3,5
NM,2017,7.54,1.775,0.136,3.13,16.2,1.36,21.6,49.3,5
NM,2018,7.52,1.819,0.131,3.25,16.0,1.38,21.6,49.3,5
NM,2019,7.57,1.809,0.132,3.25,16.1,1.39,21.6,49.3,5
NM,2020,7.53,1.843,0.134,3.22,16.1,1.39,21.6,49.3,5
NM,2021,7.51,1.806,0.132,3.23,16.3,1.39,21.6,49.3,5
NM,2022,7.53,1.778,0.138,3.22,16.3,1.41,21.6,49.3,5
NM,2023,7.55,1.806,0.135,3.13,15.9,1.37,21.6,49.3,5
NM,2024,7.52,1.821,0.135,3.21,16.1,1.39,21.6,49.3,5
NM,2025,7.51,1.813,0.135,3.24,16.0,1.37,21.6,49.3,5
NV,2015,7.86,2.545,0.111,1.49,15.9,1.4,19.4,48.6,6
NV,2016,7.88,2.455,0.118,1.57,16.1,1.41,19.4,48.6,6
NV,2017,7.87,2.458,0.112,1.49,16.0,1.42,19.4,48.6,6
NV,2018,7.83,2.455,0.111,1.36,16.1,1.39,19.4,48.6,6
NV,2019,7.84,2.457,0.116,1.58,16.1,1.4,19.4,48.6,6
NV,2020,7.88,2.455,0.118,1.42,15.9,1.4,19.4,48.6,6
NV,2021,7.87,2.508,0.117,1.44,15.9,1.39,19.4,48.6,6
NV,2022,7.85,2.515,0.118,1.45,15.8,1.43,19.4,48.6,6
NV,2023,7.86,2.457,0.112,1.59,15.8,1.39,19.4,48.6,6
NV,2024,7.89,2.449,0.11,1.33,16.5,1.4,19.4,48.6,6
NV,2025,7.84,2.487,0.119,1.72,16.2,1.41,19.4,48.6,6
NY,2015,5.48,0.102,0.187,14.23,27.7,1.15,13.5,44.4,0
NY,2016,5.48,0.119,0.184,14.26,27.9,1.14,13.5,44.4,0
NY,2017,5.46,0.122,0.18,14.22,27.9,1.15,13.5,44.4,0
NY,2018,5.46,0.128,0.185,14.2,28.3,1.13,13.5,44.4,0
NY,2019,5.48,0.106,0.182,14.25,28.0,1.16,13.5,44.4,0
NY,2020,5.43,0.082,0.182,14.17,27.7,1.15,13.5,44.4,0
NY,2021,5.43,0.092,0.186,14.11,27.8,1.15,13.5,44.4,0
NY,2022,5.45,0.123,0.188,14.16,28.1,1.14,13.5,44.4,0
NY,2023,5.47,0.064,0.184,14.12,28.3,1.15,13.5,44.4,0
NY,2024,5.48,0.098,0.185,14.12,27.6,1.13,13.5,44.4,0
NY,2025,5.52,0.076,0.189,14.16,27.6,1.15,13.5,44.4,0
OH,2015,5.91,0.037,0.166,2.7,18.3,1.41,24.9,25.7,0
OH,2016,5.82,0.0,0.17,2.94,17.7,1.42,24.9,25.7,0
OH,2017,5.87,0.0,0.168,3.06,18.1,1.39,24.9,25.7,0
OH,2018,5.85,0.013,0.17,3.02,18.0,1.43,24.9,25.7,0
OH,2019,5.91,0.047,0.165,2.94,17.9,1.41,24.9,25.7,0
OH,2020,5.82,0.0,0.167,2.89,18.2,1.41,24.9,25.7,0
OH,2021,5.82,0.0,0.171,2.99,17.9,1.41,24.9,25.7,0
OH,2022,5.83,0.057,0.167,2.85,17.9,1.41,24.9,25.7,0
OH,2023,5.78,0.0,0.174,2.96,17.9,1.39,24.9,25.7,0
OH,2024,5.83,0.0,0.167,2.96,18.1,1.43,24.9,25.7,0
OH,2025,5.83,0.014,0.169,3.01,18.1,1.41,24.9,25.7,0
OK,2015,6.7,0.493,0.151,1.48,14.2,1.49,22.0,42.8,1
OK,2016,6.7,0.478,0.144,1.31,14.1,1.49,22.0,42.8,1
OK,2017,6.75,0.528,0.143,1.24,14.3,1.47,22.0,42.8,1
OK,2018,6.72,0.515,0.144,1.28,14.2,1.49,22.0,42.8,1
OK,2019,6.67,0.491,0.152,1.15,14.3,1.48,22.0,42.8,1
OK,2020,6.66,0.47,0.147,1.23,14.5,1.49,22.0,42.8,1
OK,2021,6.71,0.533,0.157,1.25,14.2,1.45,22.0,42.8,1
OK,2022,6.65,0.526,0.147,1.24,14.3,1.48,22.0,42.8,1
OK,2023,6.75,0.505,0.149,1.29,14.3,1.47,22.0,42.8,1
OK,2024,6.73,0.561,0.153,1.22,14.4,1.49,22.0,42.8,1
OK,2025,6.68,0.476,0.155,1.36,13.9,1.49,22.0,42.8,1
OR,2015,6.19,0.13,0.188,16.72,21.0,0.96,19.8,37.9,0
OR,2016,6.29,0.155,0.186,16.72,21.2,0.96,19.8,37.9,0
OR,2017,6.24,0.174,0.185,16.7,21.4,0.97,19.8,37.9,0
OR,2018,6.28,0.182,0.184,16.73,21.1,0.96,19.8,37.9,0
OR,2019,6.2,0.168,0.184,16.78,20.8,0.98,19.8,37.9,0
OR,2020,6.23,0.185,0.18,16.66,21.2,0.97,19.8,37.9,0
OR,2021,6.25,0.138,0.179,16.67,21.0,0.94,19.8,37.9,0
OR,2022,6.25,0.217,0.182,16.7,20.9,0.97,19.8,37.9,0
OR,2023,6.23,0.173,0.181,16.62,21.0,0.96,19.8,37.9,0
OR,2024,6.26,0.208,0.18,16.66,21.1,0.95,19.8,37.9,0
OR,2025,6.21,0.185,0.184,16.69,21.0,0.96,19.8,37.9,0
PA,2015,5.24,0.018,0.143,8.32,14.2,1.25,19.5,32.0,0
PA,2016,5.25,0.021,0.14,8.28,14.7,1.27,19.5,32.0,0
PA,2017,5.26,0.018,0.145,8.27,14.8,1.26,19.5,32.0,0
PA,2018,5.27,0.023,0.137,8.32,14.7,1.24,19.5,32.0,0
PA,2019,5.21,0.043,0.14,8.25,14.4,1.26,19.5,32.0,0
PA,2020,5.2,0.01,0.138,8.29,14.5,1.25,19.5,32.0,0
PA,2021,5.29,0.025,0.134,8.25,14.6,1.24,19.5,32.0,0
PA,2022,5.26,0.002,0.14,8.28,14.7,1.24,19.5,32.0,0
PA,2023,5.23,0.046,0.14,8.22,14.7,1.23,19.5,32.0,0
PA,2024,5.29,0.0,0.145,8.08,14.4,1.25,19.5,32.0,0
PA,2025,5.25,0.057,0.142,8.25,14.6,1.25,19.5,32.0,0
RI,2015,5.69,2.894,0.152,14.94,8.8,1.2,5.4,57.6,0
RI,2016,5.65,2.853,0.161,14.9,9.0,1.19,5.4,57.6,0
RI,2017,5.71,2.898,0.159,14.91,8.9,1.18,5.4,57.6,0
RI,2018,5.7,2.875,0.157,14.93,8.9,1.2,5.4,57.6,0
RI,2019,5.64,2.919,0.154,14.84,8.8,1.18,5.4,57.6,0
RI,2020,5.68,2.876,0.152,14.85,9.0,1.21,5.4,57.6,0
RI,2021,5.67,2.882,0.154,14.79,8.8,1.18,5.4,57.6,0
RI,2022,5.69,2.84,0.158,14.81,8.6,1.19,5.4,57.6,0
RI,2023,5.62,2.881,0.161,14.88,9.0,1.18,5.4,57.6,0
RI,2024,5.67,2.824,0.16,14.93,8.9,1.19,5.4,57.6,0
RI,2025,5.68,2.848,0.153,14.83,8.7,1.21,5.4,57.6,0
SC,2015,5.24,0.108,0.115,1.17,7.1,1.47,20.3,60.1,0
SC,2016,5.26,0.108,0.119,1.21,7.2,1.47,20.3,60.1,0
SC,2017,5.24,0.098,0.113,1.25,7.2,1.47,20.3,60.1,0
SC,2018,5.29,0.057,0.119,1.1,7.2,1.45,20.3,60.1,0
SC,2019,5.32,0.084,0.118,1.03,7.2,1.46,20.3,60.1,0
SC,2020,5.34,0.085,0.117,1.17,7.4,1.45,20.3,60.1,0
SC,2021,5.3,0.051,0.113,1.12,7.3,1.48,20.3,60.1,0
SC,2022,5.35,0.129,0.12,1.17,7.2,1.44,20.3,60.1,0
SC,2023,5.26,0.111,0.117,1.2,7.3,1.47,20.3,60.1,0
SC,2024,5.25,0.079,0.114,1.17,7.0,1.47,20.3,60.1,0
SC,2025,5.3,0.086,0.109,1.31,7.2,1.48,20.3,60.1,0
SD,2015,7.25,1.372,0.17,3.3,21.3,1.32,26.7,32.5,4
SD,2016,7.23,1.306,0.175,3.3,21.0,1.33,26.7,32.5,4
SD,2017,7.17,1.359,0.175,3.32,20.9,1.35,26.7,32.5,4
SD,2018,7.23,1.346,0.168,3.19,20.9,1.32,26.7,32.5,4
SD,2019,7.2,1.337,0.168,3.36,20.8,1.3,26.7,32.5,4
SD,2020,7.26,1.358,0.171,3.27,20.9,1.3,26.7,32.5,4
SD,2021,7.25,1.418,0.166,3.33,20.9,1.33,26.7,32.5,4
SD,2022,7.21,1.385,0.171,3.2,20.8,1.3,26.7,32.5,4
SD,2023,7.22,1.349,0.172,3.16,21.0,1.32,26.7,32.5,4
SD,2024,7.2,1.383,0.174,3.34,21.2,1.33,26.7,32.5,4
SD,2025,7.23,1.407,0.169,3.31,20.8,1.33,26.7,32.5,4
TN,2015,5.36,0.051,0.16,1.75,15.4,1.42,25.2,26.0,0
TN,2016,5.3,0.025,0.158,1.75,15.3,1.41,25.2,26.0,0
TN,2017,5.35,0.005,0.158,1.9,15.4,1.43,25.2,26.0,0
TN,2018,5.32,0.044,0.16,1.73,15.1,1.4,25.2,26.0,0
TN,2019,5.31,0.035,0.162,1.94,15.3,1.4,25.2,26.0,0
TN,2020,5.33,0.05,0.163,1.75,15.0,1.4,25.2,26.0,0
TN,2021,5.3,0.042,0.158,1.86,15.3,1.42,25.2,26.0,0
TN,2022,5.32,0.054,0.165,1.79,15.2,1.42,25.2,26.0,0
TN,2023,5.3,0.008,0.16,1.86,15.3,1.42,25.2,26.0,0
TN,2024,5.39,0.062,0.16,1.78,15.0,1.43,25.2,26.0,0
TN,2025,5.34,0.029,0.158,1.81,15.0,1.39,25.2,26.0,0
TX,2015,7.07,1.277,0.126,1.39,18.7,1.46,26.4,45.3,7
TX,2016,7.1,1.196,0.137,1.31,18.4,1.46,26.4,45.3,7
TX,2017,7.09,1.267,0.136,1.44,18.6,1.45,26.4,45.3,7
TX,2018,7.09,1.222,0.133,1.35,18.3,1.46,26.4,45.3,7
TX,2019,7.11,1.197,0.134,1.37,18.7,1.42,26.4,45.3,7
TX,2020,7.12,1.202,0.136,1.31,18.3,1.43,26.4,45.3,7
TX,2021,7.08,1.207,0.129,1.19,18.6,1.43,26.4,45.3,7
TX,2022,7.08,1.228,0.132,1.37,18.7,1.45,26.4,45.3,7
TX,2023,7.08,1.231,0.137,1.56,18.4,1.43,26.4,45.3,7
TX,2024,7.02,1.199,0.13,1.44,18.7,1.45,26.4,45.3,7
TX,2025,7.05,1.215,0.135,1.38,18.6,1.46,26.4,45.3,7
UT,2015,7.77,1.837,0.124,3.39,15.2,1.36,20.3,45.9,8
UT,2016,7.77,1.824,0.129,3.41,15.2,1.35,20.3,45.9,8
UT,2017,7.72,1.787,0.128,3.45,15.0,1.34,20.3,45.9,8
UT,2018,7.74,1.775,0.123,3.32,15.4,1.34,20.3,45.9,8
UT,2019,7.73,1.777,0.132,3.49,15.1,1.37,20.3,45.9,8
UT,2020,7.82,1.792,0.126,3.46,15.3,1.36,20.3,45.9,8
UT,2021,7.76,1.744,0.125,3.46,15.3,1.35,20.3,45.9,8
UT,2022,7.72,1.766,0.129,3.44,15.4,1.34,20.3,45.9,8
UT,2023,7.69,1.725,0.132,3.41,15.3,1.32,20.3,45.9,8
UT,2024,7.68,1.786,0.125,3.46,15.3,1.34,20.3,45.9,8
UT,2025,7.73,1.793,0.128,3.45,15.5,1.37,20.3,45.9,8
VA,2015,5.25,0.19,0.138,2.5,9.3,1.38,22.8,40.2,0
VA,2016,5.2,0.183,0.143,2.27,9.3,1.37,22.8,40.2,0
VA,2017,5.23,0.118,0.147,2.33,8.9,1.36,22.8,40.2,0
VA,2018,5.21,0.207,0.141,2.38,9.2,1.37,22.8,40.2,0
VA,2019,5.19,0.205,0.138,2.27,9.3,1.34,22.8,40.2,0
VA,2020,5.26,0.146,0.14,2.38,9.1,1.37,22.8,40.2,0
VA,2021,5.29,0.176,0.145,2.52,9.3,1.37,22.8,40.2,0
VA,2022,5.19,0.179,0.139,2.39,9.4,1.38,22.8,40.2,0
VA,2023,5.25,0.172,0.138,2.41,9.3,1.38,22.8,40.2,0
VA,2024,5.21,0.148,0.139,2.3,9.1,1.37,22.8,40.2,0
VA,2025,5.22,0.145,0.138,2.35,9.3,1.37,22.8,40.2,0
VT,2015,5.11,0.0,0.203,17.4,20.2,1.04,7.4,56.1,0
VT,2016,5.09,0.046,0.204,17.39,20.1,1.06,7.4,56.1,0
VT,2017,5.11,0.0,0.202,17.44,20.2,1.07,7.4,56.1,0
VT,2018,5.1,0.0,0.2,17.54,19.8,1.04,7.4,56.1,0
VT,2019,5.19,0.007,0.199,17.34,20.2,1.06,7.4,56.1,0
VT,2020,5.16,0.031,0.202,17.32,20.2,1.07,7.4,56.1,0
VT,2021,5.13,0.049,0.198,17.44,19.9,1.05,7.4,56.1,0
VT,2022,5.18,0.0,0.192,17.43,20.1,1.09,7.4,56.1,0
VT,2023,5.14,0.032,0.203,17.44,20.1,1.03,7.4,56.1,0
VT,2024,5.11,0.0,0.204,17.45,20.1,1.07,7.4,56.1,0
VT,2025,5.18,0.0,0.194,17.41,20.2,1.05,7.4,56.1,0
WA,2015,6.22,0.142,0.17,10.58,19.5,1.03,12.4,46.2,0
WA,2016,6.22,0.177,0.175,10.58,19.5,1.03,12.4,46.2,0
WA,2017,6.24,0.158,0.171,10.7,19.5,1.05,12.4,46.2,0
WA,2018,6.22,0.131,0.169,10.65,19.8,1.06,12.4,46.2,0
WA,2019,6.25,0.165,0.169,10.52,19.4,1.04,12.4,46.2,0
WA,2020,6.24,0.059,0.165,10.62,19.8,1.04,12.4,46.2,0
WA,2021,6.23,0.176,0.172,10.64,19.6,1.03,12.4,46.2,0
WA,2022,6.21,0.091,0.169,10.69,19.3,1.05,12.4,46.2,0
WA,2023,6.22,0.132,0.169,10.72,19.6,1.05,12.4,46.2,0
WA,2024,6.27,0.11,0.18,10.53,19.2,1.06,12.4,46.2,0
WA,2025,6.26,0.104,0.17,10.55,19.6,1.03,12.4,46.2,0
WI,2015,5.86,0.068,0.181,7.99,18.1,1.37,12.3,48.8,0
WI,2016,5.82,0.049,0.183,7.84,18.2,1.38,12.3,48.8,0
WI,2017,5.87,0.014,0.182,7.82,18.5,1.36,12.3,48.8,0
WI,2018,5.8,0.014,0.178,7.81,18.6,1.37,12.3,48.8,0
WI,2019,5.85,0.015,0.178,7.82,18.4,1.34,12.3,48.8,0
WI,2020,5.81,0.085,0.184,7.94,18.1,1.38,12.3,48.8,0
WI,2021,5.83,0.036,0.179,7.67,18.6,1.35,12.3,48.8,0
WI,2022,5.85,0.037,0.179,7.95,18.2,1.39,12.3,48.8,0
WI,2023,5.82,0.054,0.177,7.73,18.2,1.37,12.3,48.8,0
WI,2024,5.84,0.031,0.182,7.82,18.3,1.37,12.3,48.8,0
WI,2025,5.88,0.017,0.187,7.8,18.5,1.36,12.3,48.8,0
WV,2015,5.13,0.035,0.138,12.37,20.0,1.18,21.0,29.2,0
WV,2016,5.16,0.0,0.139,12.45,19.7,1.19,21.0,29.2,0
WV,2017,5.18,0.011,0.144,12.5,19.9,1.19,21.0,29.2,0
WV,2018,5.1,0.0,0.141,12.54,20.2,1.18,21.0,29.2,0
WV,2019,5.17,0.015,0.136,12.46,19.7,1.17,21.0,29.2,0
WV,2020,5.13,0.003,0.143,12.44,19.6,1.19,21.0,29.2,0
WV,2021,5.17,0.0,0.138,12.48,20.1,1.19,21.0,29.2,0
WV,2022,5.13,0.03,0.146,12.4,20.2,1.17,21.0,29.2,0
WV,2023,5.1,0.0,0.144,12.62,19.8,1.2,21.0,29.2,0
WV,2024,5.11,0.0,0.139,12.35,20.0,1.2,21.0,29.2,0
WV,2025,5.16,0.0,0.145,12.48,20.1,1.18,21.0,29.2,0
WY,2015,7.43,1.099,0.148,5.02,17.1,1.34,22.0,47.9,3
WY,2016,7.47,1.102,0.151,4.86,17.0,1.36,22.0,47.9,3
WY,2017,7.41,1.103,0.156,5.01,17.1,1.31,22.0,47.9,3
WY,2018,7.46,1.126,0.151,5.13,17.0,1.36,22.0,47.9,3
WY,2019,7.49,1.106,0.152,4.87,17.1,1.34,22.0,47.9,3
WY,2020,7.37,1.126,0.148,4.99,16.5,1.32,22.0,47.9,3
WY,2021,7.42,1.102,0.152,4.93,16.9,1.33,22.0,47.9,3
WY,2022,7.47,1.107,0.15,5.01,17.0,1.36,22.0,47.9,3
WY,2023,7.44,1.046,0.154,4.98,16.8,1.33,22.0,47.9,3
WY,2024,7.46,1.131,0.155,4.93,17.0,1.33,22.0,47.9,3
WY,2025,7.43,1.115,0.159,5.01,16.9,1.35,22.0,47.9,3
