ADM1_NAME,ADM2_NAME,NDVI_Month_1,NDVI_Month_2,NDVI_Month_3,NDVI_Month_4,NDVI_Month_5,NDVI_Month_6,NDVI_Month_7,NDVI_Month_8,NDVI_Month_9,NDVI_Month_10,NDVI_Month_11,NDVI_Month_12,NDVI_early,NDVI_mid,NDVI_late,NDVI_std,NDVI_prev_season
Barisal,Barisal,0.4695001468654929,0.49069734129720294,0.5266822974500289,0.5236327096753893,0.43165980561879014,0.42731410633072,0.5042752838137254,0.5009170112569521,0.5195360817539716,0.6495909820418134,0.6122091127730966,0.4712937073635317,0.4905598022440132,0.46295652342425836,0.5252701879465961,0.1272939595425023,0.46993964170106484
Barisal,Bhola,0.40894309251929817,0.4006038117057785,0.4134055800593035,0.4079448944168571,0.3469682077526876,0.33144124567562994,0.4362554112363132,0.36493243945673914,0.4819693850135392,0.613642968852074,0.5787009494642548,0.3857264693300019,0.37142537187943825,0.3578585766383424,0.4421831897915138,0.12266833602114788,0.3548815136701906
Barisal,Jhalokati,0.5172441526448517,0.5307419265336851,0.5918776904745635,0.6013461782065573,0.5915150319081957,0.5556162139706045,0.6093147855605535,0.5742194881457896,0.6162729570937393,0.7630927287182836,0.7455652189485399,0.5890477099403465,0.5599994995322111,0.582565755534609,0.6653874274440017,0.12768531602269245,0.583124067577353
Barisal,Patuakhali,0.3850180996531678,0.3696605492259212,0.43463644663435846,0.4831995694776004,0.4371184733037267,0.40033131335246924,0.46567894775967084,0.41029380813888144,0.5583437379590079,0.6952606704632099,0.6686099215729517,0.4717632997736285,0.41447854763868647,0.42661993851401614,0.5741496024420206,0.14942065555083406,0.43928129157145285
Barisal,Pirojpur,0.515138307516034,0.5383718504719301,0.5764489769106264,0.5629009771873854,0.5086891294218909,0.518686550200408,0.580819132454343,0.5465652915535805,0.5958689562088125,0.7328914419308868,0.6991330920596396,0.5608384550599027,0.5476834409557956,0.5378917449588196,0.6320047875701345,0.1301186761547475,0.5436275183010179
Chittagong,Bandarban,0.7907466336626936,0.7134717101455155,0.6139115036260904,0.6092404387781282,0.7132519205561861,0.6959113448645268,0.8065330014841897,0.7829525067672587,0.8459600850723058,0.8677042215693366,0.8524577227594036,0.8176269520171152,0.6818425715531096,0.7496644980250704,0.8428284128872221,0.12969278098279655,0.7107250545125808
Chittagong,Brahamanbaria,0.4609748713740724,0.5850634251080703,0.6530491569522233,0.5448915610010227,0.3586319092433925,0.34026328969696845,0.43606311620067895,0.4348583810502722,0.5466234427871324,0.6053631846744684,0.536721872882218,0.40764919527276516,0.5610137241139369,0.390944446999581,0.49968848682904954,0.17821189172791935,0.5007508839581013
Chittagong,Chandpur,0.5375675040969546,0.5698468985202438,0.5692571989100993,0.5120944995729447,0.4564145854797855,0.4116913009794354,0.5663760226289004,0.5232195360986996,0.562788241974993,0.6812754635128238,0.6109179437427879,0.45840166006092975,0.530349102178463,0.48527198289111,0.525535774020768,0.13329687287523706,0.49454922790518
Chittagong,Chittagong,0.5849873826382793,0.5571749399897874,0.5685565829718,0.5607441768611429,0.6247247558026925,0.5526576349001022,0.6548458571253608,0.6619623566935325,0.7440656193233647,0.7811966327733205,0.6931865361967905,0.5954536235266985,0.5666755152119779,0.6221770135998163,0.689850038487787,0.1245292837684187,0.5791373612361111
Chittagong,Comilla,0.5438106834973415,0.5782952102441307,0.6448740303134163,0.588709395976051,0.4982221740830094,0.509879024964701,0.6455288622328809,0.5832714137925634,0.646290493063233,0.7210923176191942,0.632654905858341,0.49628876780047404,0.5889219805800283,0.5590493203046882,0.609650377336392,0.13891909248304846,0.5608104299251978
Chittagong,Cox's Bazar,0.5546083103136197,0.5455032193774288,0.5562235427996705,0.5193703202239276,0.480393583792711,0.4934584234186891,0.5812990589437723,0.5679653982900977,0.7053857104975265,0.7413369539954423,0.6583630938140335,0.571840562154692,0.5360857688151601,0.5184223911579096,0.646159561167875,0.13418869656796878,0.5304606335533475
Chittagong,Feni,0.5402654956486793,0.5410606609551172,0.6080247979341058,0.5704076690632585,0.6198598647560895,0.5270466099180744,0.6027238978300882,0.6814984341536776,0.7429442861290237,0.7818996735740699,0.6522922846818316,0.5201467147762134,0.5645851684004838,0.607402594892684,0.6581706954673829,0.13467975423032238,0.5613052959038503
Chittagong,Khagrachhari,0.7350543472595765,0.6780963771227074,0.6065110063693466,0.6126826645238643,0.7046509710891314,0.644788985982292,0.7635232313547025,0.7807528774935657,0.8099291295159445,0.8519413478030692,0.8108993904219367,0.740324458943729,0.6580860988188773,0.7234262003121827,0.7963207837517773,0.12771006283852235,0.693084980543071
Chittagong,Lakshmipur,0.5012541213539381,0.465234267637026,0.5251389749948074,0.5172088129751938,0.40063714546305407,0.4121753840084681,0.5059371004497273,0.504122301304315,0.6205317135552249,0.6742374636100583,0.6352708958511081,0.4674040635446205,0.4829095801374363,0.4496028937242585,0.5486682953131427,0.13025171060682847,0.45341519300776384
Chittagong,Noakhali,0.5350619992638765,0.5434313287918984,0.5689871090013682,0.5026890605224782,0.5015536631964926,0.41511470548729845,0.5791385145187452,0.5825421253657175,0.6701747082458623,0.7384989400560489,0.6364302067659579,0.5036898404756618,0.5301396225119662,0.5153902981954598,0.6130271311071217,0.14307434956757747,0.5158681378996872
Chittagong,Rangamati,0.753374871951439,0.6729377035482426,0.59142239062967,0.5904212476377412,0.6380830365782266,0.6585018422194736,0.7657733506556735,0.749973121423889,0.8026041146690329,0.8190921500443369,0.8120821917880713,0.7709627494189863,0.650317671878983,0.7026790215110253,0.7960557855019296,0.1336093690217888,0.6851468253332378
Dhaka,Dhaka,0.471932955092888,0.4715287307438477,0.5007173390504942,0.49855489483569004,0.3719511459013479,0.4329043099201827,0.5020814562583512,0.5058198361075285,0.5360392301992838,0.5538362113978741,0.49342448089153707,0.44453220614799305,0.48474352727316283,0.4531065253362464,0.4944511294225561,0.12061083027242103,0.4660787857482673
Dhaka,Faridpur,0.5314691041218551,0.5449574333481131,0.525471116112632,0.5229217463747221,0.5623451001328782,0.5310179674980248,0.5121516093879629,0.5434331809788222,0.6253189754222994,0.6384705317474677,0.5352162502470507,0.47242032070305656,0.5304533460827299,0.5370875791536021,0.5549290088899707,0.13250808667715583,0.5138867107600692
Dhaka,Gazipur,0.52698277006235,0.5651448229011018,0.5857790384778874,0.5823399429930188,0.44907170584733846,0.4874101293297519,0.601851360106315,0.5794898924921743,0.6611601499251768,0.7057728499688884,0.6512932249487684,0.5421032071323274,0.5650616436085876,0.5294325726732948,0.6304986707215173,0.14491813746899904,0.553250979073687
Dhaka,Gopalganj,0.553103172279733,0.6065073429091975,0.6696107390936833,0.6293889474840063,0.4850929524291482,0.5786362419388662,0.6329851541862821,0.6219168031948877,0.6647051546343661,0.685772094768549,0.6206248832035626,0.49401882014228393,0.6146558690942001,0.5796560801987223,0.6063542764300537,0.12887818560346778,0.5689942716867661
Dhaka,Jamalpur,0.46255848700996055,0.4666872989525905,0.6046276831520957,0.5426016152451015,0.41491779852905286,0.3703552050795414,0.466049557946447,0.5166233344119736,0.5815576224225372,0.6828383685589765,0.5702123130640878,0.49157507905121045,0.5190224756269235,0.44200011227939656,0.5637450770927134,0.15951623936062728,0.5042751181399857
Dhaka,Kishoreganj,0.44585505511191237,0.6204596983037001,0.6718806894945034,0.538401581549111,0.2339280916528103,0.17975908454541045,0.2886739279952012,0.29323859178682604,0.4717546185517056,0.6115601932707585,0.41844049305222764,0.38420003649568596,0.5691663196175996,0.23850412087369596,0.40886391537945055,0.2282751214175436,0.45548791852781473
Dhaka,Madaripur,0.5645277235046068,0.587158933322407,0.5561452558367378,0.5359411149978637,0.5233561098091399,0.5104234623823602,0.5702508595108114,0.5755826177401469,0.6233175223366367,0.6447880012996011,0.5545792164766317,0.4922047387065264,0.554454493878443,0.5443485522402927,0.5525209666144341,0.12028529357751042,0.5231898619494698
Dhaka,Manikganj,0.553582073707909,0.47991288955361117,0.49891069937998445,0.5203700989585119,0.43613421603032154,0.4298423941034815,0.49437269674680157,0.5060221316727879,0.5183844224542299,0.5631320605779804,0.46851426102303007,0.511962986559924,0.507353235423565,0.4664522381059355,0.48932780659066544,0.12229164238581554,0.46544392818830793
Dhaka,Munshiganj,0.5176308605426845,0.5975452124775439,0.54715714905259,0.4927526082772574,0.42649459040482895,0.4460160425811196,0.5759537112957649,0.5623927624890895,0.5546171246528733,0.5739088518222206,0.5027895144676527,0.43331780654161206,0.5341024019363746,0.5002259103689441,0.4921528318886393,0.13668756965777612,0.5026590431495841
Dhaka,Mymensingh,0.42224765189480756,0.5040969106080719,0.6539049232521009,0.6174924065146425,0.4194214251912261,0.4059465406832297,0.5582350795221086,0.5706137900697281,0.6225350736227606,0.755126342648082,0.6433338374840911,0.46083888321951405,0.5494354730674048,0.48855486563939104,0.6011868267162453,0.1682315967513188,0.5353706982626044
Dhaka,Narayanganj,0.46594447466660105,0.4799338969539127,0.497272999333736,0.501982880280785,0.37021356175354136,0.4361059449350128,0.5346560323852664,0.4965488040681945,0.5166850951929444,0.5520723138191354,0.5267430037423917,0.432145248117549,0.48631157590404145,0.4579667101632292,0.4954903874586848,0.12542664538788892,0.4779952467935514
Dhaka,Narsingdi,0.525062283823595,0.5688233797517912,0.6223901901646489,0.5835839563918044,0.48325945304590234,0.425779634050545,0.5584578233156561,0.5467557172421276,0.641754509010953,0.6785326430684074,0.6075392871078508,0.5120847554666668,0.5749584715140807,0.5024882743004592,0.5932256831779943,0.1483767759515764,0.5636265155331723
Dhaka,Netrakona,0.3779478417511922,0.5534869030750417,0.6978994773227385,0.5808177446234762,0.3161231675009619,0.17689555061071605,0.3463072974758297,0.3812372723549289,0.4841440405449149,0.6752795955719304,0.5422935593021924,0.36537645759585646,0.5525884143694149,0.30299708145253096,0.46558038308760397,0.21251100306712523,0.4701183099933361
Dhaka,Rajbari,0.4960844281954957,0.5022968288339338,0.5129161430706669,0.48789725964528163,0.5878371252635206,0.5410449916372043,0.47624728258096116,0.5401233470290282,0.5853952476551272,0.6301418904038946,0.5322061336711118,0.4409667264285868,0.49794910094465283,0.5363071229655713,0.527438806447201,0.1330608566218438,0.475387548277026
Dhaka,Shariatpur,0.5412224434889084,0.5487926726857069,0.5065604683193605,0.46199622997928586,0.4763268605867267,0.49304377209981276,0.547103733403491,0.5500442286823148,0.5196493658301686,0.565529221447284,0.5119042489361297,0.46820166087867315,0.5059548744620116,0.5146821519027713,0.4920719342608837,0.12225487195436316,0.48219040819263487
Dhaka,Sherpur,0.4000028429820493,0.49575024741831814,0.6902073823362916,0.6145389795474604,0.46081019843657817,0.3640702013571913,0.48231302696715833,0.5889881239966702,0.6185012906024487,0.7537315753849801,0.6358652813127487,0.4772343852254061,0.5501248630710266,0.47398667456005733,0.6023860877453714,0.17844628299685777,0.5376502800381585
Dhaka,Tangail,0.5286929441658378,0.49669130700837993,0.6245348024225044,0.6088414582442957,0.452417990139968,0.44275549154230737,0.5750136476799049,0.5682588590528298,0.5957294722932024,0.6920376772779318,0.5856471959708526,0.5410655263462356,0.5646120165640081,0.5096679198595088,0.5879078716598629,0.14623618943941835,0.5402386086043577
Khulna,Bagerhat,0.5677176793378561,0.5892342012438578,0.5847438610463552,0.5131828017478,0.40878321817945756,0.4700259966043259,0.5291785180783265,0.49902782287000536,0.5674778595135628,0.6362521901594403,0.626185860750036,0.5438727735606395,0.5625242043897174,0.4760203003027645,0.58533358801092,0.14113533723590424,0.5112664463774905
Khulna,Chuadanga,0.6141529246187657,0.6131334168068758,0.6428700524854539,0.5468905868877553,0.5273086799597537,0.5484877612743463,0.5906279447955418,0.6585633748968294,0.6334462132166413,0.6681407269126036,0.598375852334621,0.5842610050002616,0.604261745199712,0.5812469402316157,0.6143295525736658,0.11648804922240337,0.5685864097238711
Khulna,Jessore,0.49297572022272546,0.5248997020929801,0.6794414307996706,0.5917107220923076,0.4485344132120375,0.4492622608675297,0.4863883119906614,0.6167965294479261,0.6719765287455325,0.7312600507031926,0.601987457311135,0.4633440651293394,0.5722313981520549,0.5002448729528034,0.6008218697891611,0.1513832520952583,0.5330006467959292
Khulna,Jhenaidah,0.5316118903105539,0.5497773439215149,0.6540059394667009,0.57975159703165,0.5119621118905514,0.5173554649938246,0.5229738528460012,0.6362103737307913,0.7682147222374671,0.7679807140161828,0.6091251785526378,0.48945225612307114,0.5787866109312887,0.5471254508652945,0.6430807182632184,0.14135938767088124,0.5518279939299747
Khulna,Khulna,0.4857240557582902,0.5131554888799904,0.517391842048762,0.45967296840668515,0.3603148618361178,0.36096749493060704,0.43968853625587506,0.4672417141165779,0.5253878867459317,0.6163318229745546,0.5997743414676237,0.500265192666402,0.4935709590075407,0.406824199826546,0.5515722023933195,0.15006860238038036,0.45810504391005424
Khulna,Kushtia,0.5621311299250596,0.5515317104413605,0.5334271800026237,0.4770791556916189,0.5846830000298652,0.5305888894796109,0.5030976253165783,0.5294700232975139,0.6152895729566512,0.6759243093821643,0.5639267221857832,0.45632635077959216,0.5310070550412335,0.536955378932087,0.5616973432738208,0.1330556297341823,0.5125524674850526
Khulna,Magura,0.5179076258635975,0.5517512720646248,0.6122177752340484,0.5730052866727823,0.5874629250383778,0.5567472554317201,0.522659157566923,0.5600511363960139,0.751085609582077,0.7402240717509544,0.5831516318049904,0.4802580985397176,0.5637275063110652,0.5567301738173706,0.6241774421653252,0.13903592775860973,0.5373875575841255
Khulna,Meherpur,0.6503281875841858,0.6374599222376848,0.5833850384814382,0.5150482023318665,0.5938066698041851,0.5609582735682698,0.5341886617978282,0.620860225118687,0.63622606877188,0.6955864311988501,0.6071132556178483,0.5609892356159963,0.5965553376587948,0.5774534575722421,0.6148919358871864,0.11519193012157053,0.571569637918138
Khulna,Narail,0.509067025627403,0.5618296928924923,0.6305603722520753,0.5596562483750379,0.45675372446273,0.5167525523562339,0.5749387354884571,0.6067726395773989,0.5953883014845194,0.6795162450349919,0.57819120694184,0.46301343608480067,0.5652965382743009,0.5388059336062776,0.5645614888230922,0.13731405812441042,0.5253088579867684
Khulna,Satkhira,0.4526321786726067,0.48347293308071554,0.4994914131253913,0.4109658115789993,0.3463381949523659,0.3359369315709796,0.40559329075144523,0.4664562956977148,0.5046965481162017,0.5615626477026793,0.5299344509899421,0.453323311870002,0.4612945149975521,0.38805932136837623,0.5047815144353085,0.14661778990450564,0.41422805040683297
Sylhet,Habiganj,0.4548839574629976,0.590997918730606,0.6604273976518654,0.5780709693081457,0.41435183366222267,0.3384274014727883,0.4346320542883139,0.5163629597530263,0.6120813720748148,0.6777071584783297,0.5708425261335205,0.4287058694007281,0.5710953303422764,0.4199096347508068,0.5417831524261074,0.18865707660282177,0.531946422621393
Sylhet,Maulvibazar,0.5448634909386373,0.5388929909936593,0.5610938550889027,0.6156130539257151,0.5318459515459457,0.39365437023951283,0.5407612647312067,0.645307093106697,0.6988548824620452,0.7483635724804227,0.6697588418737943,0.5478368936135957,0.5651519144332848,0.5275195981847696,0.646579035660139,0.16213566466615079,0.5829473388371126
Sylhet,Sunamganj,0.41950741415909687,0.587227820805883,0.6346737759986838,0.5102535560790483,0.14566385574496313,0.04491371636305336,0.13641512210079224,0.19330491024716323,0.2678805065686675,0.46284658794698685,0.3637564325765462,0.3011689060237603,0.5381288015842643,0.12871420634464292,0.2884012337461732,0.247540796028349,0.4039139435212111
Sylhet,Sylhet,0.4747646337951391,0.5022991384389274,0.5220081830083789,0.5559520795303401,0.2614369512790311,0.17302726716834674,0.36633872303814247,0.46745017339661366,0.5836431501095047,0.6340835870691847,0.5817601621884717,0.47086308389805437,0.5137563695570628,0.3179684855889197,0.552985341400168,0.19681863785884315,0.5073219958540346
Rajshahi,Bogra,0.4555554126646885,0.42942093215776134,0.608660234169212,0.5808740403514571,0.43765578512922865,0.39824884082713613,0.4112819117071131,0.5521308040881724,0.6486831837635159,0.7015261208600259,0.5234588380366095,0.41453466389721516,0.5184046096899845,0.4498387738259802,0.5470473734523444,0.16118955929041046,0.5049116575653467
Rajshahi,Joypurhat,0.5874517680261069,0.4201123264813536,0.6081608840300535,0.6916397868709435,0.5579111721418278,0.32397153323059197,0.4280654118213672,0.6115693515360305,0.7098534502249328,0.735817240155473,0.5596123744943161,0.4413107996192519,0.576841191352114,0.4803793358094742,0.5939076982835519,0.18135259349087257,0.556648565753531
Rajshahi,Naogaon,0.43124028124811153,0.44494240463293505,0.6864823134869685,0.6387454838167621,0.48143898283691977,0.3869597073817604,0.447457404092959,0.6407099294278459,0.7088719145577883,0.7162774968839333,0.568053326681211,0.41815349175399635,0.550377981934873,0.4891663069474765,0.5859636841684772,0.17724255987037285,0.5144105643649991
Rajshahi,Natore,0.508730391689486,0.6063235791922674,0.6277254238688595,0.5157196394194672,0.576646387932097,0.5265044419394452,0.5174398654558825,0.5269473252520489,0.6147191942635776,0.6828823594659719,0.5555957231798322,0.45421039994261064,0.5645145552897888,0.5370510628079287,0.5596065734900183,0.148182460316092,0.5284981710714487
Rajshahi,Nawabganj,0.4916361629077077,0.4860428016717186,0.5882509098089996,0.57062725190207,0.547525243734131,0.39532921583436215,0.5000940637278903,0.570602579278658,0.6044361001552152,0.6505255179249062,0.5580514392697632,0.47152170959360906,0.5339908421817714,0.5034290466005715,0.5566009800338194,0.14267977166902177,0.49689291856411993
Rajshahi,Pabna,0.5456428232451931,0.519563470143576,0.5385286777794334,0.4971547176423023,0.5937555337971128,0.5545676316952723,0.5136780578266871,0.5388537510336958,0.6010273240862759,0.6230127787397894,0.5284834298826357,0.4820923973603184,0.5250351555000569,0.5504458357902016,0.5476562524168123,0.13144245847463282,0.505964880904689
Rajshahi,Rajshahi,0.528027031619871,0.4967441158321609,0.5402751825220684,0.5263282495063415,0.5508522529451291,0.4240243571187035,0.47038113069862364,0.5517710623497913,0.5811014255298662,0.6342650840872484,0.5235477412822351,0.4524782939135452,0.5226345247435189,0.49928631480082647,0.5338363788266013,0.13700550294766492,0.4958730691302083
Rajshahi,Sirajganj,0.45057114073549537,0.4049431951156192,0.5673841981867526,0.518789471094021,0.38462400770980487,0.35520205290744855,0.41381943948106786,0.43796602433969506,0.47260400297256006,0.5540318279992388,0.4403445707140926,0.44776431831239527,0.4852861990663018,0.39823783904635957,0.46059590661173516,0.14832536776326027,0.4460818974830753
Rangpur,Dinajpur,0.4435476234377987,0.4395079155273626,0.6077753318050183,0.68992409363596,0.521814836098919,0.3491703643327798,0.4329112806827395,0.6263003087053379,0.7057740855130634,0.7409113349954222,0.5854578973260528,0.3800413356105667,0.5451894246690607,0.482549462755625,0.5833490484873333,0.18123325539304988,0.5281915293711376
Rangpur,Gaibandha,0.37403940225937393,0.4159266644971966,0.5738226869779507,0.505154550150898,0.47179864464552895,0.34102768748010776,0.45202472136710714,0.5121200365676531,0.5583587944252552,0.6486555861126811,0.5155299470042061,0.3722364953323508,0.4671016647263122,0.4441742270706738,0.5001389511903208,0.15472066254920994,0.4557992937342675
Rangpur,Kurigram,0.36878758782459703,0.38426487307714463,0.5077810351333705,0.4554113971626608,0.42154997414499623,0.2812291229051764,0.44205891650761614,0.4580400771479169,0.5429795455628171,0.6007360370531796,0.4905514188382295,0.3714973102651977,0.42874331933883647,0.3997487276922523,0.4835958767096172,0.1511405800335064,0.43120539155465953
Rangpur,Lalmonirhat,0.5116694920374558,0.5913065092607028,0.6214577882096579,0.6110225527996369,0.5356997752167024,0.31368508990356425,0.4909749836133377,0.6002761735022364,0.6879476954722447,0.687120846301128,0.5264075613969369,0.3947747561957553,0.5838663220141845,0.4851549612495133,0.5578388722640579,0.1707914258646965,0.5212797552214605
Rangpur,Nilphamari,0.4855934226893472,0.5263342366477705,0.6482703864965483,0.659717881313164,0.4794176105483453,0.3224821873024998,0.4609574857201775,0.629197807776375,0.6893575500704382,0.7069009170600645,0.5545889434698604,0.41134141905103766,0.5799791279098848,0.47296594539910397,0.5738139290447198,0.17412583092041842,0.528400004934544
Rangpur,Panchagarh,0.48787279582691695,0.4930133579081018,0.5620632733820616,0.7340834333620215,0.6517715498292992,0.32675634780865226,0.5882944060817021,0.5738945136718158,0.7583181574414118,0.7479645430055041,0.5845321100542904,0.4171702574345445,0.5692582151197677,0.5351792043478689,0.6097122567727186,0.17460790430073042,0.5399551695014551
Rangpur,Rangpur,0.4866075358555142,0.495923854837689,0.5828828147386165,0.6200407783079471,0.5482070512684921,0.3550580333567896,0.5270836643021843,0.6334500507709743,0.6933215514987715,0.759244273841403,0.6137028984310108,0.4016940871627835,0.5463639496192437,0.5159499213485772,0.5966246851311496,0.1686237809467735,0.5429226351930577
Rangpur,Thakurgaon,0.5577353126992448,0.5617548538556129,0.5710807374762015,0.6712387726965847,0.6238679141495674,0.35587179322736395,0.49696546999747987,0.6300984705496788,0.7499189412133099,0.7096127578029945,0.5383834319736367,0.4156444517011263,0.5904524191819107,0.5267002736359644,0.588214370059479,0.1691708794059013,0.5486482086136942
Barisal,Barguna,0.40942844663477407,0.3911713475546659,0.43483120198900976,0.4866432687444724,0.4610361313714412,0.4611812173005259,0.5592562769715815,0.46597346502759335,0.5487346611518846,0.7072191328224128,0.6912280314170568,0.5058433615098582,0.42502245515639847,0.48302892175281664,0.5890137943045062,0.14540235205495336,0.4538659041219495
