ADM2_NAME,ADM1_NAME,Month,Year,Salinity_Index_Raw
Barisal,Barisal,1,2022,937.0324924253806
Bhola,Barisal,1,2022,962.1920335239975
Jhalokati,Barisal,1,2022,892.4571912633374
Patuakhali,Barisal,1,2022,949.9659926906769
Pirojpur,Barisal,1,2022,853.178489930455
Bandarban,Chittagong,1,2022,424.8540885997956
Brahamanbaria,Chittagong,1,2022,1067.5836623937487
Chandpur,Chittagong,1,2022,897.198010442204
Chittagong,Chittagong,1,2022,653.5671593554752
Comilla,Chittagong,1,2022,874.826166235692
Cox's Bazar,Chittagong,1,2022,693.6923536040889
Feni,Chittagong,1,2022,793.5379922196547
Khagrachhari,Chittagong,1,2022,436.1302383675911
Lakshmipur,Chittagong,1,2022,944.1650551356728
Noakhali,Chittagong,1,2022,832.0946662740704
Rangamati,Chittagong,1,2022,423.5142245108343
Dhaka,Dhaka,1,2022,1007.9742205064508
Faridpur,Dhaka,1,2022,925.3639064914398
Gazipur,Dhaka,1,2022,860.4560727024015
Gopalganj,Dhaka,1,2022,869.4974302638735
Jamalpur,Dhaka,1,2022,1134.4775480808946
Kishoreganj,Dhaka,1,2022,979.8363691751326
Madaripur,Dhaka,1,2022,930.8815208176014
Manikganj,Dhaka,1,2022,994.2800738358239
Munshiganj,Dhaka,1,2022,989.6737530222799
Mymensingh,Dhaka,1,2022,1016.268825027867
Narayanganj,Dhaka,1,2022,1006.7879332425114
Narsingdi,Dhaka,1,2022,863.4405054447793
Netrakona,Dhaka,1,2022,1067.3343465961361
Rajbari,Dhaka,1,2022,871.2489815771103
Shariatpur,Dhaka,1,2022,1002.1866157425534
Sherpur,Dhaka,1,2022,1077.9268333897978
Tangail,Dhaka,1,2022,1010.5196361101401
Bagerhat,Khulna,1,2022,705.1573941978805
Chuadanga,Khulna,1,2022,1394.3682588579836
Jessore,Khulna,1,2022,752.0071031887295
Jhenaidah,Khulna,1,2022,814.6270431384804
Khulna,Khulna,1,2022,801.2060354335924
Kushtia,Khulna,1,2022,925.0150765008234
Magura,Khulna,1,2022,824.7290926087173
Meherpur,Khulna,1,2022,1637.958423458399
Narail,Khulna,1,2022,871.3422739055112
Satkhira,Khulna,1,2022,721.2064580510195
Habiganj,Sylhet,1,2022,1162.1028371199177
Maulvibazar,Sylhet,1,2022,943.1437750462209
Sunamganj,Sylhet,1,2022,914.3481450731207
Sylhet,Sylhet,1,2022,912.7683680285851
Bogra,Rajshahi,1,2022,1124.058122620324
Joypurhat,Rajshahi,1,2022,1105.7398268161694
Naogaon,Rajshahi,1,2022,1147.7751017112967
Natore,Rajshahi,1,2022,932.980858616326
Nawabganj,Rajshahi,1,2022,1258.5600033764485
Pabna,Rajshahi,1,2022,1039.9736317627712
Rajshahi,Rajshahi,1,2022,1185.2383341339753
Sirajganj,Rajshahi,1,2022,1206.7930539683214
Dinajpur,Rangpur,1,2022,1057.3398514985552
Gaibandha,Rangpur,1,2022,1183.118538135758
Kurigram,Rangpur,1,2022,1086.9580928530856
Lalmonirhat,Rangpur,1,2022,1198.3156576682238
Nilphamari,Rangpur,1,2022,1349.241300876626
Panchagarh,Rangpur,1,2022,1584.3540837719013
Rangpur,Rangpur,1,2022,1238.323865634993
Thakurgaon,Rangpur,1,2022,949.0331158410108
Barguna,Barisal,1,2022,910.4517236623188
Barisal,Barisal,2,2022,736.4996041930639
Bhola,Barisal,2,2022,821.3595566735454
Jhalokati,Barisal,2,2022,723.461388435555
Patuakhali,Barisal,2,2022,981.8751677915997
Pirojpur,Barisal,2,2022,675.4074532775905
Bandarban,Chittagong,2,2022,440.0148844785881
Brahamanbaria,Chittagong,2,2022,607.5294773088616
Chandpur,Chittagong,2,2022,570.1231911510437
Chittagong,Chittagong,2,2022,672.835204406991
Comilla,Chittagong,2,2022,575.8559916922143
Cox's Bazar,Chittagong,2,2022,668.141957019964
Feni,Chittagong,2,2022,727.2954894835605
Khagrachhari,Chittagong,2,2022,522.3824788293246
Lakshmipur,Chittagong,2,2022,710.9290880462318
Noakhali,Chittagong,2,2022,696.3028343476508
Rangamati,Chittagong,2,2022,492.9340430589959
Dhaka,Dhaka,2,2022,705.7649295257606
Faridpur,Dhaka,2,2022,635.2218746019988
Gazipur,Dhaka,2,2022,639.8876941250588
Gopalganj,Dhaka,2,2022,513.3012192264947
Jamalpur,Dhaka,2,2022,736.390314147667
Kishoreganj,Dhaka,2,2022,597.106645954582
Madaripur,Dhaka,2,2022,582.271769204979
Manikganj,Dhaka,2,2022,721.5719980476159
Munshiganj,Dhaka,2,2022,582.3821126642431
Mymensingh,Dhaka,2,2022,734.2408633201654
Narayanganj,Dhaka,2,2022,679.5935623032788
Narsingdi,Dhaka,2,2022,552.9518275739217
Netrakona,Dhaka,2,2022,676.774238717304
Rajbari,Dhaka,2,2022,646.6713077686269
Shariatpur,Dhaka,2,2022,632.3006511480361
Sherpur,Dhaka,2,2022,716.0673508135881
Tangail,Dhaka,2,2022,699.0848651836365
Bagerhat,Khulna,2,2022,503.7711650972008
Chuadanga,Khulna,2,2022,465.1109385733401
Jessore,Khulna,2,2022,558.0231953921481
Jhenaidah,Khulna,2,2022,506.4993522875497
Khulna,Khulna,2,2022,600.7750597812451
Kushtia,Khulna,2,2022,688.4691031191603
Magura,Khulna,2,2022,558.0249725358809
Meherpur,Khulna,2,2022,496.46603384800426
Narail,Khulna,2,2022,567.6962977166326
Satkhira,Khulna,2,2022,634.3999926694747
Habiganj,Sylhet,2,2022,645.6624051254726
Maulvibazar,Sylhet,2,2022,665.446505586894
Sunamganj,Sylhet,2,2022,607.2722810631014
Sylhet,Sylhet,2,2022,749.9060671083469
Bogra,Rajshahi,2,2022,792.4056686127326
Joypurhat,Rajshahi,2,2022,770.7476659979775
Naogaon,Rajshahi,2,2022,835.5706066758673
Natore,Rajshahi,2,2022,634.4196621277442
Nawabganj,Rajshahi,2,2022,777.2953986744541
Pabna,Rajshahi,2,2022,710.996238322028
Rajshahi,Rajshahi,2,2022,762.2036416183141
Sirajganj,Rajshahi,2,2022,834.3597551633269
Dinajpur,Rangpur,2,2022,748.2633701836547
Gaibandha,Rangpur,2,2022,858.89342460539
Kurigram,Rangpur,2,2022,954.7773950899859
Lalmonirhat,Rangpur,2,2022,772.5682968235108
Nilphamari,Rangpur,2,2022,675.1558476497302
Panchagarh,Rangpur,2,2022,776.5948662069023
Rangpur,Rangpur,2,2022,768.4709247525834
Thakurgaon,Rangpur,2,2022,700.4490300968796
Barguna,Barisal,2,2022,1002.7378971516687
Barisal,Barisal,3,2022,725.7511957965254
Bhola,Barisal,3,2022,809.6888654011283
Jhalokati,Barisal,3,2022,736.7286204498334
Patuakhali,Barisal,3,2022,985.2055776280824
Pirojpur,Barisal,3,2022,703.7190157882699
Bandarban,Chittagong,3,2022,646.5715359764449
Brahamanbaria,Chittagong,3,2022,586.7542346648581
Chandpur,Chittagong,3,2022,593.8125976705113
Chittagong,Chittagong,3,2022,750.3744675073028
Comilla,Chittagong,3,2022,588.8055423413849
Cox's Bazar,Chittagong,3,2022,717.3366765517083
Feni,Chittagong,3,2022,716.0741381409684
Khagrachhari,Chittagong,3,2022,598.0161595027162
Lakshmipur,Chittagong,3,2022,722.8753392651049
Noakhali,Chittagong,3,2022,724.3305620181359
Rangamati,Chittagong,3,2022,663.5156505510479
Dhaka,Dhaka,3,2022,786.3122810907142
Faridpur,Dhaka,3,2022,665.0063725478487
Gazipur,Dhaka,3,2022,699.3960473728171
Gopalganj,Dhaka,3,2022,630.3952779673402
Jamalpur,Dhaka,3,2022,704.2426876436075
Kishoreganj,Dhaka,3,2022,582.1222873614649
Madaripur,Dhaka,3,2022,725.664723165648
Manikganj,Dhaka,3,2022,741.7306650733652
Munshiganj,Dhaka,3,2022,642.0284172108645
Mymensingh,Dhaka,3,2022,639.3453904660208
Narayanganj,Dhaka,3,2022,745.7481990735146
Narsingdi,Dhaka,3,2022,576.995382439916
Netrakona,Dhaka,3,2022,566.1344367915485
Rajbari,Dhaka,3,2022,689.7564815188945
Shariatpur,Dhaka,3,2022,757.7216140102637
Sherpur,Dhaka,3,2022,566.3864754591016
Tangail,Dhaka,3,2022,701.744742381747
Bagerhat,Khulna,3,2022,532.2936445031007
Chuadanga,Khulna,3,2022,554.7736844833371
Jessore,Khulna,3,2022,595.0301791221676
Jhenaidah,Khulna,3,2022,569.7410009112978
Khulna,Khulna,3,2022,657.0218856404778
Kushtia,Khulna,3,2022,662.1393794977238
Magura,Khulna,3,2022,597.200755212677
Meherpur,Khulna,3,2022,591.8211902585429
Narail,Khulna,3,2022,634.2895507576068
Satkhira,Khulna,3,2022,622.8134206731719
Habiganj,Sylhet,3,2022,620.1270098725736
Maulvibazar,Sylhet,3,2022,677.0574874909416
Sunamganj,Sylhet,3,2022,592.4335913182988
Sylhet,Sylhet,3,2022,707.695989072979
Bogra,Rajshahi,3,2022,725.7507023175943
Joypurhat,Rajshahi,3,2022,709.2115320989911
Naogaon,Rajshahi,3,2022,588.9624774758965
Natore,Rajshahi,3,2022,566.6657480033522
Nawabganj,Rajshahi,3,2022,695.7826110451025
Pabna,Rajshahi,3,2022,691.0296992966622
Rajshahi,Rajshahi,3,2022,676.5807512011902
Sirajganj,Rajshahi,3,2022,803.4333903553865
Dinajpur,Rangpur,3,2022,578.0869227371136
Gaibandha,Rangpur,3,2022,759.2710869328288
Kurigram,Rangpur,3,2022,818.6330371430108
Lalmonirhat,Rangpur,3,2022,690.9262673686824
Nilphamari,Rangpur,3,2022,592.0776605268157
Panchagarh,Rangpur,3,2022,696.4072005368444
Rangpur,Rangpur,3,2022,685.2112781029496
Thakurgaon,Rangpur,3,2022,612.18193226672
Barguna,Barisal,3,2022,992.2891745959909
Barisal,Barisal,4,2022,1028.1417692850703
Bhola,Barisal,4,2022,997.0934660248269
Jhalokati,Barisal,4,2022,903.44718196175
Patuakhali,Barisal,4,2022,1076.0815407639698
Pirojpur,Barisal,4,2022,926.3494576348256
Bandarban,Chittagong,4,2022,839.6755313726176
Brahamanbaria,Chittagong,4,2022,787.4100523460837
Chandpur,Chittagong,4,2022,907.2989101823667
Chittagong,Chittagong,4,2022,1037.6310088527084
Comilla,Chittagong,4,2022,929.3473778690545
Cox's Bazar,Chittagong,4,2022,945.2339598773409
Feni,Chittagong,4,2022,937.2618679446189
Khagrachhari,Chittagong,4,2022,986.4985396113708
Lakshmipur,Chittagong,4,2022,823.1098557048573
Noakhali,Chittagong,4,2022,871.4305122753941
Rangamati,Chittagong,4,2022,931.9894808082104
Dhaka,Dhaka,4,2022,1085.0756448211428
Faridpur,Dhaka,4,2022,1162.637375600644
Gazipur,Dhaka,4,2022,1116.4045478790622
Gopalganj,Dhaka,4,2022,970.391916610694
Jamalpur,Dhaka,4,2022,1201.6389777764512
Kishoreganj,Dhaka,4,2022,767.5642990170015
Madaripur,Dhaka,4,2022,1224.17360881477
Manikganj,Dhaka,4,2022,1220.2600520174333
Munshiganj,Dhaka,4,2022,1160.4406381040244
Mymensingh,Dhaka,4,2022,824.8457445824066
Narayanganj,Dhaka,4,2022,1017.1376804896524
Narsingdi,Dhaka,4,2022,878.1114448067124
Netrakona,Dhaka,4,2022,701.1541748773292
Rajbari,Dhaka,4,2022,985.6696779165812
Shariatpur,Dhaka,4,2022,1340.503897357955
Sherpur,Dhaka,4,2022,1042.0297472341804
Tangail,Dhaka,4,2022,1140.8904606391065
Bagerhat,Khulna,4,2022,789.433540954944
Chuadanga,Khulna,4,2022,862.0162800730487
Jessore,Khulna,4,2022,817.2243018445755
Jhenaidah,Khulna,4,2022,820.6983132527971
Khulna,Khulna,4,2022,887.5556703457723
Kushtia,Khulna,4,2022,1011.5307400799163
Magura,Khulna,4,2022,928.2689031094006
Meherpur,Khulna,4,2022,903.5231827153627
Narail,Khulna,4,2022,942.1322768205084
Satkhira,Khulna,4,2022,905.3777706181294
Habiganj,Sylhet,4,2022,803.3959006221571
Maulvibazar,Sylhet,4,2022,785.7763757623267
Sunamganj,Sylhet,4,2022,810.4968237967464
Sylhet,Sylhet,4,2022,766.5940008043594
Bogra,Rajshahi,4,2022,821.1962411740734
Joypurhat,Rajshahi,4,2022,626.2962234975215
Naogaon,Rajshahi,4,2022,828.6370286736056
Natore,Rajshahi,4,2022,898.5469541845121
Nawabganj,Rajshahi,4,2022,921.3190922113462
Pabna,Rajshahi,4,2022,953.6682627145879
Rajshahi,Rajshahi,4,2022,943.27812195945
Sirajganj,Rajshahi,4,2022,1065.7864370930647
Dinajpur,Rangpur,4,2022,567.8978565345188
Gaibandha,Rangpur,4,2022,863.7733052506125
Kurigram,Rangpur,4,2022,888.9738263455753
Lalmonirhat,Rangpur,4,2022,744.1163705482485
Nilphamari,Rangpur,4,2022,743.2611667082249
Panchagarh,Rangpur,4,2022,1082.4427347006886
Rangpur,Rangpur,4,2022,635.9054623348918
Thakurgaon,Rangpur,4,2022,829.4753076492677
Barguna,Barisal,4,2022,1056.338381338103
Barisal,Barisal,5,2022,937.6533241454747
Bhola,Barisal,5,2022,992.4247003487338
Jhalokati,Barisal,5,2022,766.4390073352092
Patuakhali,Barisal,5,2022,933.1732940200213
Pirojpur,Barisal,5,2022,868.9015403272823
Bandarban,Chittagong,5,2022,943.049895525307
Brahamanbaria,Chittagong,5,2022,817.7666593785843
Chandpur,Chittagong,5,2022,871.3450762564512
Chittagong,Chittagong,5,2022,927.4518758285276
Comilla,Chittagong,5,2022,991.2356659379769
Cox's Bazar,Chittagong,5,2022,895.6892927756328
Feni,Chittagong,5,2022,1111.2442189764233
Khagrachhari,Chittagong,5,2022,772.6503513740123
Lakshmipur,Chittagong,5,2022,987.3370045178992
Noakhali,Chittagong,5,2022,1045.3595600570195
Rangamati,Chittagong,5,2022,742.5047078376725
Dhaka,Dhaka,5,2022,1041.4716462016836
Faridpur,Dhaka,5,2022,916.5683939446728
Gazipur,Dhaka,5,2022,870.2808055170009
Gopalganj,Dhaka,5,2022,842.9638952584467
Jamalpur,Dhaka,5,2022,973.1055660002769
Kishoreganj,Dhaka,5,2022,843.2718370066378
Madaripur,Dhaka,5,2022,1028.6162360626647
Manikganj,Dhaka,5,2022,1057.0251589333054
Munshiganj,Dhaka,5,2022,961.005533428962
Mymensingh,Dhaka,5,2022,915.6601322627794
Narayanganj,Dhaka,5,2022,911.262430810294
Narsingdi,Dhaka,5,2022,776.4236952950929
Netrakona,Dhaka,5,2022,1068.3521300488087
Rajbari,Dhaka,5,2022,951.537821793122
Shariatpur,Dhaka,5,2022,1076.0137143130596
Sherpur,Dhaka,5,2022,892.7970120240557
Tangail,Dhaka,5,2022,949.4209136422584
Bagerhat,Khulna,5,2022,911.9997659240681
Chuadanga,Khulna,5,2022,942.8131129804543
Jessore,Khulna,5,2022,836.084970433381
Jhenaidah,Khulna,5,2022,812.7878151425713
Khulna,Khulna,5,2022,1029.2034441667354
Kushtia,Khulna,5,2022,1103.4751135760832
Magura,Khulna,5,2022,822.5930653424741
Meherpur,Khulna,5,2022,979.9897692941247
Narail,Khulna,5,2022,912.2187229649522
Satkhira,Khulna,5,2022,1044.1055800471427
Habiganj,Sylhet,5,2022,819.7740429463007
Maulvibazar,Sylhet,5,2022,754.1861025935968
Sunamganj,Sylhet,5,2022,1058.0116129844992
Sylhet,Sylhet,5,2022,1106.5485800541026
Bogra,Rajshahi,5,2022,1097.8445158722784
Joypurhat,Rajshahi,5,2022,911.8665512426171
Naogaon,Rajshahi,5,2022,872.745157911644
Natore,Rajshahi,5,2022,899.3976106518993
Nawabganj,Rajshahi,5,2022,950.3164272055409
Pabna,Rajshahi,5,2022,1028.5658306679118
Rajshahi,Rajshahi,5,2022,811.7505894632847
Sirajganj,Rajshahi,5,2022,1153.471455270097
Dinajpur,Rangpur,5,2022,841.3699665952468
Gaibandha,Rangpur,5,2022,1103.332396133832
Kurigram,Rangpur,5,2022,1022.0392013483395
Lalmonirhat,Rangpur,5,2022,923.8073256403225
Nilphamari,Rangpur,5,2022,872.6450094757531
Panchagarh,Rangpur,5,2022,779.279450249957
Rangpur,Rangpur,5,2022,933.8919771628115
Thakurgaon,Rangpur,5,2022,866.4269181008718
Barguna,Barisal,5,2022,1021.739323096104
Barisal,Barisal,6,2022,912.7437981537092
Bhola,Barisal,6,2022,787.2915879643487
Jhalokati,Barisal,6,2022,754.9773955070224
Patuakhali,Barisal,6,2022,804.4490699979953
Pirojpur,Barisal,6,2022,959.5455394029007
Bandarban,Chittagong,6,2022,832.5982735765175
Brahamanbaria,Chittagong,6,2022,792.0010429609783
Chandpur,Chittagong,6,2022,1176.2655761737003
Chittagong,Chittagong,6,2022,873.7211364116434
Comilla,Chittagong,6,2022,818.4237639706986
Cox's Bazar,Chittagong,6,2022,889.7881115569094
Feni,Chittagong,6,2022,1584.610546430625
Khagrachhari,Chittagong,6,2022,777.4291506629141
Lakshmipur,Chittagong,6,2022,988.5965198447557
Noakhali,Chittagong,6,2022,761.4279679057959
Rangamati,Chittagong,6,2022,860.0017311998133
Dhaka,Dhaka,6,2022,961.1128308312316
Faridpur,Dhaka,6,2022,990.9223089131515
Gazipur,Dhaka,6,2022,916.1376760627661
Gopalganj,Dhaka,6,2022,822.5337258744803
Jamalpur,Dhaka,6,2022,1264.0405162273125
Kishoreganj,Dhaka,6,2022,1105.5040701900298
Madaripur,Dhaka,6,2022,1033.1242467879174
Manikganj,Dhaka,6,2022,1159.1803173330438
Munshiganj,Dhaka,6,2022,930.4425699560006
Mymensingh,Dhaka,6,2022,967.3705565645092
Narayanganj,Dhaka,6,2022,857.2617786647975
Narsingdi,Dhaka,6,2022,850.9991670990396
Netrakona,Dhaka,6,2022,1440.4895001352838
Rajbari,Dhaka,6,2022,866.7552093318566
Shariatpur,Dhaka,6,2022,978.7139503396907
Sherpur,Dhaka,6,2022,846.4626604364314
Tangail,Dhaka,6,2022,992.9664392383173
Bagerhat,Khulna,6,2022,947.6324758003532
Chuadanga,Khulna,6,2022,580.7942803987017
Jessore,Khulna,6,2022,1113.564701934774
Jhenaidah,Khulna,6,2022,664.9162325319744
Khulna,Khulna,6,2022,1013.4819074289684
Kushtia,Khulna,6,2022,675.7572449626998
Magura,Khulna,6,2022,1023.0371910617764
Meherpur,Khulna,6,2022,625.708937681653
Narail,Khulna,6,2022,1006.3209519904572
Satkhira,Khulna,6,2022,1053.002087411372
Habiganj,Sylhet,6,2022,929.2645402684436
Maulvibazar,Sylhet,6,2022,774.652584870354
Sunamganj,Sylhet,6,2022,1343.4424826091208
Sylhet,Sylhet,6,2022,1186.0528498392832
Bogra,Rajshahi,6,2022,1341.058794859957
Joypurhat,Rajshahi,6,2022,1408.79448959665
Naogaon,Rajshahi,6,2022,1533.6471690077162
Natore,Rajshahi,6,2022,1082.0969918393653
Nawabganj,Rajshahi,6,2022,1194.7834156013548
Pabna,Rajshahi,6,2022,861.6747126167106
Rajshahi,Rajshahi,6,2022,1188.4610466201325
Sirajganj,Rajshahi,6,2022,1149.1196017206391
Dinajpur,Rangpur,6,2022,1008.248854806924
Gaibandha,Rangpur,6,2022,1579.857137906953
Kurigram,Rangpur,6,2022,997.9399744313355
Lalmonirhat,Rangpur,6,2022,875.3753827523118
Nilphamari,Rangpur,6,2022,961.2856575821534
Panchagarh,Rangpur,6,2022,767.607624311484
Rangpur,Rangpur,6,2022,1385.3502638944904
Thakurgaon,Rangpur,6,2022,952.517491460449
Barguna,Barisal,6,2022,959.7106319479914
Barisal,Barisal,7,2022,774.6395415961299
Bhola,Barisal,7,2022,838.9216864666465
Jhalokati,Barisal,7,2022,611.7424777502564
Patuakhali,Barisal,7,2022,887.338042937303
Pirojpur,Barisal,7,2022,630.9992782519761
Bandarban,Chittagong,7,2022,488.2417506741681
Brahamanbaria,Chittagong,7,2022,666.2368117369389
Chandpur,Chittagong,7,2022,709.4217400481455
Chittagong,Chittagong,7,2022,597.8657233247866
Comilla,Chittagong,7,2022,584.305716776206
Cox's Bazar,Chittagong,7,2022,689.9418481360481
Feni,Chittagong,7,2022,633.6963478861571
Khagrachhari,Chittagong,7,2022,522.311515903633
Lakshmipur,Chittagong,7,2022,793.9372000253818
Noakhali,Chittagong,7,2022,675.1295620601601
Rangamati,Chittagong,7,2022,509.0353459347119
Dhaka,Dhaka,7,2022,954.1523431130846
Faridpur,Dhaka,7,2022,874.4851524271685
Gazipur,Dhaka,7,2022,725.1917026292649
Gopalganj,Dhaka,7,2022,757.9746334799289
Jamalpur,Dhaka,7,2022,839.3300338119249
Kishoreganj,Dhaka,7,2022,908.1643655569061
Madaripur,Dhaka,7,2022,894.0634685344746
Manikganj,Dhaka,7,2022,917.810096483888
Munshiganj,Dhaka,7,2022,746.8750168627973
Mymensingh,Dhaka,7,2022,832.87473175644
Narayanganj,Dhaka,7,2022,836.1206609454985
Narsingdi,Dhaka,7,2022,639.0317458342173
Netrakona,Dhaka,7,2022,894.8726639051409
Rajbari,Dhaka,7,2022,899.2550125545991
Shariatpur,Dhaka,7,2022,774.7843559200232
Sherpur,Dhaka,7,2022,817.8679684225252
Tangail,Dhaka,7,2022,866.60211621271
Bagerhat,Khulna,7,2022,548.7053245316918
Chuadanga,Khulna,7,2022,807.7236886343338
Jessore,Khulna,7,2022,936.2511431766746
Jhenaidah,Khulna,7,2022,901.5371921242978
Khulna,Khulna,7,2022,844.5130250646598
Kushtia,Khulna,7,2022,920.6979705258524
Magura,Khulna,7,2022,800.7823972180772
Meherpur,Khulna,7,2022,873.598318922567
Narail,Khulna,7,2022,840.2703176639188
Satkhira,Khulna,7,2022,851.6071133893432
Habiganj,Sylhet,7,2022,658.5739253072086
Maulvibazar,Sylhet,7,2022,618.0989475981003
Sunamganj,Sylhet,7,2022,952.6580842395869
Sylhet,Sylhet,7,2022,941.3982895476352
Bogra,Rajshahi,7,2022,881.1956255750439
Joypurhat,Rajshahi,7,2022,998.3787710575165
Naogaon,Rajshahi,7,2022,829.2090208616318
Natore,Rajshahi,7,2022,693.2779966083275
Nawabganj,Rajshahi,7,2022,784.5801696225919
Pabna,Rajshahi,7,2022,887.5469831694794
Rajshahi,Rajshahi,7,2022,818.4954004122302
Sirajganj,Rajshahi,7,2022,1018.7627152470798
Dinajpur,Rangpur,7,2022,906.548179071942
Gaibandha,Rangpur,7,2022,936.0415193834418
Kurigram,Rangpur,7,2022,1011.8679441832912
Lalmonirhat,Rangpur,7,2022,829.575516484814
Nilphamari,Rangpur,7,2022,738.7811962547815
Panchagarh,Rangpur,7,2022,561.8896797281163
Rangpur,Rangpur,7,2022,851.3656214684796
Thakurgaon,Rangpur,7,2022,876.1201324473981
Barguna,Barisal,7,2022,800.4163114346136
Barisal,Barisal,8,2022,929.5604481400512
Bhola,Barisal,8,2022,1112.0011446570509
Jhalokati,Barisal,8,2022,627.2093806653588
Patuakhali,Barisal,8,2022,864.1355192295576
Pirojpur,Barisal,8,2022,633.5830977971257
Bandarban,Chittagong,8,2022,546.4946290133378
Brahamanbaria,Chittagong,8,2022,846.9343359197958
Chandpur,Chittagong,8,2022,788.4573176167821
Chittagong,Chittagong,8,2022,727.0619650932776
Comilla,Chittagong,8,2022,755.8033437426234
Cox's Bazar,Chittagong,8,2022,720.7257841502102
Feni,Chittagong,8,2022,744.6555950826968
Khagrachhari,Chittagong,8,2022,539.9550715482391
Lakshmipur,Chittagong,8,2022,783.0249763057559
Noakhali,Chittagong,8,2022,743.801198854029
Rangamati,Chittagong,8,2022,591.123833564724
Dhaka,Dhaka,8,2022,931.3032444044097
Faridpur,Dhaka,8,2022,899.3502981963724
Gazipur,Dhaka,8,2022,961.1126407805483
Gopalganj,Dhaka,8,2022,710.89813624366
Jamalpur,Dhaka,8,2022,925.0197798930508
Kishoreganj,Dhaka,8,2022,1032.3388768975296
Madaripur,Dhaka,8,2022,770.8319095738401
Manikganj,Dhaka,8,2022,967.3585093674386
Munshiganj,Dhaka,8,2022,851.4943356565251
Mymensingh,Dhaka,8,2022,914.7376174682736
Narayanganj,Dhaka,8,2022,960.6090909786249
Narsingdi,Dhaka,8,2022,846.072014771995
Netrakona,Dhaka,8,2022,937.6051680718969
Rajbari,Dhaka,8,2022,903.5449597019457
Shariatpur,Dhaka,8,2022,790.0259811771474
Sherpur,Dhaka,8,2022,895.4728254092076
Tangail,Dhaka,8,2022,934.1104837170058
Bagerhat,Khulna,8,2022,548.5871931390504
Chuadanga,Khulna,8,2022,584.2913586190829
Jessore,Khulna,8,2022,748.0023093813088
Jhenaidah,Khulna,8,2022,692.6266294175031
Khulna,Khulna,8,2022,775.9495903207433
Kushtia,Khulna,8,2022,837.5835685091319
Magura,Khulna,8,2022,866.2334296255727
Meherpur,Khulna,8,2022,642.7541226183947
Narail,Khulna,8,2022,821.6148178119474
Satkhira,Khulna,8,2022,771.0872260758814
Habiganj,Sylhet,8,2022,905.2769325249387
Maulvibazar,Sylhet,8,2022,726.9263734496069
Sunamganj,Sylhet,8,2022,889.6117635012831
Sylhet,Sylhet,8,2022,833.6313586782874
Bogra,Rajshahi,8,2022,944.7879609836654
Joypurhat,Rajshahi,8,2022,991.3871110977705
Naogaon,Rajshahi,8,2022,845.0754449582031
Natore,Rajshahi,8,2022,901.5695543016218
Nawabganj,Rajshahi,8,2022,732.9818108151005
Pabna,Rajshahi,8,2022,905.3735605704685
Rajshahi,Rajshahi,8,2022,772.3110164364748
Sirajganj,Rajshahi,8,2022,1062.0999411944044
Dinajpur,Rangpur,8,2022,833.4424731253689
Gaibandha,Rangpur,8,2022,950.90338683159
Kurigram,Rangpur,8,2022,880.6327112864185
Lalmonirhat,Rangpur,8,2022,804.0205655883691
Nilphamari,Rangpur,8,2022,784.2047803269293
Panchagarh,Rangpur,8,2022,691.9884944846978
Rangpur,Rangpur,8,2022,748.9153417682564
Thakurgaon,Rangpur,8,2022,733.3746412012626
Barguna,Barisal,8,2022,781.3529833818735
Barisal,Barisal,9,2022,811.8286633512857
Bhola,Barisal,9,2022,889.0847306519272
Jhalokati,Barisal,9,2022,641.8681377238717
Patuakhali,Barisal,9,2022,676.1205576586784
Pirojpur,Barisal,9,2022,595.0662705335802
Bandarban,Chittagong,9,2022,557.6014896805469
Brahamanbaria,Chittagong,9,2022,858.8015480964692
Chandpur,Chittagong,9,2022,869.4417760798434
Chittagong,Chittagong,9,2022,618.3132315509462
Comilla,Chittagong,9,2022,768.6651284760248
Cox's Bazar,Chittagong,9,2022,689.0682088997376
Feni,Chittagong,9,2022,636.6815123382648
Khagrachhari,Chittagong,9,2022,570.3977018812952
Lakshmipur,Chittagong,9,2022,879.1238782027045
Noakhali,Chittagong,9,2022,696.5291806263715
Rangamati,Chittagong,9,2022,667.8776155178487
Dhaka,Dhaka,9,2022,947.1366182977665
Faridpur,Dhaka,9,2022,741.211759756949
Gazipur,Dhaka,9,2022,788.1630167913781
Gopalganj,Dhaka,9,2022,632.2640795341774
Jamalpur,Dhaka,9,2022,682.6220527790856
Kishoreganj,Dhaka,9,2022,855.8203270997446
Madaripur,Dhaka,9,2022,728.9588480717399
Manikganj,Dhaka,9,2022,794.1268577591684
Munshiganj,Dhaka,9,2022,843.7900627043625
Mymensingh,Dhaka,9,2022,677.2843701573112
Narayanganj,Dhaka,9,2022,911.0090461974683
Narsingdi,Dhaka,9,2022,769.1577558188997
Netrakona,Dhaka,9,2022,657.1732071095322
Rajbari,Dhaka,9,2022,820.7263473672881
Shariatpur,Dhaka,9,2022,823.8550176650855
Sherpur,Dhaka,9,2022,543.5974963495269
Tangail,Dhaka,9,2022,784.9665825848539
Bagerhat,Khulna,9,2022,473.15977708415005
Chuadanga,Khulna,9,2022,899.6799991148946
Jessore,Khulna,9,2022,667.6557622686812
Jhenaidah,Khulna,9,2022,741.6410328714635
Khulna,Khulna,9,2022,597.2193121635091
Kushtia,Khulna,9,2022,795.0417768512322
Magura,Khulna,9,2022,779.1332430553987
Meherpur,Khulna,9,2022,909.5486282810238
Narail,Khulna,9,2022,602.3486817962008
Satkhira,Khulna,9,2022,627.5183346084394
Habiganj,Sylhet,9,2022,682.9066489897564
Maulvibazar,Sylhet,9,2022,501.28834065845143
Sunamganj,Sylhet,9,2022,658.8381175359224
Sylhet,Sylhet,9,2022,628.0192528627613
Bogra,Rajshahi,9,2022,793.4653311668852
Joypurhat,Rajshahi,9,2022,604.043397585233
Naogaon,Rajshahi,9,2022,717.8254043564905
Natore,Rajshahi,9,2022,878.7449397834421
Nawabganj,Rajshahi,9,2022,881.3090642557227
Pabna,Rajshahi,9,2022,847.2713573603602
Rajshahi,Rajshahi,9,2022,855.7079802661667
Sirajganj,Rajshahi,9,2022,967.8747458341954
Dinajpur,Rangpur,9,2022,651.0295760334844
Gaibandha,Rangpur,9,2022,637.8874542260788
Kurigram,Rangpur,9,2022,661.8984150093377
Lalmonirhat,Rangpur,9,2022,664.3041571924032
Nilphamari,Rangpur,9,2022,641.0299814614966
Panchagarh,Rangpur,9,2022,711.9997999824868
Rangpur,Rangpur,9,2022,556.8829679705599
Thakurgaon,Rangpur,9,2022,669.0165206755462
Barguna,Barisal,9,2022,720.1442238570901
Barisal,Barisal,10,2022,543.4032653702308
Bhola,Barisal,10,2022,637.7404584583569
Jhalokati,Barisal,10,2022,395.8698847346728
Patuakhali,Barisal,10,2022,467.040981718232
Pirojpur,Barisal,10,2022,425.9762974931681
Bandarban,Chittagong,10,2022,335.1065990830957
Brahamanbaria,Chittagong,10,2022,658.785049069853
Chandpur,Chittagong,10,2022,521.9522787242382
Chittagong,Chittagong,10,2022,435.5361168245279
Comilla,Chittagong,10,2022,512.6143962216299
Cox's Bazar,Chittagong,10,2022,457.7228142169323
Feni,Chittagong,10,2022,458.0596962142436
Khagrachhari,Chittagong,10,2022,367.7647192148571
Lakshmipur,Chittagong,10,2022,510.7332116537547
Noakhali,Chittagong,10,2022,476.33469611769385
Rangamati,Chittagong,10,2022,332.39744657185156
Dhaka,Dhaka,10,2022,791.854993401786
Faridpur,Dhaka,10,2022,588.9198770396114
Gazipur,Dhaka,10,2022,668.5447955503552
Gopalganj,Dhaka,10,2022,487.8576640587158
Jamalpur,Dhaka,10,2022,572.6173395284237
Kishoreganj,Dhaka,10,2022,708.6521898168712
Madaripur,Dhaka,10,2022,597.1973520960978
Manikganj,Dhaka,10,2022,741.8075042084498
Munshiganj,Dhaka,10,2022,681.0315657867858
Mymensingh,Dhaka,10,2022,463.4189413304995
Narayanganj,Dhaka,10,2022,792.2249739022624
Narsingdi,Dhaka,10,2022,693.1310434504401
Netrakona,Dhaka,10,2022,547.8051279050754
Rajbari,Dhaka,10,2022,533.246894263088
Shariatpur,Dhaka,10,2022,642.0230327169878
Sherpur,Dhaka,10,2022,452.8808301148506
Tangail,Dhaka,10,2022,558.5338435334191
Bagerhat,Khulna,10,2022,500.81278973452424
Chuadanga,Khulna,10,2022,548.9075324529916
Jessore,Khulna,10,2022,405.82402779552336
Jhenaidah,Khulna,10,2022,399.83501976975464
Khulna,Khulna,10,2022,510.9541501635605
Kushtia,Khulna,10,2022,552.650566283542
Magura,Khulna,10,2022,425.5046776630689
Meherpur,Khulna,10,2022,522.8604655207153
Narail,Khulna,10,2022,497.5745293400828
Satkhira,Khulna,10,2022,465.854101610755
Habiganj,Sylhet,10,2022,540.3634861202056
Maulvibazar,Sylhet,10,2022,460.00461945098476
Sunamganj,Sylhet,10,2022,646.3928524764276
Sylhet,Sylhet,10,2022,543.6087663333735
Bogra,Rajshahi,10,2022,534.7140963081838
Joypurhat,Rajshahi,10,2022,428.4209668319773
Naogaon,Rajshahi,10,2022,469.13920248689396
Natore,Rajshahi,10,2022,510.3308626990762
Nawabganj,Rajshahi,10,2022,583.1802278166288
Pabna,Rajshahi,10,2022,542.4103621552691
Rajshahi,Rajshahi,10,2022,577.1568058816431
Sirajganj,Rajshahi,10,2022,676.5947735158162
Dinajpur,Rangpur,10,2022,464.67461321277983
Gaibandha,Rangpur,10,2022,578.3145389088462
Kurigram,Rangpur,10,2022,615.2287811555502
Lalmonirhat,Rangpur,10,2022,493.4669330290988
Nilphamari,Rangpur,10,2022,485.9348016132572
Panchagarh,Rangpur,10,2022,449.496841328273
Rangpur,Rangpur,10,2022,466.31987683753187
Thakurgaon,Rangpur,10,2022,483.5882077618247
Barguna,Barisal,10,2022,501.70389153333025
Barisal,Barisal,11,2022,492.4356851387193
Bhola,Barisal,11,2022,579.548571738241
Jhalokati,Barisal,11,2022,347.10680025976257
Patuakhali,Barisal,11,2022,434.2179638056266
Pirojpur,Barisal,11,2022,380.2459993194063
Bandarban,Chittagong,11,2022,345.7337150440316
Brahamanbaria,Chittagong,11,2022,602.2442397922237
Chandpur,Chittagong,11,2022,513.944973702008
Chittagong,Chittagong,11,2022,462.2430810593274
Comilla,Chittagong,11,2022,467.34585419463565
Cox's Bazar,Chittagong,11,2022,543.7756793189701
Feni,Chittagong,11,2022,481.2570656371161
Khagrachhari,Chittagong,11,2022,326.7248107549901
Lakshmipur,Chittagong,11,2022,499.71173531131444
Noakhali,Chittagong,11,2022,502.5547955582724
Rangamati,Chittagong,11,2022,325.20030072601554
Dhaka,Dhaka,11,2022,670.3842212067589
Faridpur,Dhaka,11,2022,561.371652768393
Gazipur,Dhaka,11,2022,460.2716259480549
Gopalganj,Dhaka,11,2022,402.9735066815178
Jamalpur,Dhaka,11,2022,636.9374926275707
Kishoreganj,Dhaka,11,2022,668.6794242426776
Madaripur,Dhaka,11,2022,565.3116040216639
Manikganj,Dhaka,11,2022,686.1705663055703
Munshiganj,Dhaka,11,2022,613.3093750885727
Mymensingh,Dhaka,11,2022,526.4033845614939
Narayanganj,Dhaka,11,2022,638.1025904302965
Narsingdi,Dhaka,11,2022,466.0185528645958
Netrakona,Dhaka,11,2022,576.4802580711583
Rajbari,Dhaka,11,2022,643.9851166249855
Shariatpur,Dhaka,11,2022,636.142013118462
Sherpur,Dhaka,11,2022,535.0224397591775
Tangail,Dhaka,11,2022,593.0169364126814
Bagerhat,Khulna,11,2022,389.40963186740396
Chuadanga,Khulna,11,2022,532.2227814497162
Jessore,Khulna,11,2022,537.1215472545096
Jhenaidah,Khulna,11,2022,523.4061434669849
Khulna,Khulna,11,2022,460.5129194985038
Kushtia,Khulna,11,2022,587.3974605704578
Magura,Khulna,11,2022,583.6174866791231
Meherpur,Khulna,11,2022,555.3373892233925
Narail,Khulna,11,2022,504.78853360464933
Satkhira,Khulna,11,2022,517.871255596904
Habiganj,Sylhet,11,2022,584.7067306807002
Maulvibazar,Sylhet,11,2022,438.4552932855256
Sunamganj,Sylhet,11,2022,631.8442842977033
Sylhet,Sylhet,11,2022,516.3755489208477
Bogra,Rajshahi,11,2022,638.7254579369298
Joypurhat,Rajshahi,11,2022,667.1914067288304
Naogaon,Rajshahi,11,2022,585.6171701617994
Natore,Rajshahi,11,2022,550.2393203356695
Nawabganj,Rajshahi,11,2022,621.6968374276987
Pabna,Rajshahi,11,2022,602.5152191091727
Rajshahi,Rajshahi,11,2022,621.4276720861857
Sirajganj,Rajshahi,11,2022,749.6874036288752
Dinajpur,Rangpur,11,2022,600.2416849311585
Gaibandha,Rangpur,11,2022,667.8434871315536
Kurigram,Rangpur,11,2022,692.5575722958155
Lalmonirhat,Rangpur,11,2022,707.1275294363188
Nilphamari,Rangpur,11,2022,628.5971881255625
Panchagarh,Rangpur,11,2022,647.0910762459342
Rangpur,Rangpur,11,2022,607.7630093941802
Thakurgaon,Rangpur,11,2022,720.9958084570084
Barguna,Barisal,11,2022,422.3286559904182
Barisal,Barisal,12,2022,724.5269128799439
Bhola,Barisal,12,2022,793.5635449957066
Jhalokati,Barisal,12,2022,554.4758098455285
Patuakhali,Barisal,12,2022,707.1852885760873
Pirojpur,Barisal,12,2022,605.5488115625459
Bandarban,Chittagong,12,2022,399.87796049484206
Brahamanbaria,Chittagong,12,2022,1452.1285822354848
Chandpur,Chittagong,12,2022,664.1354525322955
Chittagong,Chittagong,12,2022,668.1659864395513
Comilla,Chittagong,12,2022,873.372955858106
Cox's Bazar,Chittagong,12,2022,642.1224788901793
Feni,Chittagong,12,2022,1251.6466151850384
Khagrachhari,Chittagong,12,2022,643.3178835794836
Lakshmipur,Chittagong,12,2022,671.2845043967175
Noakhali,Chittagong,12,2022,1047.840843073098
Rangamati,Chittagong,12,2022,647.7290680949
Dhaka,Dhaka,12,2022,884.801583508651
Faridpur,Dhaka,12,2022,934.5937198133064
Gazipur,Dhaka,12,2022,624.402718588865
Gopalganj,Dhaka,12,2022,749.3679383752468
Jamalpur,Dhaka,12,2022,1177.6396330072296
Kishoreganj,Dhaka,12,2022,1837.5278839037023
Madaripur,Dhaka,12,2022,813.8612799071126
Manikganj,Dhaka,12,2022,969.831957189913
Munshiganj,Dhaka,12,2022,800.5204628894459
Mymensingh,Dhaka,12,2022,895.7714984269821
Narayanganj,Dhaka,12,2022,701.1837660536194
Narsingdi,Dhaka,12,2022,557.5327007839289
Netrakona,Dhaka,12,2022,881.6386434631921
Rajbari,Dhaka,12,2022,1198.6338077750734
Shariatpur,Dhaka,12,2022,808.5342011564115
Sherpur,Dhaka,12,2022,844.2223408756569
Tangail,Dhaka,12,2022,878.1015232516991
Bagerhat,Khulna,12,2022,671.8382793049366
Chuadanga,Khulna,12,2022,863.5041726788354
Jessore,Khulna,12,2022,818.6945405323787
Jhenaidah,Khulna,12,2022,1031.0785711365786
Khulna,Khulna,12,2022,732.3940020877166
Kushtia,Khulna,12,2022,1161.6464657938786
Magura,Khulna,12,2022,1240.0583107407833
Meherpur,Khulna,12,2022,874.1157409998046
Narail,Khulna,12,2022,908.0470128155612
Satkhira,Khulna,12,2022,682.2962026472601
Habiganj,Sylhet,12,2022,1654.3604482526796
Maulvibazar,Sylhet,12,2022,715.0389347031596
Sunamganj,Sylhet,12,2022,791.3360659452596
Sylhet,Sylhet,12,2022,673.7961356271659
Bogra,Rajshahi,12,2022,1151.9218638632408
Joypurhat,Rajshahi,12,2022,1111.8423558426498
Naogaon,Rajshahi,12,2022,1105.4899794654232
Natore,Rajshahi,12,2022,996.9725879669136
Nawabganj,Rajshahi,12,2022,974.9137795272737
Pabna,Rajshahi,12,2022,1235.709993467352
Rajshahi,Rajshahi,12,2022,1022.8438943257573
Sirajganj,Rajshahi,12,2022,1102.9925302227398
Dinajpur,Rangpur,12,2022,1281.448583986666
Gaibandha,Rangpur,12,2022,1654.0359603136671
Kurigram,Rangpur,12,2022,1098.197439157211
Lalmonirhat,Rangpur,12,2022,1070.0061264824324
Nilphamari,Rangpur,12,2022,1112.4164858637876
Panchagarh,Rangpur,12,2022,903.9526482337129
Rangpur,Rangpur,12,2022,1407.099497559331
Thakurgaon,Rangpur,12,2022,1171.7852663707645
Barguna,Barisal,12,2022,607.3661802944741
