ADM2_NAME,Month,Year,EVI_mean,LAI_mean,FPAR_mean,LST_Kelvin_mean,Soil_Moisture_mm_mean
Barisal,1,2022,-289.44856442562724,-1697.0802422353547,-1753.0097648464236,295.2514497391497,7.976049257482495
Bhola,1,2022,-1333.9237105352752,-3376.985566766126,-3395.8928258402816,150.89414444620405,4.584525318914152
Jhalokati,1,2022,0.29761908862630626,-261.5023283156587,-283.63213186355085,295.9887382062581,6.167500989684569
Patuakhali,1,2022,-129.05705108576294,-1015.3776897723817,-1017.5035866069189,254.721162879693,12.443186835161654
Pirojpur,1,2022,-1.9000098135846422,-607.7585652816297,-673.067972659416,295.60522789563277,6.32199000968487
Bandarban,1,2022,0.423979357654535,3.5893101301015227,0.7966599038609931,296.141139285462,3.961904551623006
Brahamanbaria,1,2022,0.24650904258293543,-1403.025927430065,-1414.049706355755,296.21555850066665,6.990930940515566
Chandpur,1,2022,-329.52137511041906,-1766.082848955086,-1873.2102780332964,295.3415049600582,5.827155380063496
Chittagong,1,2022,-41.37493613856598,-511.64534703836995,-518.9350835972243,263.2567309039326,-19.010968683860774
Comilla,1,2022,0.29214625900324254,-131.43478535250114,-139.4035446928537,295.99527123903687,8.423208115121199
Cox's Bazar,1,2022,-1141.5279825875832,-1765.0542429941247,-1771.4931117923747,-951.8725582880007,-7.017220110069156
Feni,1,2022,-7.626200292955802,-96.77976229240484,-102.54530712637902,288.3056844039336,10.067939072509883
Khagrachhari,1,2022,0.4261628127961914,-13.015075343599895,-15.244498560942015,295.37682447267497,8.294509749506187
Lakshmipur,1,2022,-629.8624489463396,-1740.7752013983913,-1883.8421612190589,251.00237339091768,7.651302110734616
Noakhali,1,2022,-312.1101226438656,-579.0247762058284,-797.4232122959186,141.301660245239,-240.66221206168663
Rangamati,1,2022,-51.84982713998589,-619.6079138198119,-636.8390421191895,294.7976941932191,4.314729232640792
Dhaka,1,2022,-15.250555816580082,-1393.3559746907322,-1398.409370452406,296.1643807562892,8.219125736463324
Faridpur,1,2022,-18.262248774127567,-1211.0903516520973,-1211.4658093570542,295.83528265211436,9.593797332650903
Gazipur,1,2022,0.2722267945388868,-178.99797465204895,-207.48436324610347,295.0748909276151,9.758772291896374
Gopalganj,1,2022,0.27358428671227636,-55.49036969508997,-151.437396464943,295.7379105055407,8.100658362010325
Jamalpur,1,2022,0.2800488833449251,-547.6232212910066,-547.99519190244,295.1669374706264,3.922920713981382
Kishoreganj,1,2022,0.24403485598498081,-3507.7807837163477,-3512.408544356025,295.32115252032503,6.0411673631446785
Madaripur,1,2022,-188.51310556363177,-938.7533812687603,-955.0838428796029,291.6017655856431,6.394062730258612
Manikganj,1,2022,-112.44554868358871,-1458.6401189719634,-1459.267866260069,295.03439784938695,8.795593775658691
Munshiganj,1,2022,-140.4615774106785,-1551.3095828001133,-1602.4983014913266,296.2218264064058,6.518990380379987
Mymensingh,1,2022,0.2228442508549417,-44.45683384639071,-45.20862960693828,295.3158970799132,5.427778150836621
Narayanganj,1,2022,0.2503313230000656,-1076.2394944710536,-1076.5328716471388,296.27490317715495,6.761689763536516
Narsingdi,1,2022,0.27972165206618316,-955.977804031356,-985.7791170916003,295.6029899247983,7.375811868144613
Netrakona,1,2022,0.20800955478818617,-937.775003816216,-943.5672298951364,296.1549816270954,5.269148149293651
Rajbari,1,2022,-32.398483259679594,-964.4244960416867,-964.7452872101475,295.55820852478905,11.01994044970063
Shariatpur,1,2022,-278.12578099518294,-1864.4113337263514,-1879.602601215193,295.7324025014571,5.556438921064991
Sherpur,1,2022,0.2182013516445245,-96.79499811013008,-98.78655075463428,295.4304065500216,4.94508235945133
Tangail,1,2022,0.3031216168942717,-298.90953005055496,-304.3575568639089,294.94282199233095,7.487259701921951
Bagerhat,1,2022,-38.40555652934047,-1971.0836515720157,-2150.1280213911205,251.69465507215403,8.9891973873983
Chuadanga,1,2022,0.3863006964909074,-19.894554783355396,-20.620088516527737,295.0488965640637,8.651210399451637
Jessore,1,2022,-0.6355126722971153,-218.46285711116852,-230.4938164849999,295.229376662467,6.618025678748358
Jhenaidah,1,2022,0.3043106087696318,-48.1138416133229,-48.556599889310235,295.5745632908628,10.05389117507468
Khulna,1,2022,-28.07069608466496,-3689.1305698665324,-3826.3677073164317,255.238691057499,8.507945098624335
Kushtia,1,2022,0.345724090236069,-692.5495439662991,-694.4955417522896,294.8376205420693,8.43000753218036
Magura,1,2022,0.2814401173215576,-73.63385058643615,-74.01799877947191,295.88367959677896,11.073628518920575
Meherpur,1,2022,0.4264172890668281,-42.893174829591466,-43.737230307016155,294.8549311876261,8.759352049330058
Narail,1,2022,0.26661478285345014,-111.67819868842959,-112.06743525082223,295.4659493225717,6.966282538141899
Satkhira,1,2022,-53.085888796264086,-4289.663552052197,-4480.478948808781,242.25794745662358,6.890216261429465
Habiganj,1,2022,0.24437960361844357,-889.2986289656071,-921.3086914938445,296.0452230537533,8.825352760382017
Maulvibazar,1,2022,0.30312081352043924,-749.5101207919895,-767.1732049865875,295.8772530396376,8.128200692979595
Sunamganj,1,2022,0.23596383315283237,-2933.6692725856474,-3010.712930984709,295.34492258008225,6.018659857538416
Sylhet,1,2022,0.27112426127265626,-367.92974163016964,-396.9666380006683,296.1830464427475,5.815836198883956
Bogra,1,2022,0.2814943262251142,-770.5522442689199,-771.6738354916763,232.2737737759674,5.475014302751924
Joypurhat,1,2022,0.4077045516730544,-124.59043745670895,-125.19453600459468,186.64596405418422,5.26249335814402
Naogaon,1,2022,0.2588790229327388,-290.17954703640606,-290.4561991909266,-206.91063617769916,5.046927282405061
Natore,1,2022,-0.902978508929881,-267.4939156771783,-267.9509883218377,241.71468012656135,7.368454744853466
Nawabganj,1,2022,0.2857391112535968,-469.9109135243681,-470.23742883399694,294.11063921529137,5.078306882247214
Pabna,1,2022,-0.6280335944092265,-689.3674907012052,-689.8579072327904,295.08318614447074,7.59552296030142
Rajshahi,1,2022,-2.4971184542118863,-602.108492510922,-603.5053440748961,294.3629453832692,5.570509598800231
Sirajganj,1,2022,-0.629839775651778,-1380.9894609120722,-1381.3609511369318,294.78057556724025,5.126699756790525
Dinajpur,1,2022,0.2701842866869256,-142.28251474103698,-142.56679739318912,-160.96009253882218,4.816070903041324
Gaibandha,1,2022,0.21370902334290579,-918.4835400850116,-918.6655210355835,286.336713670728,4.545134762952233
Kurigram,1,2022,0.20499665110858767,-1301.5498377660265,-1301.711767271745,294.69142017217206,3.8021343762877726
Lalmonirhat,1,2022,0.3015040634872642,-77.00210886207458,-77.40282204533665,294.26306121954195,5.435672951092521
Nilphamari,1,2022,0.272183092701903,-171.94033452928477,-172.23545178973768,293.8910120824588,4.678272400959525
Panchagarh,1,2022,0.2709797142692556,-10.571152981824394,-12.500675140722548,294.36258626088585,4.431340617798384
Rangpur,1,2022,0.29289416355906867,-115.55871149166578,-115.89721749693709,294.226921853674,6.047433470363544
Thakurgaon,1,2022,0.3579453798354573,-92.38820409740995,-92.85872057826631,294.1369436260055,4.209302512972253
Barguna,1,2022,-125.67938620911606,-1233.2744560078404,-1241.427995041738,128.70114968239855,13.311782057666294
Barisal,2,2022,-358.0327379418122,-1696.885856833899,-1752.9747395131901,297.75295280329294,6.291647068414293
Bhola,2,2022,-1133.4650694634852,-3376.9114716725135,-3395.8781815670627,153.58243627052434,3.793952048311503
Jhalokati,2,2022,0.28351049724863275,-261.4467905975329,-283.63775367921045,298.56955493267816,5.1320838295756035
Patuakhali,2,2022,-90.02660646871992,-1015.4040993458449,-1017.5195909475519,257.82920387135243,11.892870387214383
Pirojpur,2,2022,-3.232217734119416,-607.6015363867467,-673.0485955725097,298.11373049319025,5.05248237401496
Bandarban,2,2022,0.3884407305202579,3.201502360438268,0.7494217210514511,299.0817024859585,2.9944269846073994
Brahamanbaria,2,2022,0.3483592784247389,-1402.6058922471848,-1413.9195010904382,297.82784171431285,6.18278535904204
Chandpur,2,2022,-518.5715117010486,-1765.7493757478233,-1873.143218166783,296.94130157703194,4.149542644506656
Chittagong,2,2022,-37.20521391913854,-511.7028933268167,-518.944302074907,265.6674982129647,-19.74604455633404
Comilla,2,2022,0.3254163913286901,-131.0696591359809,-139.30346082711594,298.05159596088214,7.01927220647858
Cox's Bazar,2,2022,-1090.2236493504056,-1765.0731820755752,-1771.4917454754577,-947.9521584738291,-7.199336383042878
Feni,2,2022,-6.912951164575838,-96.68671044841601,-102.51297836006013,291.2130617605926,9.00096257657683
Khagrachhari,2,2022,0.3821853644327739,-13.257633651108991,-15.290508082386141,298.20771769529676,6.373808143564035
Lakshmipur,2,2022,-370.60412949024715,-1740.581417012636,-1883.8218904928626,253.32715907809,6.483866145771893
Noakhali,2,2022,-142.27677574198083,-578.794127901475,-797.3694809816238,143.96629124761893,-240.85079730394978
Rangamati,2,2022,-4.456609272444609,-619.7879292055567,-636.8710907600623,297.2962178879634,3.4389240342967136
Dhaka,2,2022,-16.45775352880492,-1393.2463071506265,-1398.37561387954,298.88899532914405,6.4590574008707575
Faridpur,2,2022,-1.0699962126337375,-1210.7575222288701,-1211.3629763520755,298.5055443184283,8.180165496622251
Gazipur,2,2022,0.2908490049003514,-178.67859123746527,-207.39837279673625,297.96422674227586,9.033219356039664
Gopalganj,2,2022,0.3160460389352987,-54.98944164170797,-151.30340873958235,298.0377249876434,6.310390498805395
Jamalpur,2,2022,0.23684085397793248,-547.5242531937712,-548.0030851339465,297.258677003204,10.104436021673997
Kishoreganj,2,2022,0.379594418903316,-3507.378903961845,-3512.29887443975,296.70778530672817,6.793663126574316
Madaripur,2,2022,-118.61352711050912,-938.5047983717177,-955.0144959955882,297.8896133319713,4.593384300117133
Manikganj,2,2022,-155.88733634011314,-1458.7881243563936,-1459.3146054401693,297.81824630120593,8.044288473890846
Munshiganj,2,2022,-109.94396152148376,-1550.6603456747755,-1602.3414886223795,297.4967878961576,4.299258841679315
Mymensingh,2,2022,0.24164734249069897,-44.152061222005415,-45.12137201051993,297.30920799562705,8.398788818912655
Narayanganj,2,2022,0.26626964086884325,-1076.080345463434,-1076.4781457261881,298.73048133551055,4.281231277736495
Narsingdi,2,2022,0.30949299716254663,-955.7667440691272,-985.7103545495664,297.95101580877486,6.181088852690597
Netrakona,2,2022,0.3044402189832685,-937.2912342507123,-943.4379833867948,296.91451807622957,6.891980853381328
Rajbari,2,2022,-38.33165552043416,-964.0742365801364,-964.6346916547894,298.2922163496274,11.399189231118813
Shariatpur,2,2022,-188.72054834650504,-1864.2271186538233,-1879.5550108152397,297.8300080439464,3.6859096355588714
Sherpur,2,2022,0.23839541495955155,-96.57550319054538,-98.73766074507351,296.91032872959573,10.89739360849704
Tangail,2,2022,0.25074306600423935,-298.92336337573244,-304.37110046759574,297.7981642614683,10.725027172046477
Bagerhat,2,2022,-48.33568944399977,-1970.9141719517015,-2150.0914690190916,254.16202506095303,8.010479011019667
Chuadanga,2,2022,0.3567987101121976,-19.64207263496046,-20.551773541058672,297.58718418562637,9.493585240465816
Jessore,2,2022,0.26661381554578867,-218.34631977443433,-230.477761490406,298.01298036689747,4.629283170123559
Jhenaidah,2,2022,0.2903301389565444,-47.79116140548268,-48.46121206996305,298.1006973738657,8.842306868649212
Khulna,2,2022,-34.96216902168325,-3689.0040795733084,-3826.33888722871,257.96052919429184,7.560444461463729
Kushtia,2,2022,0.3248498902369262,-692.2099086620167,-694.4204603393164,297.7507659068066,10.81131320896618
Magura,2,2022,0.28771062030945116,-73.27290834553284,-73.90325578465226,298.44174328109364,8.92420163622387
Meherpur,2,2022,0.39208905572162994,-42.514222784823694,-43.66113337022049,297.35129844297495,12.943054935125321
Narail,2,2022,0.2897370434932795,-111.35234765745956,-111.96850020470454,298.18585567337027,4.901030512858183
Satkhira,2,2022,-47.54528360019594,-4289.624238842,-4480.458557489489,245.03907150974536,5.829282384964419
Habiganj,2,2022,0.34616271987891,-888.8321247490851,-921.1797658201475,297.6739314038533,8.066829633657594
Maulvibazar,2,2022,0.3079582840793371,-749.4556558914198,-767.1750964043946,298.2176026479464,7.118321747744675
Sunamganj,2,2022,0.3665312766174657,-2933.2208553018404,-3010.6075040485375,296.1675918341484,6.773560073607245
Sylhet,2,2022,0.29344859998287653,-367.74144242304754,-396.9401203378193,297.95971022578203,7.293617782325497
Bogra,2,2022,-0.5522082905499098,-770.4471744975524,-771.6745635196322,297.21851562765914,11.624592202219237
Joypurhat,2,2022,0.21846489145176995,-124.84340134105507,-125.31243671193128,297.2680699711332,10.60885980441341
Naogaon,2,2022,0.23448088900738395,-289.91517199234596,-290.4064430815303,296.81125088134775,9.92834154005297
Natore,2,2022,0.34409806230063644,-266.9426352753316,-267.8263567090944,297.301065132496,11.51361879879145
Nawabganj,2,2022,0.2636932084744987,-469.72504126943824,-470.22292187878156,296.7653740929037,9.063427691197996
Pabna,2,2022,0.28904952092558744,-689.1955187410749,-689.8230415660579,298.1589870131396,9.129415261855911
Rajshahi,2,2022,0.27003463592565147,-601.9536067732823,-603.4957149331603,297.2230452321445,10.382602583250469
Sirajganj,2,2022,0.21280670134143637,-1381.0096984447998,-1381.3952734249501,297.5841384050571,9.05997141164761
Dinajpur,2,2022,0.22765403788423458,-142.03957110674796,-142.54624668602074,296.69743881927604,9.362046535429537
Gaibandha,2,2022,-0.825176235109911,-918.2598880591692,-918.6182471017123,296.7492845252924,9.531180088539376
Kurigram,2,2022,-1.8238381335835268,-1301.2704352871465,-1301.6557680598517,296.15711828551764,7.556880695206645
Lalmonirhat,2,2022,0.3439491671137304,-76.23123761705264,-77.26757927392616,295.9485221076426,7.834716989336107
Nilphamari,2,2022,0.27493349749645507,-171.44479155268863,-172.15484280584948,295.94974994435444,7.253593388147193
Panchagarh,2,2022,0.26354636960468586,-10.24636840192841,-12.44180560725306,296.89608840960244,7.689507851979457
Rangpur,2,2022,0.25937155795948535,-115.25865875618605,-115.8673034047965,296.5373108601701,9.265849649177937
Thakurgaon,2,2022,0.32797470234797993,-91.83159835779533,-92.74360764985812,296.3457187890601,8.606854224658795
Barguna,2,2022,-132.0749893410555,-1233.3296900667422,-1241.4521107019436,132.22803724890207,12.161940369447807
Barisal,3,2022,-11.22530365591022,-1696.6246221184324,-1752.9414222921466,302.23346037273205,3.4711748373547793
Bhola,3,2022,-263.3505283611413,-3376.692381167184,-3395.8406200543777,157.08516351277518,2.060092490888734
Jhalokati,3,2022,0.39334779156360683,-261.0870212718186,-283.59063260813053,303.2406697825364,2.4559091760570606
Patuakhali,3,2022,-38.04321983463894,-1015.1904852039463,-1017.4705201859113,262.62001253141653,10.399783323716722
Pirojpur,3,2022,0.377069257260514,-607.4333021097547,-673.0414777236307,302.60023538953135,2.1693491771771227
Bandarban,3,2022,0.33862587190539356,2.321767778870514,0.5893735633265689,304.7592799493427,1.8970064518897356
Brahamanbaria,3,2022,0.4389336263997422,-1402.123459712107,-1413.8405736766815,301.95387598616827,2.967730853972591
Chandpur,3,2022,0.3587223148621605,-1765.4982177447112,-1873.1130468074114,301.5762915227983,2.0491109987601064
Chittagong,3,2022,-35.58639955936429,-511.65609390632517,-518.975075577051,270.10937487937287,-21.47442339498428
Comilla,3,2022,0.4215059230254856,-130.64987268074333,-139.23026263188967,302.235026615338,3.304755518769415
Cox's Bazar,3,2022,-1153.7922517192865,-1765.1843281220208,-1771.5307226737896,-944.6034820849281,-7.564906712661705
Feni,3,2022,-6.061069009054035,-96.42118269417269,-102.48900950830392,295.7024881711878,5.238627967658209
Khagrachhari,3,2022,0.3650510216923332,-13.768200766446634,-15.409568537048843,304.0750678016168,2.3999082763914745
Lakshmipur,3,2022,-109.9180444752153,-1740.290758984471,-1883.7770038384833,257.7507220892215,3.978324842985573
Noakhali,3,2022,-99.47695839107999,-578.5552644291895,-797.3477927706956,148.4951227129862,-242.45666271247467
Rangamati,3,2022,-7.6922664598773505,-620.6888071844352,-637.0164001622093,303.2614651791955,1.854948061130324
Dhaka,3,2022,0.3093792356407276,-1393.1500911269995,-1398.3886108533382,303.8489470921803,2.5109047474997688
Faridpur,3,2022,0.32815046319587843,-1210.8957176994215,-1211.4263883552026,304.49360772082673,4.218093069050191
Gazipur,3,2022,0.3512517689004526,-178.62085382303198,-207.41740469069657,303.32282705212606,4.174704557153383
Gopalganj,3,2022,0.45426689686012056,-54.30111918796683,-151.21637090661866,302.450396645811,2.532395808938058
Jamalpur,3,2022,0.3990422130351799,-547.0016163452746,-547.9050375037324,301.98074099930625,5.488352918300053
Kishoreganj,3,2022,0.4653491858207745,-3507.069149760123,-3512.250254967197,301.29861954261764,3.5487614039066466
Madaripur,3,2022,-1.6247491343078464,-938.4721639223175,-955.0645948775189,303.47086653184704,1.9203461415621443
Manikganj,3,2022,0.308885189370157,-1458.8378744954289,-1459.3604191619122,302.9298080420583,3.2195428586236847
Munshiganj,3,2022,0.3421524912721777,-1550.9343963259414,-1602.4349813100227,302.89853444924705,1.9895513013891424
Mymensingh,3,2022,0.42596847433656276,-43.530322350191106,-45.00890943288197,301.9011524675702,4.8572456989216075
Narayanganj,3,2022,0.29560024937699936,-1076.0068946583963,-1076.4856728495436,303.4513839058659,2.124957612246921
Narsingdi,3,2022,0.3960258606097609,-955.5073386562307,-985.6703654903617,302.34344220182527,3.0493317248061764
Netrakona,3,2022,0.48632040377757385,-936.5288917435163,-943.3060493381951,301.25799982883797,4.947324307960905
Rajbari,3,2022,0.3048316938490984,-964.1522705092111,-964.6758712761593,304.29766854638456,5.779836057717134
Shariatpur,3,2022,-1.5188615680985909,-1864.3750403637055,-1879.627221272664,303.558603337695,1.8537401318126325
Sherpur,3,2022,0.46296659871893125,-95.53476234125593,-98.52518616567926,300.79106701863475,7.228484170166346
Tangail,3,2022,0.4033787801520473,-298.50092209957756,-304.3179611873179,302.4701314658617,4.89622733292477
Bagerhat,3,2022,-42.05814063082723,-1971.0867834077233,-2150.134891472495,258.65806809641225,6.057524032602757
Chuadanga,3,2022,0.4270963971962234,-19.573158461819858,-20.57965671244203,303.13568516633524,3.092908057896232
Jessore,3,2022,0.45184750897135423,-217.5310209453573,-230.32301364680612,302.3382162304466,1.940439410378094
Jhenaidah,3,2022,0.4317834669840982,-47.38279368749406,-48.40157195392198,303.11010089824725,3.5872876822883932
Khulna,3,2022,-32.52974909138549,-3689.069823463335,-3826.3406161339203,262.3292259869024,5.791752528661816
Kushtia,3,2022,0.33324467351779674,-692.5329747373506,-694.5186542760467,304.3404224851639,4.442679386258567
Magura,3,2022,0.3856724237341302,-73.00489306236017,-73.86975917924629,303.7379297276324,4.036494481735707
Meherpur,3,2022,0.3784847958443615,-43.03592413979518,-43.79763771172251,304.2506613815727,5.239727568950667
Narail,3,2022,0.3967827973399397,-110.93760686435867,-111.90688465320426,303.1026165070911,1.9552701792398057
Satkhira,3,2022,-50.31044017522029,-4289.475295950132,-4480.4378566378955,249.39278788994565,4.533996847835732
Habiganj,3,2022,0.44244175605684527,-888.4039198166089,-921.1239266265765,302.7086424923502,4.441579981932183
Maulvibazar,3,2022,0.35000688653993717,-749.3704927637126,-767.1797982223676,304.25174099748045,5.352645301510194
Sunamganj,3,2022,0.4369388691399127,-2933.100259699903,-3010.609366784992,301.6487740384731,6.959361219145865
Sylhet,3,2022,0.32861019676123,-367.69667910322204,-396.97198479685716,304.12698531497625,8.226553059987861
Bogra,3,2022,0.39262681828669843,-769.7142842112984,-771.5492437074028,302.4689200526771,6.2305530217154566
Joypurhat,3,2022,0.3687051078320093,-124.10930749166846,-125.1896304369308,302.7107940137262,5.818237250564696
Naogaon,3,2022,0.45180464569038586,-288.749383862868,-290.2137814525625,301.9947026075723,4.217280364591017
Natore,3,2022,0.39705222220719166,-266.67670600904376,-267.8528119090257,303.2903944002787,5.975198084078376
Nawabganj,3,2022,0.36859505087361544,-469.19718748386964,-470.1241200318422,303.2398547908143,3.957703991839048
Pabna,3,2022,0.3300057702020997,-689.2664101038479,-689.881260216762,304.23609988415313,3.445504122856651
Rajshahi,3,2022,0.3217887933876525,-601.8400771996302,-603.4979892710115,303.6853481332855,3.9109128262170954
Sirajganj,3,2022,0.37829130136057804,-1380.3267984897304,-1381.2725410959433,302.47746680450683,3.899610555427603
Dinajpur,3,2022,0.3546395507376418,-141.33646840906394,-142.4006176723697,302.51843856689095,5.0866533108223395
Gaibandha,3,2022,0.35883478323922124,-917.5917454214547,-918.478733273255,302.3694359811531,5.6264958522825435
Kurigram,3,2022,0.3120474359784699,-1300.9039716754705,-1301.5792115233849,301.9293568883854,4.103546643735085
Lalmonirhat,3,2022,0.373606764566462,-76.24732214326482,-77.29788303046551,302.1833919021893,4.134288444786067
Nilphamari,3,2022,0.382735783939839,-170.94401273416125,-172.07971688933858,301.78775611946645,3.9745150324619622
Panchagarh,3,2022,0.32168544866633214,-10.016050839271188,-12.421598012982178,303.49914323295184,3.915126267863782
Rangpur,3,2022,0.33462661601138877,-114.95657206038985,-115.81969036412713,302.6840495831028,5.157736177985399
Thakurgaon,3,2022,0.3240247326317399,-92.08007233450456,-92.84118780542998,303.15213656438317,4.861736452807289
Barguna,3,2022,-75.30448621390077,-1233.1621274254178,-1241.4239146347093,136.68710814840034,10.533710937779492
Barisal,4,2022,0.3766319503688202,-1696.7104968893266,-1752.971411540877,301.2821742922068,2.9205844026739882
Bhola,4,2022,-107.28328080458421,-3376.7314179081673,-3395.8774411656404,145.32103815443506,1.9003384747490655
Jhalokati,4,2022,0.42344881740970935,-261.1456913452286,-283.6208996295099,301.23460641411117,2.0652057081903323
Patuakhali,4,2022,-39.02058415513107,-1015.068020994093,-1017.4577271785904,261.0042410236408,10.377901751264806
Pirojpur,4,2022,0.39725753565733973,-607.5901660144367,-673.0908727789023,301.42836269989056,1.9731548777040389
Bandarban,4,2022,0.3824165975338056,2.2491599749349196,0.5645614696896447,304.8749676020621,2.3988721117050495
Brahamanbaria,4,2022,0.3676086107188971,-1402.657221111595,-1413.9743351320851,301.77011616408754,7.790449377946193
Chandpur,4,2022,0.37371408479742185,-1765.7874992132836,-1873.184677795573,300.943654109834,2.2584482505784216
Chittagong,4,2022,-41.37197624417963,-511.71480033085993,-519.0221024911916,262.65845888037364,-21.318613625311727
Comilla,4,2022,0.41465698662500666,-130.8882317158308,-139.3016385688258,301.74158472779544,4.147681246670496
Cox's Bazar,4,2022,-1111.9730163440963,-1765.3527629751634,-1771.5778637245116,-947.3057612595991,-7.290346491379828
Feni,4,2022,-10.602882245705189,-96.45211071074922,-102.51233563683073,271.6152508906063,4.845124072696839
Khagrachhari,4,2022,0.4080973506335806,-13.777530979847858,-15.4400847433481,295.03026138354596,3.1987392097288425
Lakshmipur,4,2022,-29.98699343980163,-1740.3112941001475,-1883.7905555302793,249.7972531637326,3.652471350479609
Noakhali,4,2022,-102.18829244390109,-578.874915924457,-797.426266097029,145.8781790675069,-242.75827042496832
Rangamati,4,2022,0.37773733181210517,-620.9107549033813,-637.0790382764004,299.81781647119993,2.7920460745851434
Dhaka,4,2022,0.346656617037189,-1393.2375955413586,-1398.4224698469586,303.8436888655498,4.886333997495443
Faridpur,4,2022,0.35697027623614147,-1210.9459014856511,-1211.4657304007947,304.74230376512054,3.729867997429691
Gazipur,4,2022,0.39589600022733773,-178.67878850185394,-207.45066139752535,302.83518925627715,6.40584551144207
Gopalganj,4,2022,0.4318095322601165,-54.516173572674155,-151.26726092628712,302.3632323043247,1.358733982118018
Jamalpur,4,2022,0.4039936869508406,-547.1924036820305,-547.9986140460967,301.02044655416273,21.07613537520668
Kishoreganj,4,2022,0.36987558204180876,-3507.372400662663,-3512.3287554198387,170.29095690917347,12.487958111566732
Madaripur,4,2022,0.37911703409189323,-938.6843543431346,-955.1313296355531,303.2014538688754,1.7037425554772323
Manikganj,4,2022,0.3765490643654365,-1458.608531539932,-1459.3207765999464,302.72285976020345,4.340367698035357
Munshiganj,4,2022,0.3441402674483164,-1551.2372889692288,-1602.5166691889358,303.14311789095876,3.228372735847804
Mymensingh,4,2022,0.4282991215207726,-43.463378650860115,-45.0211506835949,222.25660576989654,16.923311043941442
Narayanganj,4,2022,0.34697248717178353,-1075.9944475275345,-1076.491744236876,303.394299637295,5.16717771648688
Narsingdi,4,2022,0.41087119105666736,-955.6817256731331,-985.7377815171724,302.1236362117524,6.485354685927045
Netrakona,4,2022,0.411840873041941,-936.8315822161388,-943.3903427750475,123.00709150728039,22.903431317126707
Rajbari,4,2022,0.3271914927443331,-964.1659362490947,-964.7047855674856,305.2880728100601,4.1450498187966405
Shariatpur,4,2022,0.32837753010092646,-1864.4871907458519,-1879.6802441905404,303.45948306139684,1.7771738401995993
Sherpur,4,2022,0.44496886231841604,-95.4531279202872,-98.59453753654807,299.8336992202681,24.012927319554667
Tangail,4,2022,0.4469328205297752,-298.55287090385167,-304.34592675040983,302.3865162232497,8.631792691485682
Bagerhat,4,2022,-40.066159685371964,-1971.8028234948533,-2150.247849274652,256.71186637154506,5.8342638303746055
Chuadanga,4,2022,0.37864805604370166,-19.88203219385228,-20.656033076492797,304.7315474836776,3.0635501931528646
Jessore,4,2022,0.41926100363642593,-217.73925494128542,-230.36732830848774,302.5189095677509,1.8882196286317008
Jhenaidah,4,2022,0.41193390425354354,-47.50167586411371,-48.43521739137061,303.9194105187069,3.4684436484315997
Khulna,4,2022,-23.767182973652023,-3689.380740080281,-3826.380601508165,262.85901200245473,5.675477201838009
Kushtia,4,2022,0.33063586383914717,-692.6599643158391,-694.5642675765534,305.27627990316074,3.5437634337972113
Magura,4,2022,0.4006020679981611,-73.14199765494014,-73.9106927611707,303.95348511081244,3.319200660990437
Meherpur,4,2022,0.3490645492839768,-43.2922524694843,-43.8806285599335,305.53240400612646,3.3088720010449215
Narail,4,2022,0.378232297870436,-111.10411367428128,-111.94550871623252,303.1103625673705,1.4574669282996786
Satkhira,4,2022,-42.58943210149471,-4289.765784168638,-4480.49554922559,249.10978815064354,4.492574647061165
Habiganj,4,2022,0.3990611978072227,-888.7273375158336,-921.2064124494336,300.74907732823397,13.749766069782204
Maulvibazar,4,2022,0.4120012614460331,-749.161487374464,-767.1631936333031,301.15499101521596,14.65356919647419
Sunamganj,4,2022,0.32089605940244986,-2933.3366142364475,-3010.672205578046,263.189688345566,24.01930992492975
Sylhet,4,2022,0.32439272530279445,-367.54888638380135,-396.9468209778076,299.6354243012771,23.596305216894415
Bogra,4,2022,0.4501918125669126,-769.9359130325937,-771.6016986633975,302.3658440171886,16.164515439846983
Joypurhat,4,2022,0.5366932782689591,-123.99512205367334,-125.21371649024067,302.76617791102836,15.4230297709615
Naogaon,4,2022,0.4736371506798037,-289.2112561798916,-290.2841118159611,302.84997891861275,7.15962239954899
Natore,4,2022,0.36396078155918926,-267.37907436139466,-267.9750169659775,304.8230358106356,5.460982150797866
Nawabganj,4,2022,0.3982633175301383,-469.43283974834384,-470.1876659756716,303.2034934337481,3.2685799605446064
Pabna,4,2022,0.35232558741609793,-689.3068558522399,-689.8974366621886,305.0325957326856,3.928409277928111
Rajshahi,4,2022,0.3645158224005679,-601.909157117359,-603.5296519261958,304.0237539651812,3.8199964484870743
Sirajganj,4,2022,0.4000777172863019,-1380.6205612388144,-1381.3278090031733,302.2301657429309,8.213315270757828
Dinajpur,4,2022,0.5009740904572707,-141.2638362441567,-142.43240928855238,302.17310530005034,15.603164163697778
Gaibandha,4,2022,0.3729242149029609,-917.9003863839392,-918.5883064396841,301.03303804352953,22.363317884633382
Kurigram,4,2022,0.30622178902770253,-1301.1507967145792,-1301.6887753572682,299.3355355791485,24.137606637391965
Lalmonirhat,4,2022,0.42407547452590244,-76.41276557696764,-77.39177888431901,300.0569165349111,21.000854533122794
Nilphamari,4,2022,0.4809306504574516,-170.65244364998904,-172.09299115988728,299.9078955664919,18.422062624876247
Panchagarh,4,2022,0.4906758618070208,-9.582030156704484,-12.381381425465374,300.626971738586,12.95264457011127
Rangpur,4,2022,0.4614621979881432,-114.74748044134574,-115.84335856252054,300.96682564484604,21.073875802267462
Thakurgaon,4,2022,0.4771718419846618,-91.78263322780047,-92.81510891334905,301.9088882988849,12.986009098986369
Barguna,4,2022,-127.53778237547122,-1233.0263868045006,-1241.4044431381856,135.14423289088023,10.350784788772936
Barisal,5,2022,0.30017303898590486,-1696.789601662283,-1753.001585573732,302.8118116903005,9.249795568282938
Bhola,5,2022,-97.46244206329547,-3376.765088133996,-3395.8870851766897,154.6403806239177,6.740561188267996
Jhalokati,5,2022,0.39752668498484117,-261.06187296256854,-283.62890093075555,303.08232819226953,7.390707175919404
Patuakhali,5,2022,-50.55103141961661,-1015.0510837386206,-1017.4635855882369,261.0526511163308,15.57093887495114
Pirojpur,5,2022,0.34946785333018415,-607.628504046562,-673.11383862824,303.6552104956217,6.57416043750765
Bandarban,5,2022,0.4683686622457718,2.6237744062926316,0.5513191872712433,303.3549218291513,11.032931082774757
Brahamanbaria,5,2022,0.20551962878565463,-1402.9615483962634,-1414.0870143434336,303.7815312265559,18.297922744986863
Chandpur,5,2022,0.2860643118197273,-1765.98533782487,-1873.2620685116644,301.5977397347319,9.701717675311317
Chittagong,5,2022,-45.60823731133153,-511.50633755451906,-519.0251484386201,188.98074937073568,-14.224839072926313
Comilla,5,2022,0.30385978927204166,-131.2340672794992,-139.42164474673396,303.21345728149265,12.660573909144414
Cox's Bazar,5,2022,-1147.0363689323165,-1765.4361131656133,-1771.6267809409778,-943.9137424572582,-3.451868195985359
Feni,5,2022,-8.988755300611421,-96.51189221880834,-102.5732143349289,294.77481354605715,13.845728774146028
Khagrachhari,5,2022,0.4815282537790088,-13.484866731325743,-15.442603015321046,302.0909394838307,15.364922121850926
Lakshmipur,5,2022,-41.7154244635244,-1740.718978850117,-1883.8923969962107,258.297000859717,11.849924279361067
Noakhali,5,2022,-91.79843275776177,-578.9455499878437,-797.4729048079043,141.2980683170601,-237.50108838875852
Rangamati,5,2022,0.44380852662420206,-620.7581327299777,-637.1002196694953,302.3931076022043,16.5650076903491
Dhaka,5,2022,0.26851712423880764,-1393.381647691766,-1398.4920606081173,304.9983188108221,13.055199840196343
Faridpur,5,2022,0.47797312497771666,-1210.3329421686296,-1211.39536837464,302.4487383254703,10.63537977242499
Gazipur,5,2022,0.2818464670741865,-178.8623029503152,-207.54660852762174,304.5589810368196,17.918005309366137
Gopalganj,5,2022,0.34082131237796026,-55.15516312659355,-151.40817066400635,303.22934957044345,7.5654394611367595
Jamalpur,5,2022,0.2771274375268593,-547.4979401208808,-548.0631941361823,301.5887145896348,22.827411281028066
Kishoreganj,5,2022,0.14553018882675722,-3507.715952113469,-3512.4433905753026,302.3036714821663,22.01076068825994
Madaripur,5,2022,0.4082183761097044,-938.5078358203122,-955.1019570725867,302.3087140922977,8.56594015455722
Manikganj,5,2022,0.3347167033713938,-1458.7895192480614,-1459.399390984716,302.6846765482499,13.36592131646522
Munshiganj,5,2022,0.3169289080833228,-1551.166390738815,-1602.5216335666717,302.8932343596749,10.281059839218814
Mymensingh,5,2022,0.25558965178072107,-44.21032162369249,-45.22400342530235,302.951323477547,22.343727312887072
Narayanganj,5,2022,0.24874476043194754,-1076.1238994538794,-1076.563780503467,304.2506283027877,13.34547041733238
Narsingdi,5,2022,0.2916034756497901,-955.8647867204467,-985.8241374178774,303.82969943256006,18.342063207968874
Netrakona,5,2022,0.16900025758350445,-937.5469978026102,-943.5921950024394,302.4174056894395,23.920988799721762
Rajbari,5,2022,0.47096235436300943,-963.8766545013232,-964.6744109522616,301.4651795552107,13.645980038910938
Shariatpur,5,2022,0.3460610223697359,-1864.148810089382,-1879.6285471692179,302.3980372572199,8.610986546288208
Sherpur,5,2022,0.28746563761387256,-96.4186440401044,-98.77188043590282,302.0756263779601,23.047129694586317
Tangail,5,2022,0.3057699875827978,-298.9569784213094,-304.4631039725789,251.06278822873847,19.26717591148036
Bagerhat,5,2022,-38.64697799109426,-1972.0163953994734,-2150.296975427334,255.42143780312173,9.510275416241692
Chuadanga,5,2022,0.3640033941507158,-20.266291756454798,-20.786662865083187,304.67249558679737,11.420219950115197
Jessore,5,2022,0.31286507318974593,-218.4350252028761,-230.55128532645548,304.1827346558707,8.630096780731652
Jhenaidah,5,2022,0.36537975515655347,-47.99351833810159,-48.58552091437795,303.934305240907,11.66506269534078
Khulna,5,2022,-29.51189464780058,-3689.57027527128,-3826.44553626908,264.16676881775004,9.079782288717952
Kushtia,5,2022,0.42616794245929235,-692.5444691115258,-694.5598962821991,302.81623260433116,14.236738698324608
Magura,5,2022,0.4542348431227002,-73.0800813699745,-73.93903181858695,302.7202994136777,11.600624217113145
Meherpur,5,2022,0.42310201593155317,-43.19189255100213,-43.880622877421054,303.6085732834476,12.785309216499545
Narail,5,2022,0.33873605401270906,-111.56261390107093,-112.0898484525172,304.5894436092795,7.703765626997806
Satkhira,5,2022,-53.421160406176725,-4289.910221277391,-4480.544604806219,248.51945587256014,7.776022526109815
Habiganj,5,2022,0.22222403580570332,-889.2158719268882,-921.3697825345986,304.60020464452856,22.415080106710022
Maulvibazar,5,2022,0.31518462744919323,-749.3559424595991,-767.2655302946015,304.0908449729738,24.013194473272357
Sunamganj,5,2022,0.06286765323973405,-2933.780599956057,-3010.83664754569,298.7746415490263,24.196778603364415
Sylhet,5,2022,0.13423441527632407,-368.04553424911586,-397.144220223611,303.102287022497,24.38651344764788
Bogra,5,2022,0.2815787501883591,-770.2920838132626,-771.6975484324648,302.39952190754786,22.09388276653726
Joypurhat,5,2022,0.35539760732430875,-124.34210223914141,-125.26200778640704,224.48989083074335,21.94117544719783
Naogaon,5,2022,0.30117649149972214,-289.8212504566432,-290.42426165511483,303.3684099543962,19.217044266810344
Natore,5,2022,0.39766077624128837,-267.294476401104,-267.98804102552486,302.23124753502606,17.732354730592714
Nawabganj,5,2022,0.33882971730844114,-469.53849342107543,-470.2124833713247,303.5315333257257,13.704544350074038
Pabna,5,2022,0.41456078937289154,-689.2210487434297,-689.9084307223595,299.0022323945778,15.997834552387665
Rajshahi,5,2022,0.367112668609153,-601.8980158759333,-603.533260237786,302.752845105125,14.93881926303693
Sirajganj,5,2022,0.2608568674508461,-1380.995500004096,-1381.4395806622447,300.0813828165138,19.55718583525252
Dinajpur,5,2022,0.32485944056266386,-141.72093026262857,-142.51216947122737,286.8845236573539,21.85528711631659
Gaibandha,5,2022,0.2786990024053556,-918.0865795889213,-918.6183292054153,208.79233944184534,22.83130165088589
Kurigram,5,2022,0.2521822792948488,-1301.1563465902927,-1301.6746046684186,299.8808108781431,22.351154725356828
Lalmonirhat,5,2022,0.32717932654506604,-76.56978436640442,-77.40458878324895,302.18859541894847,21.432444912897655
Nilphamari,5,2022,0.29659882460664183,-171.45223101364743,-172.22606551597792,243.00544170768134,21.601496944682943
Panchagarh,5,2022,0.4379942320523353,-9.317821819783921,-12.319155352838235,303.3721640647018,20.21181147292198
Rangpur,5,2022,0.33299260638084993,-114.93200798797223,-115.85808792009708,295.26031858073605,22.249455018789256
Thakurgaon,5,2022,0.40443232001905444,-91.81058314905258,-92.82978262190532,291.7269736096091,21.78874423907597
Barguna,5,2022,-135.11291261043291,-1233.0523627550272,-1241.4224021023247,135.72851803673993,14.332835415385823
Barisal,6,2022,-1.5195720674383675,-1697.2167723044981,-1753.1241779355314,-5341.9086419541545,21.15985829345996
Bhola,6,2022,-96.50662638717466,-3377.0805112462126,-3395.971629837208,-5190.983074467874,14.75775542189879
Jhalokati,6,2022,0.35846400642511556,-261.6144593326812,-283.77420731921967,-7618.397569423361,20.264542774644152
Patuakhali,6,2022,-41.4455331017551,-1015.4075336731323,-1017.5780673920752,-5930.86307880509,24.01973572172041
Pirojpur,6,2022,0.3406693388881271,-607.9832179694183,-673.2200345104601,-5398.061699326085,19.162898428087185
Bandarban,6,2022,0.5341967015134732,2.3527249445329375,0.5250429315863063,-3298.560580357266,23.833913158299172
Brahamanbaria,6,2022,0.177633020412405,-1403.2239936763972,-1414.1793242149054,-1996.7995087491151,24.560897163201446
Chandpur,6,2022,0.2686651231095715,-1766.2951476184146,-1873.35131091774,-4915.143054121911,22.70809585037631
Chittagong,6,2022,-46.29857364967477,-512.0214877532629,-519.1227357056526,-8195.677224302997,-3.7033976835769686
Comilla,6,2022,0.31768643034566924,-131.51263097554454,-139.5194780071359,-5720.374667502985,23.510272994041046
Cox's Bazar,6,2022,-1147.7103252090944,-1765.612596747867,-1771.666905468102,-6233.8274937612505,4.033675023161785
Feni,6,2022,-10.235808842008025,-96.96758691702279,-102.67701620443637,-8863.762645829733,23.98573546139717
Khagrachhari,6,2022,0.49266364252990563,-14.373294624622531,-15.563321560649412,-4561.972328181079,24.640343995501322
Lakshmipur,6,2022,-41.263955158510235,-1741.0806635722809,-1883.968116182496,-5403.670642750471,22.91639606732947
Noakhali,6,2022,-103.38270690863926,-579.4097247416104,-797.5940715822136,-7034.680439841804,-231.23063669828997
Rangamati,6,2022,0.4958075162883624,-621.0056112282588,-637.1242451047523,-1928.342858345138,24.742744043659393
Dhaka,6,2022,0.2985770052655881,-1393.5827919365217,-1398.5526616690388,-8028.016351078198,23.883751149084024
Faridpur,6,2022,0.42634133244686345,-1210.9596426259063,-1211.4995634246275,-6416.238455426869,20.494577364563536
Gazipur,6,2022,0.3285490551668391,-179.2380616585412,-207.66459521584287,-8318.228703463084,25.248024529872808
Gopalganj,6,2022,0.3839064764007352,-55.34298691451437,-151.47002321968586,-7310.011297461948,17.458135809030242
Jamalpur,6,2022,0.23510099884106023,-547.9868241604786,-548.2246239185097,-7165.028152315546,25.27150189873449
Kishoreganj,6,2022,-199.56627832142323,-3507.9445956189556,-3512.5301231623434,-3787.475764807515,25.262648673350455
Madaripur,6,2022,0.3784358077570695,-938.7851471013729,-955.1847137074153,-4642.067776447604,20.02709059893623
Manikganj,6,2022,0.29769024070237554,-1459.1870298866813,-1459.5059321608942,-6312.156953951309,23.332121960919554
Munshiganj,6,2022,0.28513565865626983,-1551.4633884479647,-1602.6123430741582,-2823.8229686233453,22.08461968063049
Mymensingh,6,2022,0.25323063705011595,-44.6259891652318,-45.377472721975536,-9454.208847178897,25.323898381024367
Narayanganj,6,2022,0.28329745479931473,-1076.2978093352892,-1076.6240302368865,-5907.393702856666,24.183847283727367
Narsingdi,6,2022,0.2763188744159424,-956.2864104733217,-985.9540385986883,-6094.089062645874,25.106433077605075
Netrakona,6,2022,-173.61950232071874,-938.0626525975046,-943.7787619163776,-6232.893446348715,25.324172010769548
Rajbari,6,2022,0.43300371958304,-964.1274127237166,-964.7347381181946,-4987.248625811553,21.497395505035456
Shariatpur,6,2022,0.35223496778461344,-1864.4293174952102,-1879.7018008224604,-2768.978381459059,21.00095340811825
Sherpur,6,2022,0.22478333690421073,-97.08009242509057,-98.98802420313879,-9999.0,25.29913261346164
Tangail,6,2022,0.2810825480389679,-299.4677991798574,-304.63544369942673,-7817.789392474842,25.26267238326779
Bagerhat,6,2022,-41.22360559195345,-1972.2098691812964,-2150.3450034685734,-5577.927353695683,18.987358691634203
Chuadanga,6,2022,0.3967844010766634,-20.178504759102598,-20.77128232770613,-1207.0370089801352,16.34652126378897
Jessore,6,2022,0.316869459592305,-218.7415346784264,-230.6509035995251,-8602.064450304018,14.48398992283983
Jhenaidah,6,2022,0.37280473033145106,-48.15981134750794,-48.642778830166826,-7399.4213730535075,16.891522791922718
Khulna,6,2022,-27.662425609373237,-3689.745262400903,-3826.4929493956124,-6614.251762172148,17.495673784748032
Kushtia,6,2022,0.40809049836935674,-692.5007822293126,-694.5690290387315,-3824.429794984847,20.976063747964428
Magura,6,2022,0.43854801831306534,-73.5509149675837,-74.05289470887311,-7345.395819015239,18.54475699340558
Meherpur,6,2022,0.4207486070930594,-43.210985191122454,-43.900961008106236,-2581.852212868097,16.74618768278809
Narail,6,2022,0.3681004913361615,-111.71036066806738,-112.1432443242517,-6765.906630578397,15.659256737789258
Satkhira,6,2022,-40.63221441635643,-4290.030974676748,-4480.587134647606,-6696.412009955423,16.16934620141281
Habiganj,6,2022,-6.872340007214773,-889.5365077467302,-921.4758307823076,-4595.061987973284,25.14254138148682
Maulvibazar,6,2022,0.2571329522626339,-749.9859570984177,-767.4112548778669,-7135.908863640648,25.260990208441672
Sunamganj,6,2022,-6.673467165219526,-2934.069716986173,-3010.9443834508093,-4507.736369270444,25.3412679249794
Sylhet,6,2022,-3.159816561640446,-368.49939000397757,-397.29637016772784,-6510.253103681727,25.353555432749065
Bogra,6,2022,0.25533533101833256,-770.7814917890132,-771.8498497423246,-7942.106016871023,25.215542823459714
Joypurhat,6,2022,0.2088366522757689,-125.29235735875912,-125.53850823019172,-9221.00441728648,25.21919776150442
Naogaon,6,2022,0.24944844637768945,-290.32929836018974,-290.6002531759884,-8783.15293181706,24.78137408653839
Natore,6,2022,0.3560276860076626,-267.5701500838273,-268.0829629549719,-8433.571917279085,24.433295091152345
Nawabganj,6,2022,0.2873210926483901,-470.03996931281847,-470.3828014285393,-1349.5662370624348,19.941347295776293
Pabna,6,2022,0.3938171300833497,-689.3667922914071,-689.9655666596815,-3905.847256371243,23.9363878004589
Rajshahi,6,2022,0.2908263367495462,-602.3858503714735,-603.6917059364437,-8193.370155768607,21.00350348593511
Sirajganj,6,2022,0.22461780752656857,-1381.3189183621305,-1381.5525598017045,-5453.2379705380945,25.163596195678135
Dinajpur,6,2022,0.21463070173686538,-142.6295364280565,-142.80522732806983,-9997.275389120368,25.2877210016456
Gaibandha,6,2022,0.21697017926885803,-918.5848509394684,-918.789137416334,-6871.7161771651845,25.015319210270977
Kurigram,6,2022,0.16273898245024918,-1301.7339801096296,-1301.873029234109,-4013.4387033687026,24.66891476641762
Lalmonirhat,6,2022,0.18051636578588062,-77.55508440628583,-77.71190787867685,-9136.15299120918,25.193877862521482
Nilphamari,6,2022,0.1915963236232106,-172.3137249318532,-172.50296652385518,-9591.921087794633,25.288045705982135
Panchagarh,6,2022,0.19198206031003306,-10.845680535720572,-12.728771420152214,-9999.0,25.167382441966495
Rangpur,6,2022,0.22581321329143775,-116.01627474089504,-116.18138493661255,-9974.47337380165,25.240658206600635
Thakurgaon,6,2022,0.22183434722514392,-92.94684754847943,-93.1728757199404,-9999.0,25.235503771419015
Barguna,6,2022,-136.06177482273597,-1233.3104789710471,-1241.5114103631304,-6100.8965887663835,22.862001428115335
Barisal,7,2022,-70.70977474379768,-1696.7621189340623,-1752.9992734356351,-466.8826544669115,24.18348049151923
Bhola,7,2022,-659.3961706251666,-3376.7823138977897,-3395.8893940824914,-538.7240256891059,15.817932027496258
Jhalokati,7,2022,0.3841309504535451,-261.2009451073727,-283.65714062617576,-1289.987688477355,24.558986817891657
Patuakhali,7,2022,-56.643247454684335,-1015.1783437058145,-1017.4997663622577,-1113.8272878501296,24.985617580369727
Pirojpur,7,2022,0.38310472528395617,-607.6348129026194,-673.1217348990715,-1060.8125611100313,24.749556294265236
Bandarban,7,2022,0.667391895946217,3.6959136517601663,0.6907379143952439,294.94628417234173,24.43446503949883
Brahamanbaria,7,2022,-31.919340008099542,-1402.9825777285407,-1414.0943414335534,-1109.932045083022,23.95213308710276
Chandpur,7,2022,-152.52638861190158,-1765.6545502155009,-1873.1874778079289,-1485.110091859937,22.902757352353806
Chittagong,7,2022,-44.91243951468691,-511.44178189483705,-518.9968333482375,-728.6227491759365,-2.9375161573049997
Comilla,7,2022,-3.2780282686189772,-130.9721454629271,-139.35684270474104,-4652.638209359357,23.180371442883676
Cox's Bazar,7,2022,-1162.4055684307523,-1765.073898386556,-1771.5559732026159,-1348.426355195508,4.999814577047573
Feni,7,2022,-4.68541771688428,-96.65232305266065,-102.59236932844743,-1856.994925238435,24.47665822697508
Khagrachhari,7,2022,0.6003451970919214,-13.248605674228692,-15.399369417043083,220.18207504606164,25.003498241248387
Lakshmipur,7,2022,-232.77081767380798,-1740.7400270941234,-1883.8908995052336,-2178.2899780479524,23.430426766419913
Noakhali,7,2022,-152.34392889794756,-578.9108027805142,-797.4591380866746,-1452.2970831865573,-231.72767857736642
Rangamati,7,2022,-6.214721939725469,-619.7651484559833,-636.960180665443,283.90243912238424,25.062055343900305
Dhaka,7,2022,0.3379630148219054,-1393.2433393618116,-1398.4565432121503,-4609.724288578575,24.183205757813827
Faridpur,7,2022,0.3337001851066909,-1210.8273469001952,-1211.495883213767,-2932.986605051015,23.97379524564481
Gazipur,7,2022,0.4002297814039256,-178.55138700144,-207.4649380042437,-4636.071829184012,24.524371524773137
Gopalganj,7,2022,0.41074616537958913,-54.85787290054756,-151.34639462945148,-1204.7239300633123,22.78463003667947
Jamalpur,7,2022,0.2929218436372237,-547.6631786009543,-548.1122882896619,-4914.446352739085,23.527634805102704
Kishoreganj,7,2022,-602.9941026647608,-3507.7050630505523,-3512.446738842417,-2463.8356450008496,24.7883022652545
Madaripur,7,2022,0.25816071992051226,-938.558389044392,-955.1201004963289,12.70802586833719,24.286893152634995
Manikganj,7,2022,0.34623596992964323,-1458.8262613370277,-1459.4077801959595,-3523.789122512711,24.231090040849338
Munshiganj,7,2022,-66.54334063372846,-1551.0816295279008,-1602.4980695785644,-1524.19620533976,23.76357737445006
Mymensingh,7,2022,0.33408160384656904,-44.016828151215435,-45.163272073312086,-7396.23169237898,24.52802472604326
Narayanganj,7,2022,-5.784304713360765,-1075.9920888637569,-1076.5162869868016,-2433.845159213244,23.863681593975258
Narsingdi,7,2022,0.3703748381167525,-955.8580929763116,-985.8204137645578,-3976.5644961863704,24.096740822118743
Netrakona,7,2022,-139.14556510309262,-937.7738549252472,-943.66267013713,-3674.3345383024866,25.063789114331495
Rajbari,7,2022,0.3174456944563202,-964.1115133733817,-964.7408649568233,-3465.7682609413946,24.218160713137433
Shariatpur,7,2022,-67.91957648236836,-1864.2635263953111,-1879.6456257616542,-365.40625863629674,23.855795363521374
Sherpur,7,2022,0.2795060705928801,-96.66404230748765,-98.84207186694242,-7635.3265806624295,24.24625532925738
Tangail,7,2022,0.369813213661832,-298.86339461709514,-304.4569994584846,-2547.186493054169,24.02000856165611
Bagerhat,7,2022,-45.36281954064045,-1971.6967298850784,-2150.247415306532,-430.94508355520964,24.732226632830024
Chuadanga,7,2022,0.4506345302920671,-19.83828934708447,-20.69809272696179,-2231.283592006674,17.736327518178143
Jessore,7,2022,0.32759787423349257,-218.3904065081741,-230.55634584786287,-3494.2065721682275,20.752962932430727
Jhenaidah,7,2022,0.3636644901991717,-47.88131172828901,-48.567142613416806,-4462.394772091602,21.57140743619956
Khulna,7,2022,-25.381160534730054,-3689.4685341991553,-3826.423783523537,-1929.787100338121,24.55752951998233
Kushtia,7,2022,0.36438418305523756,-692.4492392786821,-694.556467043221,-2248.127255976706,22.847023886762667
Magura,7,2022,0.3462632736725899,-73.29491361591747,-74.0054808486786,-2136.234529982386,22.603227071943145
Meherpur,7,2022,0.3814273113196181,-43.14207312911969,-43.8891143911192,-3838.2904668068013,17.74455343762149
Narail,7,2022,0.3860150019053946,-111.30811522570934,-112.04352963095641,-1416.9905438175501,19.687432856371217
Satkhira,7,2022,-40.99045958895047,-4289.822010799822,-4480.530536143158,-1506.666331947244,24.106228832705455
Habiganj,7,2022,-231.17098588272128,-889.3163001746518,-921.4068414619567,-1277.8001114502574,24.837369980649505
Maulvibazar,7,2022,-15.946839763869495,-749.4575431391276,-767.2677111646991,-1488.289483091579,25.051391696506258
Sunamganj,7,2022,-401.4525515173114,-2933.948691679251,-3010.8954941888483,6.215705588086188,25.140839819742048
Sylhet,7,2022,-58.74170477874713,-368.1232142920947,-397.1591567682575,-73.16575308178733,25.17941636016013
Bogra,7,2022,0.26709105251620535,-770.5819568076635,-771.770256501193,-6444.156348307268,23.020467460571197
Joypurhat,7,2022,0.27445513892868023,-124.9869803093713,-125.4166699478336,-7860.665730200587,21.74833321546017
Naogaon,7,2022,0.30432126490897454,-290.015191039941,-290.4821273682908,-5714.352635554684,20.93829037370997
Natore,7,2022,0.3483544818962716,-267.4162250746603,-268.0327483787373,-4811.8995125923775,22.459858544502943
Nawabganj,7,2022,0.3618893141231672,-469.64837580725583,-470.249154935624,-1787.6785351958488,18.860953652844568
Pabna,7,2022,0.34785559453651904,-689.290318144717,-689.9473157735363,-2469.456485497923,23.858022300393152
Rajshahi,7,2022,0.31738741892411076,-602.1225737759333,-603.5982104323158,-3004.3927331221585,20.191096481327598
Sirajganj,7,2022,-3.361332294804573,-1381.0539745995213,-1381.4587407173908,-3268.565894577833,23.812997730033125
Dinajpur,7,2022,0.2553200333177638,-142.33252673717325,-142.6829123860813,-8209.95236820891,21.089673686430665
Gaibandha,7,2022,0.26570685309098296,-918.2458296773005,-918.6642017280061,-5855.02998372563,22.25595600596378
Kurigram,7,2022,0.23295380471087856,-1301.390601491284,-1301.7406944694148,-1615.9247781989468,23.656887274720454
Lalmonirhat,7,2022,0.2774937078660449,-77.26608009105908,-77.59445199780546,-5461.942473339405,23.65649347019521
Nilphamari,7,2022,0.2567979897979396,-172.1066273365492,-172.41502549180862,-7338.971941711515,22.547486959081
Panchagarh,7,2022,0.31187753582316713,-10.645764048201453,-12.64959286993007,-8848.245830547989,23.936107344837335
Rangpur,7,2022,0.30394307222521766,-115.55990772481888,-116.00645421016776,-6589.813937551996,22.084753319542678
Thakurgaon,7,2022,0.29480426203041205,-92.6232300472486,-93.04625497998273,-7114.733856535493,22.232792169272674
Barguna,7,2022,-142.62233109127357,-1232.8901609731338,-1241.3937188995665,-1152.1827850041059,25.04967252362136
Barisal,8,2022,-3.6994288365949295,-1696.8967641571207,-1753.0265540373962,-708.9279305720471,25.340121024079153
Bhola,8,2022,-112.71834019447728,-3376.938772511573,-3395.9261533821964,-303.8058734540839,16.38361735432124
Jhalokati,8,2022,0.39365579018974317,-261.44397596831885,-283.7105150166151,-429.692640351685,25.382591773567118
Patuakhali,8,2022,-43.14665674786786,-1015.3888168993585,-1017.5583959074812,-3332.9298128330174,24.979186219793565
Pirojpur,8,2022,0.36408035326736654,-607.8909513601374,-673.169032019993,-1579.8786664534462,25.294933733927607
Bandarban,8,2022,0.6370971032820666,3.1411411118195725,0.6264529106386182,-129.3977932856174,25.35450248763489
Brahamanbaria,8,2022,-49.28207869918243,-1402.9015152754291,-1414.0539354650416,-5224.723085115425,25.382231291380332
Chandpur,8,2022,-3.072207261040011,-1765.9367960480856,-1873.2454284326188,-3550.525515982035,25.29765972229532
Chittagong,8,2022,-43.222897141399685,-511.55375763901003,-519.0056211799777,-3205.3520484779056,-2.1548561451473702
Comilla,8,2022,0.3496229258317611,-131.16970832767822,-139.3962001874648,-5732.9216975321015,25.322732836221068
Cox's Bazar,8,2022,-1100.0826897228847,-1765.4177772513037,-1771.618761913883,-3190.4515748255467,5.58827966907071
Feni,8,2022,-12.654918137893338,-96.44306996233453,-102.52313824042773,-3295.330427558946,25.292458458756318
Khagrachhari,8,2022,0.6018062511453356,-13.002246146082157,-15.365054184309974,-40.225887296067306,25.27434179520966
Lakshmipur,8,2022,-57.2607702212518,-1740.530670366061,-1883.851270148417,-1821.337683407847,24.57941192104461
Noakhali,8,2022,-111.06635897084088,-578.7502328231456,-797.4159925448314,-1755.877566006153,-231.1458030955188
Rangamati,8,2022,0.16795742735758074,-619.7949258834082,-636.9582424976063,186.25678791856868,25.2683159720283
Dhaka,8,2022,0.312035170275134,-1393.2727204101911,-1398.4458047396445,-5799.046805956593,25.287799643978204
Faridpur,8,2022,0.34847027440950057,-1210.9834129131464,-1211.4973749489977,-5261.987729524444,25.33551142707615
Gazipur,8,2022,0.33368727131273773,-178.87937685973444,-207.52834145090867,-7552.510928151776,25.354746552924357
Gopalganj,8,2022,0.40793255689687125,-54.94422193328232,-151.35089246454416,-1651.5893032717638,25.27722799699751
Jamalpur,8,2022,0.2912178052765846,-547.7240689327406,-548.1181440549763,-4529.218143033103,25.305973750807432
Kishoreganj,8,2022,-686.0649681738072,-3507.786639237831,-3512.458342086463,-3901.0409832191935,25.351601379914296
Madaripur,8,2022,0.40463217110912225,-938.7133827427764,-955.1437808129858,-903.4796988873111,25.346655774143866
Manikganj,8,2022,0.3259014674211131,-1458.8194058730144,-1459.385886838391,-3836.102418222904,25.347313547127754
Munshiganj,8,2022,0.36396185910441364,-1551.0810094764674,-1602.481389849718,-2448.0656708009847,25.374515815298047
Mymensingh,8,2022,0.324437103912249,-44.213401711298644,-45.213158769760064,-8788.037789962587,25.34359131965642
Narayanganj,8,2022,0.31628409124382195,-1075.9798494783313,-1076.5036283734814,-3731.35310714432,25.336213662381784
Narsingdi,8,2022,-2.4080735691066737,-955.9620403487597,-985.8260863471716,-4627.526742463434,25.33753422106467
Netrakona,8,2022,-46.25763255060245,-937.7607017591278,-943.6507154087129,-7251.044080146744,25.314082625974894
Rajbari,8,2022,0.32581737186180865,-964.2367924872455,-964.7375755123516,-5228.909272686532,25.357432806709713
Shariatpur,8,2022,0.34640625506120964,-1864.4148828534671,-1879.6772166082535,-2413.7788406659956,25.348676414592724
Sherpur,8,2022,0.31825565229489505,-96.72149033269122,-98.84556631759642,-5616.204467342974,25.315967015440414
Tangail,8,2022,0.3379977556733656,-298.9546826935404,-304.4584304669734,-7303.986179237024,25.35748114144416
Bagerhat,8,2022,-29.120391563551525,-1971.9892710910817,-2150.278921023164,-1417.4456502287976,25.23515212985915
Chuadanga,8,2022,0.43333988362662046,-19.82681287223971,-20.66991542951199,-2042.26404793826,24.467903695207998
Jessore,8,2022,0.3786237053509834,-218.33448737954893,-230.52585995925745,-2949.8063778622895,25.2330888892594
Jhenaidah,8,2022,0.3945637258009566,-47.847837380134166,-48.53343734605814,-4088.7621990200964,25.356823511421045
Khulna,8,2022,-32.89031619284973,-3689.5158237447044,-3826.429976377877,-1777.662411818998,25.291376341157623
Kushtia,8,2022,0.3319408492737097,-692.7091759305487,-694.5908489991714,-6323.56125655147,25.338982078871577
Magura,8,2022,0.3387346412298535,-73.45364697079289,-74.00740352127531,-6123.74951235728,25.2958751530068
Meherpur,8,2022,0.402111664985107,-43.11797752508296,-43.8559676049949,-4273.590614344727,24.823381972846153
Narail,8,2022,0.3741271676501308,-111.43613774501712,-112.05286075488364,-3497.2571422448727,25.12153957187734
Satkhira,8,2022,-49.533977836809285,-4289.843027031399,-4480.531485348535,-927.2006002993592,25.170413607466397
Habiganj,8,2022,-203.5592875100478,-889.2104049772151,-921.3653975951675,-5190.6266937819055,25.349646290725552
Maulvibazar,8,2022,0.4167877516144766,-749.3721733237523,-767.2568856174054,-3476.109146800466,25.330320861643763
Sunamganj,8,2022,-253.98877598063655,-2933.876457161534,-3010.8630661817897,-1629.2100529419147,25.310283773096373
Sylhet,8,2022,-0.382202950692219,-368.0614508662626,-397.12751966197965,-4344.3772630080475,25.32794783569768
Bogra,8,2022,0.34203413031831625,-770.5638851831649,-771.76051313504,-6104.0426758162885,25.301866266369707
Joypurhat,8,2022,0.3603803546561603,-124.97799430105891,-125.42751258372584,-7475.598063321158,25.367533206410556
Naogaon,8,2022,0.39493917968444503,-289.8706817974988,-290.45717163728557,-3082.0795268625498,25.340114516952397
Natore,8,2022,0.30465540835433136,-267.50683976830464,-268.03281361168644,-6970.018759645703,25.296304079044656
Nawabganj,8,2022,-3.7855220345913465,-469.541775346472,-470.23913386620615,-74.15910793900032,25.305992060771107
Pabna,8,2022,0.32317208004127057,-689.3977076842122,-689.9452391761579,-4502.083020722792,25.325672709809623
Rajshahi,8,2022,0.33701206524042676,-602.0821590084565,-603.5937311384008,-4068.1398989706513,25.194043141906338
Sirajganj,8,2022,0.2558564263011133,-1381.020542158557,-1381.4413154283768,-3492.5781232459635,25.348801194066535
Dinajpur,8,2022,0.4108881867372147,-142.12897194389151,-142.62742735423828,-6407.327030766265,25.316619930740714
Gaibandha,8,2022,0.2875081677591047,-918.3147975114972,-918.6835621544543,-5634.72585170365,25.348412478178002
Kurigram,8,2022,0.2664856779615809,-1301.3978577452951,-1301.7384231968724,-999.9891491817679,25.354686147104267
Lalmonirhat,8,2022,0.3989344176750428,-76.79982307287268,-77.46878820618312,-1504.4877768954823,25.316491760611136
Nilphamari,8,2022,0.40905496383056095,-171.62135698246772,-172.27019664614136,-3371.248782111399,25.337572876832184
Panchagarh,8,2022,0.37173662784293726,-10.175132920471166,-12.511146366661144,-3500.8870470353904,25.317099843754672
Rangpur,8,2022,0.38150448469765996,-115.47663257042284,-115.98237300229212,-7364.075835283622,25.342829079472036
Thakurgaon,8,2022,0.4399995466465067,-92.1036096240372,-92.90104123667041,-3663.0259925321325,25.358115646838517
Barguna,8,2022,-112.38514837527973,-1233.1776093371363,-1241.4618422026642,-1291.2709683791443,24.953698016966264
Barisal,9,2022,-101.81633084871788,-1696.4852977222347,-1752.938036389692,120.20746998365507,-9999.0
Bhola,9,2022,-747.9003804632787,-3376.6608348042496,-3395.865252808236,0.5714529866725861,-9999.0
Jhalokati,9,2022,0.40770881347745097,-260.8782954509601,-283.578927731403,301.5123711153778,-9999.0
Patuakhali,9,2022,-40.49589986559478,-1014.9237363928572,-1017.4321152037063,255.3483364947825,-9999.0
Pirojpur,9,2022,-8.123954065406902,-607.369123673372,-673.0548451247062,228.20396642355524,-9999.0
Bandarban,9,2022,0.6160282572342426,3.905769657966827,0.7305705510081351,297.0259663026636,-9999.0
Brahamanbaria,9,2022,-318.78441645818066,-1402.4923433662816,-1413.9507136695947,303.0414535345223,-9999.0
Chandpur,9,2022,-280.3523918629696,-1765.307255970089,-1873.1069192523241,301.43259337507584,-9999.0
Chittagong,9,2022,-45.18121079504805,-510.8818059248138,-518.8931685919839,257.4621684376889,-9999.0
Comilla,9,2022,0.39602258099993703,-130.5543439551913,-139.24226543085146,172.01702324297426,-9999.0
Cox's Bazar,9,2022,-1126.1369735378294,-1764.6418439868332,-1771.468098502252,-993.5785586468521,-9999.0
Feni,9,2022,-9.528102049210506,-95.50289947125017,-102.37823160349937,288.106930639909,-9999.0
Khagrachhari,9,2022,0.5559715257808354,-12.710747585141007,-15.310247923418437,266.7337286284638,-9999.0
Lakshmipur,9,2022,-511.1971161117176,-1739.9514114872393,-1883.7459885708506,256.66950691023607,-9999.0
Noakhali,9,2022,-137.18894597329498,-578.1978164733758,-797.3058507036666,134.53532253754005,-9999.0
Rangamati,9,2022,-1.4656598233555742,-619.3356970752827,-636.8929427290004,300.0976705835791,-9999.0
Dhaka,9,2022,-1.1994711472143733,-1392.946188670317,-1398.3577725807868,-1161.909565617823,-9999.0
Faridpur,9,2022,-0.7156366128974767,-1210.4726742491978,-1211.3775829601939,-45.87924380399099,-9999.0
Gazipur,9,2022,0.41567118351057236,-178.20471210437182,-207.36979637525528,-206.21623404817905,-9999.0
Gopalganj,9,2022,0.4169677081039346,-54.676320018449346,-151.29163557250453,-501.769529944729,-9999.0
Jamalpur,9,2022,-2.8897431864840017,-547.0988786742188,-547.9757911919711,174.36276497617965,-9999.0
Kishoreganj,9,2022,-1829.4693591734313,-3507.375611576977,-3512.3588263018214,269.99462708311086,-9999.0
Madaripur,9,2022,-15.484721670371755,-938.2370608464587,-955.0299012038572,-348.97328610371767,-9999.0
Manikganj,9,2022,-24.132673188076037,-1458.5627518850017,-1459.3138056915022,-93.19289678493958,-9999.0
Munshiganj,9,2022,-7.058489788375721,-1550.8110897506858,-1602.4218089507647,301.73421849210916,-9999.0
Mymensingh,9,2022,0.4295561062565164,-43.62543585816692,-45.07165718170987,-427.657155262421,-9999.0
Narayanganj,9,2022,-2.733342478334895,-1075.7827174905642,-1076.4441392664212,-542.6732240602954,-9999.0
Narsingdi,9,2022,-12.343532703936196,-955.3054597622042,-985.6733450737969,302.5693842110709,-9999.0
Netrakona,9,2022,-482.7911589969817,-937.2317435370746,-943.4992467947526,-412.23590954337993,-9999.0
Rajbari,9,2022,0.3952747036266162,-963.8374604894351,-964.6731400319594,-449.54816109249293,-9999.0
Shariatpur,9,2022,0.3105255328261503,-1863.9606380957089,-1879.5540566697114,191.70378463786918,-9999.0
Sherpur,9,2022,0.44238319059929443,-95.54163110948531,-98.60197792254444,212.74183897273633,-9999.0
Tangail,9,2022,0.4024021414979199,-298.6042119771135,-304.3795940275775,-132.86151205244482,-9999.0
Bagerhat,9,2022,-44.823333494374836,-1971.4627787235647,-2150.2034245653526,123.49177238977042,-9999.0
Chuadanga,9,2022,0.4372180903553619,-19.99942598541657,-20.71397659809634,-2586.889497497861,-9999.0
Jessore,9,2022,0.483640281277199,-217.86610414689025,-230.43806770905488,-832.7839087831618,-9999.0
Jhenaidah,9,2022,0.5596197677806509,-47.23271504989017,-48.43784767266064,236.83630520660114,-9999.0
Khulna,9,2022,-30.702968802142635,-3689.274979314772,-3826.3927904429615,154.59969971615234,-9999.0
Kushtia,9,2022,0.45570743185475565,-692.4280552329502,-694.545166834248,-583.9480279912822,-9999.0
Magura,9,2022,0.5130576025020822,-72.55346864853932,-73.83919483495458,188.61844844925537,-9999.0
Meherpur,9,2022,0.46778054653817186,-43.27782321408982,-43.900121279716124,-5953.009322059293,-9999.0
Narail,9,2022,0.3847638099137224,-111.15598997862487,-111.9856137955202,-614.6542614650431,-9999.0
Satkhira,9,2022,-52.03344627019783,-4289.730026432029,-4480.511930516074,-134.00928260238516,-9999.0
Habiganj,9,2022,-227.50817989925866,-888.5640653887684,-921.2000728538343,303.2129596980002,-9999.0
Maulvibazar,9,2022,-115.5886768200268,-748.6760972071128,-767.101437149244,302.9821157979614,-9999.0
Sunamganj,9,2022,-586.780173706633,-2933.6171115783677,-3010.779732946862,284.71278042116796,-9999.0
Sylhet,9,2022,-42.10498960928799,-367.2832465335302,-396.9099678834156,297.55948310150603,-9999.0
Bogra,9,2022,-2.5798412064105287,-769.739271886399,-771.5858922667203,48.45184133663561,-9999.0
Joypurhat,9,2022,0.5702873590677189,-123.96418264261865,-125.19890629703048,138.24390125402033,-9999.0
Naogaon,9,2022,-0.1240212794318023,-289.03311566606857,-290.29580638427655,277.7325766614394,-9999.0
Natore,9,2022,-0.7633119125232868,-267.2007755508909,-267.97796121149145,-1802.331750935228,-9999.0
Nawabganj,9,2022,-20.379350011845638,-469.47665180984995,-470.2317320556744,-221.0446276776,-9999.0
Pabna,9,2022,-9.106882512053145,-689.1097542784895,-689.895314602185,-612.5649794520169,-9999.0
Rajshahi,9,2022,0.4045628889140732,-601.8497899146485,-603.5479101268154,-428.48677004654843,-9999.0
Sirajganj,9,2022,-3.30549555902389,-1380.8174309828523,-1381.4067261030802,284.7873322191786,-9999.0
Dinajpur,9,2022,0.5493592035077337,-140.7882854524881,-142.36591630127748,121.81997578880085,-9999.0
Gaibandha,9,2022,-0.6298297724653552,-917.5345680974756,-918.5089184782046,60.10532977282402,-9999.0
Kurigram,9,2022,-0.6380458963211744,-1300.4197998913694,-1301.5211793797894,300.90253435254095,-9999.0
Lalmonirhat,9,2022,0.508163431701481,-75.82554240148289,-77.2723072322799,293.5796500652386,-9999.0
Nilphamari,9,2022,0.5251367488763282,-170.65655937707228,-172.0812070099282,96.41225022857782,-9999.0
Panchagarh,9,2022,0.5606906789183299,-9.241525627585926,-12.341609915528544,282.1142344567943,-9999.0
Rangpur,9,2022,0.5236660145696653,-114.00625225566849,-115.70768256480231,114.87090757364844,-9999.0
Thakurgaon,9,2022,0.57327260964502,-91.32758140377057,-92.76883233656392,236.7957739505672,-9999.0
Barguna,9,2022,-158.8352302792306,-1233.0625356492785,-1241.4253993052027,102.89239859126695,-9999.0
Barisal,10,2022,-687.6189440017796,-1696.1675248079732,-1752.8559801164195,300.748151052708,-9999.0
Bhola,10,2022,-1473.918668822519,-3375.8968728687537,-3395.7407076091336,152.6488010888153,-9999.0
Jhalokati,10,2022,0.5019698796292038,-260.20122852732095,-283.4543830966292,300.6975144000753,-9999.0
Patuakhali,10,2022,-200.52439118589393,-1013.8905120544177,-1017.2298031929492,254.46239497952948,-9999.0
Pirojpur,10,2022,-2.1264377055889465,-606.6085067172277,-672.9106353995339,300.7394729239705,-9999.0
Bandarban,10,2022,0.586307255804032,4.439186128175412,0.7867479693446963,300.8656181195583,-9999.0
Brahamanbaria,10,2022,-642.7153728682675,-1402.235022298024,-1413.8867391806796,301.64505592913247,-9999.0
Chandpur,10,2022,-936.9177531341084,-1765.1226084292473,-1873.0491982007634,301.2344698438737,-9999.0
Chittagong,10,2022,-158.78725987781894,-510.70371008312975,-518.846249915901,267.17524248892454,-9999.0
Comilla,10,2022,-16.45403174605595,-130.24411115349127,-139.16270628337378,301.87083845701216,-9999.0
Cox's Bazar,10,2022,-1766.5562311226784,-1764.0702631266624,-1771.3609150916602,-946.4228907662977,-9999.0
Feni,10,2022,-27.638867435871283,-95.1051788357301,-102.29877323996863,293.29789830249126,-9999.0
Khagrachhari,10,2022,0.5402591907521751,-12.566499278499444,-15.276452764964345,300.68291894116777,-9999.0
Lakshmipur,10,2022,-779.9952957706575,-1739.8368342322076,-1883.730612176329,256.3010454703825,-9999.0
Noakhali,10,2022,-372.73759620189145,-577.8620073827866,-797.2516153397905,144.39800999218588,-9999.0
Rangamati,10,2022,-76.34012890470916,-619.5034299757554,-636.912853367204,299.4281570670599,-9999.0
Dhaka,10,2022,-129.2354716106591,-1392.7993528309612,-1398.293159675805,302.8231740674759,-9999.0
Faridpur,10,2022,-74.80450716398768,-1209.8871067280602,-1211.2488658446362,301.7752940953793,-9999.0
Gazipur,10,2022,-0.1883706820289289,-177.8839491272848,-207.29110835585726,302.16872777791696,-9999.0
Gopalganj,10,2022,0.3663968521060581,-54.46982703986983,-151.21989203602791,302.02277306950646,-9999.0
Jamalpur,10,2022,-114.58228562250493,-546.4833477301871,-547.8180203081907,301.4741836725004,-9999.0
Kishoreganj,10,2022,-3007.545873496291,-3506.9514193713544,-3512.2796789427066,297.8307896407466,-9999.0
Madaripur,10,2022,-418.3896814591355,-937.9971464914887,-954.9543244091642,302.07131854273416,-9999.0
Manikganj,10,2022,-729.7258342980231,-1458.5774056317255,-1459.2839061478962,301.7825158963144,-9999.0
Munshiganj,10,2022,-359.1897380824751,-1550.6962568018396,-1602.3598759518836,301.6824930692911,-9999.0
Mymensingh,10,2022,-9.445734654028261E-4,-42.764440158546435,-44.89006676819202,301.4031790000326,-9999.0
Narayanganj,10,2022,-194.33827259591956,-1075.619979675157,-1076.3655345375053,302.76083345999575,-9999.0
Narsingdi,10,2022,-279.00361235752706,-954.8967955457848,-985.5947907263967,301.816643503321,-9999.0
Netrakona,10,2022,-1373.099829944102,-936.7142113800114,-943.3718862068865,300.49285870561783,-9999.0
Rajbari,10,2022,-195.18288202923253,-963.2007010110157,-964.5113326426934,301.5518157640585,-9999.0
Shariatpur,10,2022,-414.85781044928797,-1864.0246553698673,-1879.552493915754,301.66161598798715,-9999.0
Sherpur,10,2022,0.532395820793153,-95.32034419890735,-98.51360518828291,301.079393240532,-9999.0
Tangail,10,2022,-83.12751869678856,-298.0086848477074,-304.23032822407436,301.4119428597124,-9999.0
Bagerhat,10,2022,-129.45474951646446,-1970.5284955509014,-2150.0784295532535,257.6622868917751,-9999.0
Chuadanga,10,2022,0.42688962595122437,-19.442989090244055,-20.535773821356656,303.1361095189978,-9999.0
Jessore,10,2022,0.4728049730084886,-216.86494381286784,-230.23144240519377,301.79603241657713,-9999.0
Jhenaidah,10,2022,0.5188053653784153,-46.13232290244449,-48.21062868231422,302.12508730066247,-9999.0
Khulna,10,2022,-82.03527398604659,-3688.546272398823,-3826.2533527261908,261.47081517377245,-9999.0
Kushtia,10,2022,-7.739895728882517,-691.0760105273995,-694.2789725822659,302.11673323876437,-9999.0
Magura,10,2022,0.4837182368681796,-71.69831063128053,-73.65842467866847,301.7543657710399,-9999.0
Meherpur,10,2022,0.4662504619160142,-42.23925543473898,-43.62959847963795,303.1422565774865,-9999.0
Narail,10,2022,0.17119076609693715,-110.53818453732667,-111.82956693147278,301.8419754610647,-9999.0
Satkhira,10,2022,-164.29117544216433,-4289.231087955865,-4480.398118366196,248.8445833512119,-9999.0
Habiganj,10,2022,-745.2527818477384,-888.1737679696652,-921.1279061119241,301.3796678345965,-9999.0
Maulvibazar,10,2022,-385.303778044102,-748.4076696767405,-767.0445838683615,300.9027952561752,-9999.0
Sunamganj,10,2022,-3400.9254364824233,-2933.377700122331,-3010.712647692535,300.5201988189277,-9999.0
Sylhet,10,2022,-302.258411211349,-366.9525687025818,-396.8407386407112,301.12899015709644,-9999.0
Bogra,10,2022,-197.08111546060968,-769.0687423537842,-771.4258669620193,301.11773992245963,-9999.0
Joypurhat,10,2022,0.49384615743074517,-123.01748371731243,-125.00661658712725,301.37055951340625,-9999.0
Naogaon,10,2022,-14.091358680769408,-288.2477221332813,-290.12683013545035,301.5976176406869,-9999.0
Natore,10,2022,-182.18535439436016,-266.3512738944123,-267.75812253055653,301.8685438834324,-9999.0
Nawabganj,10,2022,-152.03012693821003,-468.6556646444054,-470.02550437825437,302.07767476750513,-9999.0
Pabna,10,2022,-30.376006872303954,-688.5232052017404,-689.7257444766517,302.05934618309436,-9999.0
Rajshahi,10,2022,-24.24650186619881,-601.0960736420053,-603.3561404564861,302.0256128137794,-9999.0
Sirajganj,10,2022,-373.2741757364622,-1380.4048003965104,-1381.2686282159336,301.28933821313194,-9999.0
Dinajpur,10,2022,0.47931184158237217,-140.4710518499398,-142.26085118158707,301.35456848986854,-9999.0
Gaibandha,10,2022,-140.75142183212262,-917.0938074160473,-918.3947339625608,301.13444564312175,-9999.0
Kurigram,10,2022,-39.764137123648595,-1300.4437751419782,-1301.5121323213666,299.9991201698701,-9999.0
Lalmonirhat,10,2022,0.42490153016329824,-75.84665791699634,-77.24056797634937,300.6710453407472,-9999.0
Nilphamari,10,2022,0.43327642093082497,-170.97914275252725,-172.08921488324523,301.0807082250045,-9999.0
Panchagarh,10,2022,0.44998542708000994,-9.480760636169755,-12.34508098669115,301.0047405146784,-9999.0
Rangpur,10,2022,0.4821975315793575,-114.15118584802637,-115.67191947049174,300.87596238107017,-9999.0
Thakurgaon,10,2022,0.4499358332279951,-91.20863314092611,-92.69892204945668,301.39121440071585,-9999.0
Barguna,10,2022,-257.2116200396472,-1231.8129411954806,-1241.1688307891905,132.96059572005836,-9999.0
Barisal,11,2022,-408.7735156887495,-1696.2090767221498,-1752.8263781511996,299.2664822460067,-9999.0
Bhola,11,2022,-1316.4287102935357,-3376.0543181175276,-3395.7078768948877,154.61472960589987,-9999.0
Jhalokati,11,2022,0.4635702412998799,-259.8175187874568,-283.35568370018296,299.05491396364516,-9999.0
Patuakhali,11,2022,-141.23881927046432,-1013.9952209572041,-1017.1799164994299,257.07462091815444,-9999.0
Pirojpur,11,2022,-7.067858229851026,-606.3864931068815,-672.8371405208236,298.9445707837758,-9999.0
Bandarban,11,2022,0.5401024799306885,4.780955450085121,0.8634768884290556,299.83258670821795,-9999.0
Brahamanbaria,11,2022,-20.62515071966466,-1402.5258346847304,-1413.8861917175768,300.9717244900782,-9999.0
Chandpur,11,2022,-678.5794561012302,-1765.5937418051806,-1873.1123207199607,299.86544535870127,-9999.0
Chittagong,11,2022,-32.516324435720875,-510.6905405357851,-518.7833267161884,266.90632884758674,-9999.0
Comilla,11,2022,-3.6482462556102013,-130.81907655769604,-139.21845650611598,300.7812813226884,-9999.0
Cox's Bazar,11,2022,-1118.9609424674973,-1764.448457434486,-1771.3926301587403,-946.468536495166,-9999.0
Feni,11,2022,-11.29198703629801,-95.96171366378456,-102.35592675084474,292.68493063480526,-9999.0
Khagrachhari,11,2022,0.49490785975287793,-12.116258297258257,-15.165397515357201,299.83058206104914,-9999.0
Lakshmipur,11,2022,-773.9593110067304,-1739.824325529621,-1883.6752377809707,254.89054893802015,-9999.0
Noakhali,11,2022,-173.47835825023506,-578.2157229766453,-797.2473149190523,145.34286740247092,-9999.0
Rangamati,11,2022,-7.142228620703644,-618.5496534289733,-636.7792474386115,299.21450646015546,-9999.0
Dhaka,11,2022,-88.09378823579391,-1393.2544251666293,-1398.3732611112578,301.4483170653635,-9999.0
Faridpur,11,2022,-19.423057926972355,-1210.7828314479361,-1211.3654307939541,300.446218953199,-9999.0
Gazipur,11,2022,0.35474529086362383,-178.3663539366997,-207.31906552072627,300.43525470711705,-9999.0
Gopalganj,11,2022,0.32987556324906103,-54.98706339404107,-151.28304243805653,300.03775806380696,-9999.0
Jamalpur,11,2022,-8.500330975787353,-547.2037418623987,-547.8946636173687,300.4677901296848,-9999.0
Kishoreganj,11,2022,-171.55982237643863,-3507.4123529802605,-3512.3014957934997,300.46184084284346,-9999.0
Madaripur,11,2022,-261.2964676424162,-938.633667762169,-955.0456107399627,300.4692051737199,-9999.0
Manikganj,11,2022,-357.12353350504924,-1458.928639480208,-1459.3510791382064,300.86480675456676,-9999.0
Munshiganj,11,2022,-240.993775597092,-1551.2224761433204,-1602.4640247396387,300.53786812686735,-9999.0
Mymensingh,11,2022,0.3669248767770266,-43.57099483581426,-44.94904672574555,300.2571574374692,-9999.0
Narayanganj,11,2022,-16.708569412464694,-1075.9432842886015,-1076.4228676292987,301.57013381995296,-9999.0
Narsingdi,11,2022,-9.742237258246393,-955.5049964378823,-985.6280045565342,300.6894742677955,-9999.0
Netrakona,11,2022,-408.1768308498493,-937.0046506492977,-943.3555053074971,300.24957598769055,-9999.0
Rajbari,11,2022,-171.1658609079367,-964.0632825916574,-964.6226619335038,300.1192851068428,-9999.0
Shariatpur,11,2022,-413.534014475905,-1864.3349320457235,-1879.5879021146761,300.3923455435794,-9999.0
Sherpur,11,2022,0.3664526283006193,-95.96764682202031,-98.54476761672238,300.35049685392306,-9999.0
Tangail,11,2022,-26.28947133158955,-298.66981486599576,-304.30906709322505,300.4385768286284,-9999.0
Bagerhat,11,2022,-49.835192120625756,-1970.6070754624716,-2150.0593601408564,255.71357571940908,-9999.0
Chuadanga,11,2022,0.3550083540343047,-19.853644768962873,-20.58747305759425,300.86480377945026,-9999.0
Jessore,11,2022,0.3620733880792304,-217.98846056478672,-230.35664246139163,300.09854225583985,-9999.0
Jhenaidah,11,2022,0.3825272563629319,-47.55312776866777,-48.37852427279938,300.3953088078219,-9999.0
Khulna,11,2022,-27.940846239388797,-3688.6813545599084,-3826.254758362899,259.2978699532447,-9999.0
Kushtia,11,2022,-15.849953470982696,-692.3782580187578,-694.4439058016935,300.19217012330387,-9999.0
Magura,11,2022,0.3524147280639194,-73.06874952858782,-73.82714580897687,300.6993838903988,-9999.0
Meherpur,11,2022,0.36701893956018933,-43.04850412539711,-43.75792551604254,301.0712895043899,-9999.0
Narail,11,2022,0.3238496596333051,-111.23230531838367,-111.91924623558738,300.1035514104946,-9999.0
Satkhira,11,2022,-48.02929020890901,-4289.446974401287,-4480.413633909812,246.68962640748128,-9999.0
Habiganj,11,2022,-139.32711029635217,-888.6164945161752,-921.1372247596177,300.53974771711535,-9999.0
Maulvibazar,11,2022,-83.87015826724624,-748.6916353271671,-767.0210191838419,300.3746531184251,-9999.0
Sunamganj,11,2022,-1150.1854204842662,-2933.5174943776124,-3010.703191392103,299.643401610979,-9999.0
Sylhet,11,2022,-19.169474508657608,-367.27625922676833,-396.82123649365434,300.31409832123774,-9999.0
Bogra,11,2022,-62.30606421230857,-770.235901928051,-771.5966913000454,300.49891214180076,-9999.0
Joypurhat,11,2022,0.34690734044597854,-124.67128523987084,-125.24851751839537,301.217788260688,-9999.0
Naogaon,11,2022,-0.8835576773298444,-289.69733733597695,-290.32035205364286,300.52220501671985,-9999.0
Natore,11,2022,0.31680640518131636,-267.26339864402763,-267.89972061181805,300.3558982451846,-9999.0
Nawabganj,11,2022,-10.785491061947697,-469.49683363716923,-470.1402504340223,299.96532545256457,-9999.0
Pabna,11,2022,-20.558327879554945,-689.2753767625668,-689.8444941495683,300.34909397950315,-9999.0
Rajshahi,11,2022,-14.716350776871462,-602.048700366543,-603.5125369385596,300.59725112442857,-9999.0
Sirajganj,11,2022,-57.804124964623526,-1380.8987275026502,-1381.3512486270197,300.46939813670144,-9999.0
Dinajpur,11,2022,0.3546424987658194,-141.83117319655943,-142.45027059929984,300.6792099769456,-9999.0
Gaibandha,11,2022,-57.030248272885856,-917.905601800946,-918.4896093715358,300.06366993686055,-9999.0
Kurigram,11,2022,-19.5326684069331,-1300.9380128783691,-1301.5393385452562,299.3972647888977,-9999.0
Lalmonirhat,11,2022,0.30487578860570197,-76.9000195324142,-77.40057677924182,300.59656273151626,-9999.0
Nilphamari,11,2022,0.3292039363387962,-171.67303435256235,-172.19344960590712,300.3611962655772,-9999.0
Panchagarh,11,2022,0.3427625961572548,-10.22731750695062,-12.42320640290842,300.52385129745744,-9999.0
Rangpur,11,2022,0.36297664560423376,-115.07082208277983,-115.78769476399059,300.2713048463277,-9999.0
Thakurgaon,11,2022,0.32888897078166235,-92.38874638656921,-92.88254632609926,301.3492422617796,-9999.0
Barguna,11,2022,-137.20296110216796,-1231.644527138454,-1241.0989319048042,130.91534798450095,-9999.0
Barisal,12,2022,-268.66454491437804,-1696.9384026294783,-1752.9515689317445,296.50895751775124,-9999.0
Bhola,12,2022,-607.72079408749,-3376.8527649663497,-3395.8291985378555,151.99930340770013,-9999.0
Jhalokati,12,2022,0.36390788909332306,-260.9901800646647,-283.47421638222517,296.36049506202255,-9999.0
Patuakhali,12,2022,-103.91891171020215,-1015.15837560479,-1017.3935975204867,255.20697268899477,-9999.0
Pirojpur,12,2022,0.3381240014975832,-607.3810912542157,-672.9539253674503,296.205484443491,-9999.0
Bandarban,12,2022,0.46823126257273334,3.803575135618854,0.8383029342841538,296.61317652957064,-9999.0
Brahamanbaria,12,2022,0.22945279410325625,-1403.1203946540636,-1414.0456691888842,298.8509346328474,-9999.0
Chandpur,12,2022,-258.65269366362406,-1766.124239266212,-1873.2042863733939,297.1932416206682,-9999.0
Chittagong,12,2022,-30.544251477425508,-511.6573940723714,-518.9044119067822,263.8250100031741,-9999.0
Comilla,12,2022,0.27061575852763325,-131.48397854870538,-139.37760979905644,298.27825879576005,-9999.0
Cox's Bazar,12,2022,-1117.0665663081954,-1765.0123063431176,-1771.4724309858077,-948.8689141487722,-9999.0
Feni,12,2022,-6.124016282829935,-96.90927738422099,-102.51454002878513,289.23704135916665,-9999.0
Khagrachhari,12,2022,0.4310220340800677,-13.186720199654618,-15.219767467809554,296.25404943896297,-9999.0
Lakshmipur,12,2022,-322.62789433949814,-1740.5713612724187,-1883.7623005010723,252.37453143227802,-9999.0
Noakhali,12,2022,-111.45195277240516,-579.0335145437914,-797.3671961940951,142.74845507506177,-9999.0
Rangamati,12,2022,-12.418114321948014,-619.5888808144929,-636.8136003077658,295.61177960754827,-9999.0
Dhaka,12,2022,-45.6685472219804,-1393.460932242897,-1398.420932052731,298.64756862719923,-9999.0
Faridpur,12,2022,-8.04899166581941,-1211.1952237808084,-1211.4770453365047,298.19352857603576,-9999.0
Gazipur,12,2022,0.2806251250852515,-179.02175248175053,-207.454719895677,297.9210086219231,-9999.0
Gopalganj,12,2022,0.24672399337008524,-55.532782196497145,-151.42173026196676,297.3469388919888,-9999.0
Jamalpur,12,2022,-11.976662729587346,-547.6298189944412,-547.9914468956737,297.6999379885375,-9999.0
Kishoreganj,12,2022,-0.6683008356703749,-3507.815888074377,-3512.398138862174,297.9596041059381,-9999.0
Madaripur,12,2022,-212.6581402920812,-938.9426659106798,-955.1210054721874,297.87999509181117,-9999.0
Manikganj,12,2022,-62.52590848602443,-1458.8159698688448,-1459.2854182915055,297.8326079578764,-9999.0
Munshiganj,12,2022,-235.67972428215526,-1551.525757388738,-1602.5497861222168,298.1229325612683,-9999.0
Mymensingh,12,2022,0.25038026133045826,-44.42356211685873,-45.173648946249145,298.135397961033,-9999.0
Narayanganj,12,2022,0.23725034310693238,-1076.2791927502199,-1076.520409224534,298.38800750939276,-9999.0
Narsingdi,12,2022,0.29277107638777283,-956.0549895699909,-985.7498744840454,297.9858607487775,-9999.0
Netrakona,12,2022,-8.690350154347021,-937.7411635354617,-943.5393944645541,298.13402356022607,-9999.0
Rajbari,12,2022,-28.883122497350282,-964.491658337641,-964.7310133769093,297.52615980430755,-9999.0
Shariatpur,12,2022,-45.79132990034864,-1864.5336824083302,-1879.6296712328244,297.910917439689,-9999.0
Sherpur,12,2022,0.26610625274132205,-96.70560944436475,-98.7337862401961,298.06647689810615,-9999.0
Tangail,12,2022,-25.56881806836471,-299.0627299463495,-304.3688864923609,297.7193752503156,-9999.0
Bagerhat,12,2022,-44.06111192836503,-1970.9249981998269,-2150.09401741899,252.83084128460695,-9999.0
Chuadanga,12,2022,0.38014202613729403,-19.96663113574376,-20.556236263408525,296.40403702584825,-9999.0
Jessore,12,2022,0.26263243847512546,-218.59538466603263,-230.49170941907562,297.1727263047887,-9999.0
Jhenaidah,12,2022,0.2898727483939731,-48.171393842093714,-48.50666006988992,297.49724246117773,-9999.0
Khulna,12,2022,-27.14848628610254,-3689.03446353932,-3826.3290155410805,256.49151042828083,-9999.0
Kushtia,12,2022,-7.928362856020188,-692.8564824363048,-694.5232018395109,296.42546443155175,-9999.0
Magura,12,2022,0.27119424037548423,-73.70366743435386,-73.9877188722456,298.0113963362422,-9999.0
Meherpur,12,2022,0.3479409083367012,-43.246745010852145,-43.74822227567228,296.36513184856386,-9999.0
Narail,12,2022,0.24739768944520507,-111.74108528495468,-112.04888499407329,297.2899334649904,-9999.0
Satkhira,12,2022,-51.736617016883535,-4289.661905127093,-4480.46043062475,243.6640802396753,-9999.0
Habiganj,12,2022,0.23316896964948,-889.3955138149797,-921.2947987601702,298.3780223486017,-9999.0
Maulvibazar,12,2022,0.30557759832945713,-749.5208372750463,-767.1480799818926,297.94467048745867,-9999.0
Sunamganj,12,2022,-44.97858346434414,-2933.7689545764847,-3010.7433988307075,297.0577905795187,-9999.0
Sylhet,12,2022,-0.39125488245237766,-367.9689263813164,-396.9470514985318,298.1049860150317,-9999.0
Bogra,12,2022,-18.308378062252693,-770.7165413811957,-771.7026865191019,297.714185520634,-9999.0
Joypurhat,12,2022,0.260422025463005,-125.05844802685803,-125.31403295023132,297.66952556877527,-9999.0
Naogaon,12,2022,0.25326423917933805,-290.20566233331766,-290.42354938467105,296.5688212064062,-9999.0
Natore,12,2022,-0.9297697801047008,-267.7010359998726,-267.96982459432303,296.76357499860956,-9999.0
Nawabganj,12,2022,0.23324959553779345,-469.90416423279515,-470.2045533133751,295.6539798570363,-9999.0
Pabna,12,2022,-7.200186492826167,-689.5689529929416,-689.8830876645513,297.12766767015097,-9999.0
Rajshahi,12,2022,-7.393768660774231,-602.292928727176,-603.5220971188709,295.9726395203169,-9999.0
Sirajganj,12,2022,-21.14897016871033,-1381.0224951850182,-1381.3466881640509,297.0795873618344,-9999.0
Dinajpur,12,2022,0.22010386322970224,-142.44229396731365,-142.59687761559286,297.89745697607486,-9999.0
Gaibandha,12,2022,-14.890207887968003,-918.511242999631,-918.6530541880558,297.8980032154149,-9999.0
Kurigram,12,2022,-10.147916736694537,-1301.5233344624942,-1301.6789990370773,296.85403579807013,-9999.0
Lalmonirhat,12,2022,0.2151860574753265,-77.36590014802735,-77.51191248059202,297.28186270989323,-9999.0
Nilphamari,12,2022,0.23166811351540958,-172.08163207356412,-172.2727426525575,296.9265745524209,-9999.0
Panchagarh,12,2022,0.22328799809964406,-10.713540732947408,-12.522031977193175,297.6201991227487,-9999.0
Rangpur,12,2022,0.22074794833732955,-115.83270646869488,-115.97885750654008,297.52535128404054,-9999.0
Thakurgaon,12,2022,0.2375021366766339,-92.71692514420768,-92.93139796276456,297.8462048633291,-9999.0
Barguna,12,2022,-82.61288018381723,-1232.9136301455374,-1241.2911350049303,128.94795797018563,-9999.0
