District,month,year,sm_surface,sm_rootzone,Rootzone_Surface_Diff,Moisture_Ratio,Water_Availability_Cat
Barishal,1,2022,0.2507762733843716,0.2972190639063067,0.0464,1.1805,Optimal
Bhola,1,2022,0.2304389261957792,0.2739016861185905,0.0435,1.1835,Optimal
Jhallokati,1,2022,0.2112888957519694,0.2563614570859324,0.0451,1.2076,Optimal
Patuakhali,1,2022,0.2831848524537375,0.3315499442274884,0.0484,1.1667,Optimal
Pirojpur,1,2022,0.2392821635360687,0.2795346947354546,0.0403,1.1634,Optimal
Bandarban,1,2022,0.1978886573268652,0.2546124214384475,0.0567,1.2802,Optimal
Brahmanbaria,1,2022,0.2232168110812859,0.2689328581526074,0.0457,1.1994,Optimal
Chandpur,1,2022,0.2325818184307035,0.268559713737697,0.036,1.1497,Optimal
Chattogram,1,2022,0.1779276338410228,0.2288754564804465,0.0509,1.2792,Moderate
Cumilla,1,2022,0.2468630779878995,0.2828127943083768,0.0359,1.141,Optimal
CoxsBazar,1,2022,0.1468363440663631,0.2099287302869102,0.0631,1.42,Moderate
Feni,1,2022,0.2182896468349899,0.2571931173831489,0.0389,1.1728,Optimal
Khagrachari,1,2022,0.2586325317119969,0.2890292587265691,0.0304,1.1132,Optimal
Lakshmipur,1,2022,0.2279149080659557,0.2577435275758461,0.0298,1.1259,Optimal
Noakhali,1,2022,0.2082792661113347,0.2434675760449398,0.0352,1.1634,Moderate
Rangamati,1,2022,0.2374293624373321,0.2767674780394958,0.0393,1.1608,Optimal
Dhaka,1,2022,0.219563501464395,0.2666715226510932,0.0471,1.209,Optimal
Faridpur,1,2022,0.2784010350138527,0.3609155996137143,0.0825,1.2917,Optimal
Gazipur,1,2022,0.2551524555846636,0.2903567825553757,0.0352,1.1335,Optimal
Gopalganj,1,2022,0.415687567435298,0.7450904658708027,0.3294,1.7881,Optimal
Jamalpur,1,2022,0.1191193140538378,0.1768781466028621,0.0578,1.4725,Moderate
Kishoreganj,1,2022,0.1945840570285959,0.2347974104373659,0.0402,1.2005,Moderate
Madaripur,1,2022,0.2709738628769463,0.3388218010295973,0.0678,1.2458,Optimal
Manikganj,1,2022,0.1605622800055498,0.2160780665574607,0.0555,1.3374,Moderate
Munshiganj,1,2022,0.2060133098283418,0.2407768781752735,0.0348,1.1631,Moderate
Mymensingh,1,2022,0.1725538711999692,0.214472756904719,0.0419,1.2358,Moderate
Narayanganj,1,2022,0.2505119051037512,0.2851826213001522,0.0347,1.1339,Optimal
Narsingdi,1,2022,0.2369102221334277,0.274699696896252,0.0378,1.1546,Optimal
Netrokona,1,2022,0.192121611048616,0.2242734109484118,0.0322,1.1613,Moderate
Rajbari,1,2022,0.1893886516054908,0.2393531313320596,0.05,1.2572,Moderate
Shariatpur,1,2022,0.2548770571575348,0.297595265751724,0.0427,1.163,Optimal
Sherpur,1,2022,0.117509361793406,0.1774190825570529,0.0599,1.4971,Moderate
Tangail,1,2022,0.1648721390567933,0.2216932719714603,0.0568,1.3365,Moderate
Bagerhat,1,2022,0.328367700512036,0.406722848581049,0.0784,1.2349,Optimal
Chuadanga,1,2022,0.2134656086793842,0.2545866184137652,0.0411,1.1871,Optimal
Jashore,1,2022,0.2556658023903144,0.3353327352229862,0.0797,1.3065,Optimal
Jhenaidah,1,2022,0.2409981506459186,0.2765268972056646,0.0355,1.1427,Optimal
Khulna,1,2022,0.3398214151235434,0.4456984861392676,0.1059,1.3077,Optimal
Kushtia,1,2022,0.1625092755727158,0.2131795196338601,0.0507,1.3038,Moderate
Magura,1,2022,0.2547490068872605,0.2942093787429347,0.0395,1.1504,Optimal
Meherpur,1,2022,0.1933525286566826,0.2408355102712108,0.0475,1.2392,Moderate
Narail,1,2022,0.3452287578593319,0.5656410508738412,0.2204,1.6337,Optimal
Satkhira,1,2022,0.3190814073671374,0.368420721618348,0.0493,1.151,Optimal
Habiganj,1,2022,0.2103247700676412,0.2454501299901849,0.0351,1.1615,Moderate
Moulvibazar,1,2022,0.2177136393235048,0.267879302004906,0.0502,1.2248,Optimal
Sunamganj,1,2022,0.2360141829080741,0.2682547079311951,0.0322,1.1318,Optimal
Sylhet,1,2022,0.2712141610177973,0.3097652359642225,0.0386,1.1379,Optimal
Bogura,1,2022,0.1226250004211138,0.1906206043291737,0.068,1.5419,Moderate
Joypurhat,1,2022,0.1041568237510356,0.189422536610247,0.0853,1.8013,Moderate
Naogaon,1,2022,0.1416559940236378,0.2002810830735687,0.0586,1.4039,Moderate
Natore,1,2022,0.1711560381798723,0.2111693169739751,0.04,1.2266,Moderate
Chapai Nawabganj,1,2022,0.1582325760801716,0.1949190612073891,0.0367,1.2241,Moderate
Pabna,1,2022,0.1926882102404645,0.242419089315298,0.0497,1.2516,Moderate
Rajshahi,1,2022,0.1867112005260629,0.2279991191946518,0.0413,1.2146,Moderate
Sirajganj,1,2022,0.124055014432606,0.1975444032342961,0.0735,1.5797,Moderate
Dinajpur,1,2022,0.1493410190755856,0.2096919857597511,0.0604,1.3948,Moderate
Gaibandha,1,2022,0.1259695056601709,0.1971669708417694,0.0712,1.5529,Moderate
Kurigram,1,2022,0.1553941618278053,0.2268822985909174,0.0715,1.4507,Moderate
Lalmonirhat,1,2022,0.1450941705363606,0.1793042851522969,0.0342,1.2273,Moderate
Nilphamari,1,2022,0.1473659024848235,0.1755423927215929,0.0282,1.1832,Moderate
Panchagar,1,2022,0.1890327184338809,0.2338265376322972,0.0448,1.2305,Moderate
Rangpur,1,2022,0.1319411048247525,0.1855855545120356,0.0536,1.396,Moderate
Thakurgaon,1,2022,0.1810716326798041,0.2306876244144324,0.0496,1.267,Moderate
Barguna,1,2022,0.3400866149443891,0.3857870143784867,0.0457,1.1311,Optimal
Barishal,2,2022,0.2092055990973326,0.2713923030474739,0.0622,1.2911,Optimal
Bhola,2,2022,0.1672487125332453,0.2308423886288035,0.0636,1.372,Moderate
Jhallokati,2,2022,0.1763772665927772,0.2370799035448208,0.0607,1.3366,Moderate
Patuakhali,2,2022,0.2235857107010388,0.2932567928344329,0.0697,1.3058,Optimal
Pirojpur,2,2022,0.2051935655004775,0.2622969172207288,0.0571,1.2721,Optimal
Bandarban,2,2022,0.1650270436862212,0.2305606441975047,0.0655,1.3887,Moderate
Brahmanbaria,2,2022,0.200137654549393,0.2439093280571826,0.0438,1.2126,Moderate
Chandpur,2,2022,0.1925171982078832,0.2397314973631683,0.0472,1.2388,Moderate
Chattogram,2,2022,0.1295414161194842,0.1995752658653648,0.07,1.5288,Moderate
Cumilla,2,2022,0.2095384421614231,0.253951999269564,0.0444,1.2062,Optimal
CoxsBazar,2,2022,0.1150180928462223,0.1841813165382374,0.0692,1.5875,Moderate
Feni,2,2022,0.1597286980308069,0.2207398419402001,0.061,1.3734,Moderate
Khagrachari,2,2022,0.2071010415570452,0.2599391986835258,0.0528,1.2491,Optimal
Lakshmipur,2,2022,0.1818596421525337,0.2242841812830621,0.0424,1.2265,Moderate
Noakhali,2,2022,0.1487325285128977,0.2031357483188607,0.0544,1.3567,Moderate
Rangamati,2,2022,0.1893527317837046,0.2487821706397029,0.0594,1.307,Moderate
Dhaka,2,2022,0.2014474532915351,0.2452819291507736,0.0438,1.2116,Moderate
Faridpur,2,2022,0.2588903496332274,0.3419818440895136,0.0831,1.3159,Optimal
Gazipur,2,2022,0.2362773292480132,0.2711488398637311,0.0349,1.1428,Optimal
Gopalganj,2,2022,0.4166733488032749,0.7419163457681421,0.3252,1.7763,Optimal
Jamalpur,2,2022,0.1848978209369654,0.1965373041289763,0.0116,1.0572,Moderate
Kishoreganj,2,2022,0.1725416941275639,0.2198441680191463,0.0473,1.2668,Moderate
Madaripur,2,2022,0.2469871001374541,0.3242595740791524,0.0773,1.3076,Optimal
Manikganj,2,2022,0.1695029201529781,0.204127449676487,0.0346,1.1972,Moderate
Munshiganj,2,2022,0.1764650080828518,0.2165091605335337,0.04,1.22,Moderate
Mymensingh,2,2022,0.1959802244149514,0.2197080477414131,0.0237,1.1154,Moderate
Narayanganj,2,2022,0.2170003283713418,0.256659194178461,0.0397,1.1773,Optimal
Narsingdi,2,2022,0.2079842011270014,0.2506089207087237,0.0426,1.1992,Optimal
Netrokona,2,2022,0.2003906028745469,0.2245061423845961,0.0241,1.1148,Moderate
Rajbari,2,2022,0.182273298857699,0.2262092709665544,0.0439,1.2343,Moderate
Shariatpur,2,2022,0.2162733942166438,0.2722379293591304,0.056,1.253,Optimal
Sherpur,2,2022,0.1855707091468878,0.1996753030462383,0.0141,1.0702,Moderate
Tangail,2,2022,0.1955908484829467,0.2194044294263251,0.0238,1.116,Moderate
Bagerhat,2,2022,0.2864733295337842,0.3817984646653977,0.0953,1.3281,Optimal
Chuadanga,2,2022,0.2227671201252532,0.2508735075857239,0.0281,1.1211,Optimal
Jashore,2,2022,0.2499941507052577,0.3200622548778371,0.0701,1.2752,Optimal
Jhenaidah,2,2022,0.2419243689273952,0.2632182409754334,0.0213,1.0835,Optimal
Khulna,2,2022,0.2993240121837932,0.4187601388644903,0.1194,1.3944,Optimal
Kushtia,2,2022,0.172553482545578,0.2113469993956591,0.0388,1.2178,Moderate
Magura,2,2022,0.2535163496544565,0.2767719485439737,0.0233,1.0874,Optimal
Meherpur,2,2022,0.2088063560474303,0.2427353878655741,0.0339,1.1569,Moderate
Narail,2,2022,0.3389134269773353,0.5508441106309506,0.2119,1.6205,Optimal
Satkhira,2,2022,0.2825002675874967,0.3440772524945771,0.0616,1.2137,Optimal
Habiganj,2,2022,0.1874131558023998,0.2238308523104567,0.0364,1.188,Moderate
Moulvibazar,2,2022,0.1873049323301981,0.242793046566014,0.0555,1.2894,Moderate
Sunamganj,2,2022,0.2225266643252714,0.2513115351126283,0.0288,1.1243,Optimal
Sylhet,2,2022,0.2571680005167829,0.2930748113975166,0.0359,1.1352,Optimal
Bogura,2,2022,0.1829954978386899,0.2054833843351269,0.0225,1.1168,Moderate
Joypurhat,2,2022,0.1806165544279329,0.2009720980204068,0.0204,1.1066,Moderate
Naogaon,2,2022,0.2007497461628233,0.2174408261370718,0.0167,1.0778,Moderate
Natore,2,2022,0.1952429251176108,0.2155610679785231,0.0203,1.0984,Moderate
Chapai Nawabganj,2,2022,0.1907819628449283,0.2072517743047387,0.0165,1.0807,Moderate
Pabna,2,2022,0.2057535954335116,0.2389476862607373,0.0332,1.1557,Moderate
Rajshahi,2,2022,0.2066532359826287,0.23230209531929,0.0256,1.1187,Moderate
Sirajganj,2,2022,0.1759987503777897,0.2022281579885063,0.0262,1.1425,Moderate
Dinajpur,2,2022,0.2098418633279849,0.2188866911289681,0.009,1.0382,Moderate
Gaibandha,2,2022,0.2045938332645504,0.2255091748081638,0.0209,1.0969,Moderate
Kurigram,2,2022,0.2187223547517069,0.252286938232703,0.0336,1.1482,Optimal
Lalmonirhat,2,2022,0.2026650411601573,0.197595426238415,-0.0051,0.9702,Moderate
Nilphamari,2,2022,0.1990399352000462,0.1865425599561193,-0.0125,0.9325,Moderate
Panchagar,2,2022,0.2248401323758819,0.2421503149699035,0.0173,1.0722,Moderate
Rangpur,2,2022,0.2163987633924267,0.2075526568608841,-0.0088,0.9547,Moderate
Thakurgaon,2,2022,0.2072094058020596,0.2294508245941701,0.0222,1.102,Moderate
Barguna,2,2022,0.2848434771139136,0.3506877534979818,0.0658,1.2269,Optimal
Barishal,3,2022,0.1250910675594499,0.2244238610243165,0.0993,1.7799,Moderate
Bhola,3,2022,0.0974268821524015,0.1811183871191263,0.0837,1.8401,Moderate
Jhallokati,3,2022,0.0933433838881929,0.1942317952414002,0.1009,2.0588,Moderate
Patuakhali,3,2022,0.1528859426224359,0.2447910837457909,0.0919,1.5907,Moderate
Pirojpur,3,2022,0.1238060827644271,0.2185649235036784,0.0948,1.7512,Moderate
Bandarban,3,2022,0.1127013875051799,0.19892357223853,0.0862,1.7495,Moderate
Brahmanbaria,3,2022,0.1068126167099517,0.1930081067359971,0.0862,1.7902,Moderate
Chandpur,3,2022,0.1052136798902433,0.189569898519893,0.0844,1.7848,Moderate
Chattogram,3,2022,0.0859723605120858,0.1673490419098572,0.0814,1.9242,Moderate
Cumilla,3,2022,0.1301051688763063,0.2031143095276265,0.073,1.5492,Moderate
CoxsBazar,3,2022,0.0818028369862021,0.1595421434851585,0.0777,1.9268,Moderate
Feni,3,2022,0.0962971422773381,0.1762878225211691,0.08,1.8118,Moderate
Khagrachari,3,2022,0.1499844712424534,0.2230057974314653,0.073,1.477,Moderate
Lakshmipur,3,2022,0.1032899757939956,0.1723229217315202,0.069,1.6523,Moderate
Noakhali,3,2022,0.0853428769651573,0.1578100473365631,0.0725,1.8277,Moderate
Rangamati,3,2022,0.1349867489521169,0.2127974953301924,0.0778,1.5648,Moderate
Dhaka,3,2022,0.1274650135675045,0.2094951669947039,0.082,1.6308,Moderate
Faridpur,3,2022,0.1547189943459044,0.2909982276353075,0.1363,1.8687,Optimal
Gazipur,3,2022,0.150708571134786,0.2333944351860567,0.0827,1.5384,Moderate
Gopalganj,3,2022,0.267613466033476,0.6457431589046595,0.3781,2.404,Optimal
Jamalpur,3,2022,0.0953720220785692,0.1722864128870477,0.0769,1.7877,Moderate
Kishoreganj,3,2022,0.0848330355833166,0.1773879821351891,0.0926,2.0667,Moderate
Madaripur,3,2022,0.140101625347002,0.267371940612793,0.1273,1.8949,Optimal
Manikganj,3,2022,0.1018147711775132,0.1784903442683797,0.0767,1.736,Moderate
Munshiganj,3,2022,0.0963482291217897,0.1723397576598206,0.076,1.7703,Moderate
Mymensingh,3,2022,0.1058211896893487,0.1869668845673975,0.0811,1.7503,Moderate
Narayanganj,3,2022,0.1251647368559927,0.2096129679819835,0.0844,1.6614,Moderate
Narsingdi,3,2022,0.1149038488460099,0.2022540687344258,0.0874,1.745,Moderate
Netrokona,3,2022,0.0982852163960796,0.1868994704900321,0.0886,1.8825,Moderate
Rajbari,3,2022,0.1124722873562662,0.1942682057991765,0.0818,1.712,Moderate
Shariatpur,3,2022,0.1217921777728957,0.2196131939775851,0.0978,1.7885,Moderate
Sherpur,3,2022,0.0953361959102612,0.1738231968340317,0.0785,1.8043,Moderate
Tangail,3,2022,0.1203044837886528,0.1966610069722548,0.0764,1.6212,Moderate
Bagerhat,3,2022,0.2056678105809818,0.3273566009366093,0.1217,1.584,Optimal
Chuadanga,3,2022,0.1325499231603251,0.2272029664129041,0.0947,1.7013,Moderate
Jashore,3,2022,0.1598306967472488,0.2858461139907156,0.126,1.7773,Optimal
Jhenaidah,3,2022,0.1503741658267473,0.2367544822305481,0.0864,1.564,Moderate
Khulna,3,2022,0.216832199745052,0.3632217602183422,0.1464,1.6674,Optimal
Kushtia,3,2022,0.1046918917700071,0.1877973173922429,0.0831,1.7768,Moderate
Magura,3,2022,0.156522502059421,0.2447892251087302,0.0883,1.554,Moderate
Meherpur,3,2022,0.1104706860021237,0.2180753143564347,0.1076,1.9563,Moderate
Narail,3,2022,0.2236527568566266,0.4885440612522677,0.2649,2.1747,Optimal
Satkhira,3,2022,0.2126714391270193,0.2975774026066317,0.0849,1.3927,Optimal
Habiganj,3,2022,0.0941166002127027,0.1819452065414535,0.0878,1.9129,Moderate
Moulvibazar,3,2022,0.1084337321927096,0.2028929241408549,0.0945,1.854,Moderate
Sunamganj,3,2022,0.1331015492065572,0.2095743277587553,0.0765,1.5628,Moderate
Sylhet,3,2022,0.1748655940581291,0.2567677918523732,0.0819,1.46,Optimal
Bogura,3,2022,0.1140726335477026,0.1857791465664547,0.0717,1.6145,Moderate
Joypurhat,3,2022,0.134045435317925,0.1856911327026702,0.0516,1.375,Moderate
Naogaon,3,2022,0.1219769185857278,0.194982666903113,0.073,1.5855,Moderate
Natore,3,2022,0.1187679452929396,0.1948882777573941,0.0761,1.6272,Moderate
Chapai Nawabganj,3,2022,0.1079304458997278,0.1797496766337456,0.0718,1.6501,Moderate
Pabna,3,2022,0.1315447702258421,0.2196834612478304,0.0881,1.6574,Moderate
Rajshahi,3,2022,0.1286564629692979,0.2090115516336446,0.0804,1.612,Moderate
Sirajganj,3,2022,0.1102250669892752,0.187521190352218,0.0773,1.686,Moderate
Dinajpur,3,2022,0.13276362306686,0.1886511433108281,0.0559,1.4103,Moderate
Gaibandha,3,2022,0.1163413503848058,0.2008352054611899,0.0845,1.7115,Moderate
Kurigram,3,2022,0.1334850002715324,0.2214623800612736,0.088,1.6467,Moderate
Lalmonirhat,3,2022,0.1266082218931729,0.1614147027094531,0.0348,1.2649,Moderate
Nilphamari,3,2022,0.1330156643890401,0.154012350218672,0.021,1.1492,Moderate
Panchagar,3,2022,0.1507079354431531,0.2046919438038611,0.054,1.3493,Moderate
Rangpur,3,2022,0.1252047769557801,0.1769908733317169,0.0518,1.4024,Moderate
Thakurgaon,3,2022,0.1306522753070254,0.1938788450086133,0.0632,1.4727,Moderate
Barguna,3,2022,0.2112679577678598,0.2982734698293451,0.087,1.4052,Optimal
Barishal,4,2022,0.126077623158005,0.1979820629768233,0.0719,1.558,Moderate
Bhola,4,2022,0.0916084725253682,0.1541335296963794,0.0625,1.6644,Moderate
Jhallokati,4,2022,0.0840999754705193,0.1630409393630685,0.0789,1.9159,Moderate
Patuakhali,4,2022,0.1402856658521071,0.2135593366315356,0.0733,1.5115,Moderate
Pirojpur,4,2022,0.111308499674347,0.1900427191932527,0.0787,1.6921,Moderate
Bandarban,4,2022,0.125772102984531,0.1844145688813316,0.0586,1.4547,Moderate
Brahmanbaria,4,2022,0.1401292690522851,0.1890414950468593,0.0489,1.3395,Moderate
Chandpur,4,2022,0.106727753315425,0.1709941952736401,0.0643,1.5873,Moderate
Chattogram,4,2022,0.1201025704115431,0.1684053795882259,0.0483,1.3906,Moderate
Cumilla,4,2022,0.1207862106874072,0.1828186306461605,0.062,1.5011,Moderate
CoxsBazar,4,2022,0.1021471882841604,0.1533545212132886,0.0512,1.4868,Moderate
Feni,4,2022,0.1050540873067846,0.1659082480946704,0.0609,1.5644,Moderate
Khagrachari,4,2022,0.1734733552526717,0.2167738331590042,0.0433,1.2424,Moderate
Lakshmipur,4,2022,0.0929401409124954,0.146437700798495,0.0535,1.5588,High Stress
Noakhali,4,2022,0.0966175287033175,0.1466981627151313,0.0501,1.5028,High Stress
Rangamati,4,2022,0.1561181455246284,0.2068130896438238,0.0507,1.3163,Moderate
Dhaka,4,2022,0.1421308740775494,0.2038531286379634,0.0617,1.4242,Moderate
Faridpur,4,2022,0.137588731355061,0.2547219457384059,0.1171,1.838,Optimal
Gazipur,4,2022,0.1824539040135251,0.2392598796447001,0.0568,1.3042,Moderate
Gopalganj,4,2022,0.1929232810802895,0.5688333239213546,0.3759,2.9333,Optimal
Jamalpur,4,2022,0.1534697393501517,0.1739743023562361,0.0205,1.1263,Moderate
Kishoreganj,4,2022,0.1520641581726949,0.1890652395545241,0.037,1.2352,Moderate
Madaripur,4,2022,0.1358605749368893,0.2369392074870341,0.1011,1.7312,Moderate
Manikganj,4,2022,0.1090195312934077,0.168616202121936,0.0596,1.5326,Moderate
Munshiganj,4,2022,0.1178534664863616,0.1634963615168881,0.0456,1.3756,Moderate
Mymensingh,4,2022,0.1751151264846543,0.2023566247786488,0.0272,1.149,Moderate
Narayanganj,4,2022,0.146865004829354,0.2014972061806391,0.0546,1.3627,Moderate
Narsingdi,4,2022,0.1521612956551279,0.2026943792487215,0.0505,1.3234,Moderate
Netrokona,4,2022,0.2109271333862956,0.2116579205104654,0.0007,0.9987,Moderate
Rajbari,4,2022,0.0985397528737004,0.1628964158137127,0.0644,1.6365,Moderate
Shariatpur,4,2022,0.1303274872151401,0.1996512487167265,0.0693,1.5203,Moderate
Sherpur,4,2022,0.1889456929100451,0.1938239548699757,0.0049,1.0204,Moderate
Tangail,4,2022,0.1439413836848021,0.1934754343905684,0.0495,1.3349,Moderate
Bagerhat,4,2022,0.1755764709589199,0.2911837804945894,0.1156,1.6491,Optimal
Chuadanga,4,2022,0.1089257433545203,0.1987991212144114,0.0899,1.8085,Moderate
Jashore,4,2022,0.1200441977428009,0.2519323117973781,0.1319,2.0813,Optimal
Jhenaidah,4,2022,0.1195924292698747,0.2039262065552225,0.0843,1.691,Moderate
Khulna,4,2022,0.1735354502498908,0.3220048553780877,0.1485,1.8449,Optimal
Kushtia,4,2022,0.0866412944454541,0.1575254305620022,0.0709,1.7974,Moderate
Magura,4,2022,0.1244896556487632,0.2104743193918353,0.086,1.6772,Moderate
Meherpur,4,2022,0.1009449606412841,0.1957661064209477,0.0948,1.9203,Moderate
Narail,4,2022,0.1865046736728623,0.4357195206187689,0.2492,2.3238,Optimal
Satkhira,4,2022,0.1897808420774908,0.2638032266613987,0.074,1.3828,Optimal
Habiganj,4,2022,0.1498287114970728,0.186235670695133,0.0364,1.2347,Moderate
Moulvibazar,4,2022,0.1736148457185429,0.2107166594882833,0.0371,1.2068,Moderate
Sunamganj,4,2022,0.2415897381731642,0.2304756710736056,-0.0111,0.9501,Moderate
Sylhet,4,2022,0.3001736165009448,0.2946124537276312,-0.0056,0.9782,Optimal
Bogura,4,2022,0.11366018293803,0.1650228727508709,0.0514,1.4392,Moderate
Joypurhat,4,2022,0.1034740803660927,0.1613882720601427,0.0579,1.5448,Moderate
Naogaon,4,2022,0.0925550159048428,0.1658034970701924,0.0732,1.7723,Moderate
Natore,4,2022,0.1041592441441973,0.1728935264266528,0.0687,1.6441,Moderate
Chapai Nawabganj,4,2022,0.0837771706067757,0.1497800866522666,0.066,1.7668,High Stress
Pabna,4,2022,0.1137004826168775,0.1967873245676825,0.0831,1.7157,Moderate
Rajshahi,4,2022,0.1097803719993963,0.1827604491499406,0.073,1.6498,Moderate
Sirajganj,4,2022,0.1163050502821045,0.1711865535052452,0.0549,1.4593,Moderate
Dinajpur,4,2022,0.123211261115983,0.16493715929784,0.0417,1.3279,Moderate
Gaibandha,4,2022,0.163399681931189,0.1929002550599458,0.0295,1.1734,Moderate
Kurigram,4,2022,0.2602123704963914,0.266277168706538,0.0061,1.0194,Optimal
Lalmonirhat,4,2022,0.2106565220038806,0.1778699293317725,-0.0328,0.8404,Moderate
Nilphamari,4,2022,0.1628176496862685,0.1461550691416217,-0.0167,0.8922,High Stress
Panchagar,4,2022,0.1865547054452673,0.1984934931557397,0.0119,1.0583,Moderate
Rangpur,4,2022,0.177715529760135,0.1723287303922055,-0.0054,0.9643,Moderate
Thakurgaon,4,2022,0.1489950027731514,0.1840401593717508,0.035,1.227,Moderate
Barguna,4,2022,0.1897558669887595,0.2628820802071546,0.0731,1.3781,Optimal
Barishal,5,2022,0.2502665610039102,0.2723541402480255,0.0221,1.0839,Optimal
Bhola,5,2022,0.2351307150141225,0.2461453327740043,0.011,1.0424,Moderate
Jhallokati,5,2022,0.1998801740814434,0.2174571185110595,0.0176,1.0825,Moderate
Patuakhali,5,2022,0.2580422075352634,0.2858901278006436,0.0278,1.1036,Optimal
Pirojpur,5,2022,0.2108139630761269,0.2249196499203493,0.0141,1.0619,Moderate
Bandarban,5,2022,0.2505502239309726,0.2444998171906017,-0.0061,0.972,Moderate
Brahmanbaria,5,2022,0.2655686480509162,0.2618319820570546,-0.0037,0.9822,Optimal
Chandpur,5,2022,0.2538231383324885,0.24864070724924,-0.0052,0.9757,Moderate
Chattogram,5,2022,0.2794085938106965,0.2715046059942207,-0.0079,0.9682,Optimal
Cumilla,5,2022,0.2455003394311604,0.2407718197083011,-0.0047,0.9768,Moderate
CoxsBazar,5,2022,0.2284360686532901,0.2172502187626858,-0.0112,0.9469,Moderate
Feni,5,2022,0.2451283948608368,0.2471635679241811,0.002,1.0042,Moderate
Khagrachari,5,2022,0.2881332487665368,0.2884017660097427,0.0003,0.9975,Optimal
Lakshmipur,5,2022,0.2222273646615763,0.2143465192511187,-0.0079,0.9602,Moderate
Noakhali,5,2022,0.2430937478737508,0.2392920299798559,-0.0038,0.9803,Moderate
Rangamati,5,2022,0.2763437454800705,0.2735080178369835,-0.0028,0.9862,Optimal
Dhaka,5,2022,0.2960190048673916,0.3058919771991017,0.0099,1.0299,Optimal
Faridpur,5,2022,0.311715757269726,0.3593745212370359,0.0477,1.1492,Optimal
Gazipur,5,2022,0.3271335675644577,0.3297490494203953,0.0026,1.0049,Optimal
Gopalganj,5,2022,0.347269346894323,0.5052714600565177,0.158,1.4508,Optimal
Jamalpur,5,2022,0.2436334105658012,0.2391454380259559,-0.0045,0.9776,Moderate
Kishoreganj,5,2022,0.2693194804051685,0.2650408694054226,-0.0043,0.9805,Optimal
Madaripur,5,2022,0.2783455616145424,0.3110474833033302,0.0327,1.1135,Optimal
Manikganj,5,2022,0.261972815247241,0.2674740452759014,0.0055,1.0171,Optimal
Munshiganj,5,2022,0.2706069504111814,0.2686775081318052,-0.0019,0.9892,Optimal
Mymensingh,5,2022,0.269705618725855,0.2657705567961258,-0.0039,0.9818,Optimal
Narayanganj,5,2022,0.2909985827826143,0.2919410453663386,0.0009,0.9998,Optimal
Narsingdi,5,2022,0.2847156814620777,0.2842301177223244,-0.0005,0.9948,Optimal
Netrokona,5,2022,0.3056732661406003,0.2897669945199637,-0.0159,0.9449,Optimal
Rajbari,5,2022,0.2664017009098179,0.2891699805624244,0.0228,1.0814,Optimal
Shariatpur,5,2022,0.2882607857524725,0.302598433248465,0.0143,1.0461,Optimal
Sherpur,5,2022,0.2514942495340383,0.2498164574613527,-0.0017,0.9894,Moderate
Tangail,5,2022,0.274832066278294,0.2672969104138157,-0.0075,0.9691,Optimal
Bagerhat,5,2022,0.2765837588877723,0.3212452706761253,0.0447,1.1573,Optimal
Chuadanga,5,2022,0.2379261653241323,0.2543953688457642,0.0165,1.0647,Optimal
Jashore,5,2022,0.2744196193686764,0.2983856841995587,0.024,1.0834,Optimal
Jhenaidah,5,2022,0.2697712269916582,0.2771089336326365,0.0073,1.0234,Optimal
Khulna,5,2022,0.2819289698595459,0.3428107844197057,0.0609,1.2116,Optimal
Kushtia,5,2022,0.212890902009759,0.2389052569873927,0.026,1.1169,Moderate
Magura,5,2022,0.2966420791592594,0.304844662954517,0.0082,1.0242,Optimal
Meherpur,5,2022,0.2270486251096571,0.2494001067742224,0.0224,1.0936,Moderate
Narail,5,2022,0.3243174072966844,0.4136761434313574,0.0894,1.2716,Optimal
Satkhira,5,2022,0.2714652237442839,0.3126665793979106,0.0412,1.1475,Optimal
Habiganj,5,2022,0.2634093592757303,0.2554981958958184,-0.0079,0.9663,Optimal
Moulvibazar,5,2022,0.2774335738052931,0.2895877573511043,0.0122,1.0401,Optimal
Sunamganj,5,2022,0.3422713167868925,0.3227372479973498,-0.0195,0.9402,Optimal
Sylhet,5,2022,0.3793693020408296,0.3773110762953319,-0.0021,0.992,Optimal
Bogura,5,2022,0.2241101810949857,0.2320531852873005,0.0079,1.0308,Moderate
Joypurhat,5,2022,0.1941988710191223,0.2138093416507427,0.0196,1.0953,Moderate
Naogaon,5,2022,0.1872195732061088,0.2115757927520399,0.0244,1.1241,Moderate
Natore,5,2022,0.2280160810623257,0.2280197651891769,0.0,0.9956,Moderate
Chapai Nawabganj,5,2022,0.1642654153723436,0.1817930238580804,0.0175,1.1,Moderate
Pabna,5,2022,0.2764453171731031,0.2849591735367613,0.0085,1.0271,Optimal
Rajshahi,5,2022,0.2058548910463955,0.2240952642089565,0.0182,1.0833,Moderate
Sirajganj,5,2022,0.2442434494193517,0.2470012065488443,0.0028,1.0072,Moderate
Dinajpur,5,2022,0.1950002789852165,0.2046107507074281,0.0096,1.0439,Moderate
Gaibandha,5,2022,0.2484482188111058,0.2664141558517753,0.018,1.068,Optimal
Kurigram,5,2022,0.3094263032580007,0.332559215799202,0.0231,1.0713,Optimal
Lalmonirhat,5,2022,0.2454436569791268,0.2271600038981102,-0.0183,0.9218,Moderate
Nilphamari,5,2022,0.2198483745656382,0.1987841137225017,-0.0211,0.9001,Moderate
Panchagar,5,2022,0.2528199470257561,0.2508350695660031,-0.002,0.9882,Optimal
Rangpur,5,2022,0.2163059868624277,0.2174856628449562,0.0012,1.0008,Moderate
Thakurgaon,5,2022,0.2264008367092674,0.2368682639815411,0.0105,1.0416,Moderate
Barguna,5,2022,0.2737934790590888,0.3112421336650995,0.0374,1.1326,Optimal
Barishal,6,2022,0.3482305404311883,0.3631074143027117,0.0149,1.0397,Optimal
Bhola,6,2022,0.3291301043563984,0.343358469781624,0.0142,1.0401,Optimal
Jhallokati,6,2022,0.2953339148185559,0.3119697918143514,0.0166,1.0528,Optimal
Patuakhali,6,2022,0.3817494709190525,0.4037431274444606,0.022,1.0548,Optimal
Pirojpur,6,2022,0.298794082837085,0.3068060508304218,0.008,1.0234,Optimal
Bandarban,6,2022,0.3367714315650016,0.3430819231275706,0.0063,1.0157,Optimal
Brahmanbaria,6,2022,0.3751454003549496,0.3695165197984605,-0.0056,0.9824,Optimal
Chandpur,6,2022,0.327645762667668,0.3202471728911814,-0.0074,0.9744,Optimal
Chattogram,6,2022,0.349263239762392,0.3499109687308812,0.0006,0.999,Optimal
Cumilla,6,2022,0.3375445178365904,0.3290336987848374,-0.0085,0.9719,Optimal
CoxsBazar,6,2022,0.3508159866666093,0.3455459417778593,-0.0053,0.9822,Optimal
Feni,6,2022,0.330981301005587,0.3337321528311888,0.0028,1.0053,Optimal
Khagrachari,6,2022,0.3464331640152756,0.3541174893350047,0.0077,1.0192,Optimal
Lakshmipur,6,2022,0.3036143448447808,0.2940191640042122,-0.0096,0.9652,Optimal
Noakhali,6,2022,0.3322562230471675,0.329820398404428,-0.0024,0.9897,Optimal
Rangamati,6,2022,0.3385608540673248,0.3457704224765872,0.0072,1.0183,Optimal
Dhaka,6,2022,0.3637390167515363,0.3634011515358187,-0.0003,0.9963,Optimal
Faridpur,6,2022,0.3262384663349683,0.3754500132248736,0.0492,1.1473,Optimal
Gazipur,6,2022,0.4151249392605458,0.4131378646198219,-0.002,0.9928,Optimal
Gopalganj,6,2022,0.3880199818189905,0.5958460180763684,0.2078,1.5317,Optimal
Jamalpur,6,2022,0.3613970748915028,0.3453294484810268,-0.0161,0.9529,Optimal
Kishoreganj,6,2022,0.3927205241495239,0.3895736928790241,-0.0031,0.9895,Optimal
Madaripur,6,2022,0.348784941863833,0.3753672356124629,0.0266,1.0731,Optimal
Manikganj,6,2022,0.312280937585031,0.3033719439869342,-0.0089,0.9684,Optimal
Munshiganj,6,2022,0.3219707985335911,0.3130512121719325,-0.0089,0.9693,Optimal
Mymensingh,6,2022,0.3914326777193911,0.3823122190786777,-0.0091,0.9742,Optimal
Narayanganj,6,2022,0.3716673940966357,0.3672945443775509,-0.0044,0.9856,Optimal
Narsingdi,6,2022,0.3824063163967033,0.3806891480985947,-0.0017,0.9929,Optimal
Netrokona,6,2022,0.4124254620912586,0.412878898251544,0.0005,0.9987,Optimal
Rajbari,6,2022,0.2606080119731346,0.2828423631105426,0.0222,1.0812,Optimal
Shariatpur,6,2022,0.3513176973273114,0.3627518228537529,0.0114,1.0296,Optimal
Sherpur,6,2022,0.3780932331135833,0.3607164897080613,-0.0174,0.9515,Optimal
Tangail,6,2022,0.3648642112279586,0.3528298885508089,-0.012,0.9644,Optimal
Bagerhat,6,2022,0.3785706284442268,0.418863792246142,0.0403,1.1035,Optimal
Chuadanga,6,2022,0.2182734805570718,0.2529535118257805,0.0347,1.1536,Optimal
Jashore,6,2022,0.238877210376184,0.2963005473141746,0.0574,1.2352,Optimal
Jhenaidah,6,2022,0.2311925345138941,0.2662269475889281,0.035,1.1466,Optimal
Khulna,6,2022,0.3536133945722375,0.4177243755564124,0.0641,1.178,Optimal
Kushtia,6,2022,0.2200542915237703,0.2468365640114399,0.0268,1.1166,Moderate
Magura,6,2022,0.2575582485605887,0.2912626851044516,0.0337,1.1265,Optimal
Meherpur,6,2022,0.2156678894546724,0.2492559650444215,0.0336,1.1504,Moderate
Narail,6,2022,0.333538486590529,0.4506429268122248,0.1171,1.3471,Optimal
Satkhira,6,2022,0.3225576798386774,0.3687036291110563,0.0461,1.1395,Optimal
Habiganj,6,2022,0.3955531509101559,0.3942796265023666,-0.0013,0.9943,Optimal
Moulvibazar,6,2022,0.4014294200142895,0.4108092656970746,0.0094,1.0208,Optimal
Sunamganj,6,2022,0.4280734991140301,0.4305430370652034,0.0025,1.0034,Optimal
Sylhet,6,2022,0.4547591463922719,0.4599684978726457,0.0052,1.0092,Optimal
Bogura,6,2022,0.329520796544058,0.3242465819433543,-0.0053,0.981,Optimal
Joypurhat,6,2022,0.2945826178068643,0.2874581260340554,-0.0071,0.9725,Optimal
Naogaon,6,2022,0.255343167003124,0.2555370999976215,0.0002,0.9969,Optimal
Natore,6,2022,0.2829031817628505,0.2787361317575247,-0.0042,0.9818,Optimal
Chapai Nawabganj,6,2022,0.172838468041958,0.1967859097369332,0.0239,1.132,Moderate
Pabna,6,2022,0.311162002342949,0.311373225581631,0.0002,0.9975,Optimal
Rajshahi,6,2022,0.2327945619306158,0.2503420394634601,0.0175,1.0708,Optimal
Sirajganj,6,2022,0.3276643285147594,0.3232376157775405,-0.0044,0.9835,Optimal
Dinajpur,6,2022,0.3198250569569481,0.2985391430870912,-0.0213,0.9305,Optimal
Gaibandha,6,2022,0.3698460145581363,0.3695584468702806,-0.0003,0.9965,Optimal
Kurigram,6,2022,0.3975031831065359,0.4075258539858579,0.01,1.0226,Optimal
Lalmonirhat,6,2022,0.357504600499577,0.3403814305714948,-0.0171,0.9494,Optimal
Nilphamari,6,2022,0.3391368511940557,0.3061552557290466,-0.033,0.9001,Optimal
Panchagar,6,2022,0.3848940221998751,0.3691421882339598,-0.0158,0.9566,Optimal
Rangpur,6,2022,0.3523600032320331,0.3336039423019824,-0.0188,0.9441,Optimal
Thakurgaon,6,2022,0.3531977240859135,0.3375182063700406,-0.0157,0.9529,Optimal
Barguna,6,2022,0.4142310516444402,0.438153640695606,0.0239,1.0552,Optimal
Barishal,7,2022,0.3549951336290003,0.3801043565758689,0.0251,1.0677,Optimal
Bhola,7,2022,0.3410994480165333,0.3594575947550862,0.0184,1.0507,Optimal
Jhallokati,7,2022,0.3049399492246383,0.3293687028830127,0.0244,1.0766,Optimal
Patuakhali,7,2022,0.3914739556053778,0.4204889827669728,0.029,1.0714,Optimal
Pirojpur,7,2022,0.3160940277584719,0.3260362738126852,0.0099,1.0282,Optimal
Bandarban,7,2022,0.3421886515078545,0.3567075966577472,0.0145,1.0394,Optimal
Brahmanbaria,7,2022,0.3882996622777968,0.39037081287868,0.0021,1.0028,Optimal
Chandpur,7,2022,0.3365610332437315,0.3322691142483026,-0.0043,0.9843,Optimal
Chattogram,7,2022,0.3541731112710838,0.3557106357399244,0.0015,1.0015,Optimal
Cumilla,7,2022,0.3541094258134365,0.3462709825057138,-0.0078,0.9751,Optimal
CoxsBazar,7,2022,0.3479585544324071,0.3464076515127791,-0.0016,0.9927,Optimal
Feni,7,2022,0.335993864931881,0.3415228164838635,0.0055,1.0134,Optimal
Khagrachari,7,2022,0.3655079139390853,0.3800917612303288,0.0146,1.0371,Optimal
Lakshmipur,7,2022,0.3197266911492404,0.3114382894493251,-0.0083,0.971,Optimal
Noakhali,7,2022,0.3321495021438027,0.3335329763795731,0.0014,1.0012,Optimal
Rangamati,7,2022,0.3621791047595736,0.3748369121228,0.0127,1.0321,Optimal
Dhaka,7,2022,0.3439178545504219,0.3562934607848116,0.0124,1.033,Optimal
Faridpur,7,2022,0.2749242697520458,0.3489733672416598,0.074,1.2647,Optimal
Gazipur,7,2022,0.3971193413611227,0.4018101197757062,0.0047,1.0093,Optimal
Gopalganj,7,2022,0.4776989213062992,0.7472610204241802,0.2696,1.561,Optimal
Jamalpur,7,2022,0.2970072265226738,0.3148001659395106,0.0178,1.0564,Optimal
Kishoreganj,7,2022,0.3965988185725283,0.3998079417600518,0.0032,1.0056,Optimal
Madaripur,7,2022,0.3566977994290717,0.3994160598990593,0.0427,1.1166,Optimal
Manikganj,7,2022,0.2773303258539357,0.292594620997306,0.0153,1.0512,Optimal
Munshiganj,7,2022,0.3138143286054237,0.3162821522606853,0.0025,1.0047,Optimal
Mymensingh,7,2022,0.3700790029291572,0.3668290761399153,-0.0032,0.9885,Optimal
Narayanganj,7,2022,0.3710181843681434,0.3732544404602815,0.0022,1.0033,Optimal
Narsingdi,7,2022,0.3918914519203464,0.3981733187431315,0.0063,1.0134,Optimal
Netrokona,7,2022,0.4068181134217561,0.4097724055239798,0.003,1.0048,Optimal
Rajbari,7,2022,0.1955180184639688,0.2359104540344439,0.0404,1.2005,Moderate
Shariatpur,7,2022,0.3556834196379791,0.3769160904379671,0.0212,1.0567,Optimal
Sherpur,7,2022,0.3143787087859845,0.3248535556483214,0.0105,1.03,Optimal
Tangail,7,2022,0.3303266377798969,0.3378726962541581,0.0075,1.0198,Optimal
Bagerhat,7,2022,0.404468433849347,0.4526571686542072,0.0482,1.1164,Optimal
Chuadanga,7,2022,0.2080043891276775,0.2405492789876763,0.0325,1.1509,Moderate
Jashore,7,2022,0.2206691123579516,0.2851074749604821,0.0644,1.2862,Optimal
Jhenaidah,7,2022,0.1940964002580921,0.2397283162244794,0.0456,1.2288,Moderate
Khulna,7,2022,0.3771347361587503,0.4496371261209281,0.0725,1.1891,Optimal
Kushtia,7,2022,0.1713257453171718,0.2151783173514056,0.0439,1.2487,Moderate
Magura,7,2022,0.1930527846146045,0.2474527332836078,0.0544,1.2752,Moderate
Meherpur,7,2022,0.200854484333146,0.2347344975413814,0.0339,1.1629,Moderate
Narail,7,2022,0.3588237173594749,0.5241556505599663,0.1653,1.4567,Optimal
Satkhira,7,2022,0.3316497223954553,0.3718639886397795,0.0402,1.1179,Optimal
Habiganj,7,2022,0.4005775690979585,0.4054709822013714,0.0049,1.0097,Optimal
Moulvibazar,7,2022,0.4056351163191565,0.4186118829465363,0.013,1.0295,Optimal
Sunamganj,7,2022,0.4222760229797568,0.4258886072455727,0.0036,1.0062,Optimal
Sylhet,7,2022,0.4486018635066818,0.4560213559484714,0.0074,1.0143,Optimal
Bogura,7,2022,0.2486060769960456,0.2954081589336624,0.0468,1.1835,Optimal
Joypurhat,7,2022,0.2085044917759004,0.2584915965533518,0.05,1.2338,Optimal
Naogaon,7,2022,0.1908305857302829,0.2378901809509427,0.0471,1.2401,Moderate
Natore,7,2022,0.2133635100192823,0.2573174633132883,0.044,1.2004,Optimal
Chapai Nawabganj,7,2022,0.1479169522371501,0.1862928163782897,0.0384,1.251,Moderate
Pabna,7,2022,0.2524235304569497,0.2851669342913567,0.0327,1.1253,Optimal
Rajshahi,7,2022,0.2019698385764919,0.2391463675469633,0.0372,1.1782,Moderate
Sirajganj,7,2022,0.275029136988749,0.3102961261861802,0.0353,1.1241,Optimal
Dinajpur,7,2022,0.2561701392562735,0.2803683077587584,0.0242,1.0902,Optimal
Gaibandha,7,2022,0.2892121631130045,0.3299713874219527,0.0408,1.137,Optimal
Kurigram,7,2022,0.3441766467947936,0.366942911804725,0.0228,1.0631,Optimal
Lalmonirhat,7,2022,0.3144446481294589,0.2935894307155059,-0.0209,0.9307,Optimal
Nilphamari,7,2022,0.3050719715222037,0.2752562699785371,-0.0298,0.8993,Optimal
Panchagar,7,2022,0.3788076681776337,0.3698169988850026,-0.009,0.9737,Optimal
Rangpur,7,2022,0.2747425656701162,0.2895734680784262,0.0148,1.0502,Optimal
Thakurgaon,7,2022,0.3326660786785824,0.3360954722215755,0.0034,1.0073,Optimal
Barguna,7,2022,0.4288634543597569,0.4554973205810509,0.0266,1.0596,Optimal
Barishal,8,2022,0.3729455008376247,0.3916521566509691,0.0187,1.0474,Optimal
Bhola,8,2022,0.3548997503505186,0.3688736110116456,0.014,1.0365,Optimal
Jhallokati,8,2022,0.3332177049209427,0.3506799753759718,0.0175,1.0493,Optimal
Patuakhali,8,2022,0.4187458978481989,0.4394405815896191,0.0207,1.0469,Optimal
Pirojpur,8,2022,0.349677896319703,0.3577946275886274,0.0081,1.0203,Optimal
Bandarban,8,2022,0.3555611913592012,0.3677869227698652,0.0122,1.0315,Optimal
Brahmanbaria,8,2022,0.3778664525792051,0.3793963429845334,0.0015,1.0014,Optimal
Chandpur,8,2022,0.3369948627237154,0.3310490456238692,-0.0059,0.9794,Optimal
Chattogram,8,2022,0.3564732073234507,0.355998223716991,-0.0005,0.9959,Optimal
Cumilla,8,2022,0.3485739167606157,0.3416278882580608,-0.0069,0.9773,Optimal
CoxsBazar,8,2022,0.3619329121674339,0.3557258283357516,-0.0062,0.9801,Optimal
Feni,8,2022,0.3303167406989133,0.3358381154599694,0.0055,1.0136,Optimal
Khagrachari,8,2022,0.3689134761691094,0.3843799770197373,0.0155,1.0391,Optimal
Lakshmipur,8,2022,0.3301580525167824,0.3148240729145438,-0.0153,0.9507,Optimal
Noakhali,8,2022,0.3308043734996553,0.3277960810339843,-0.003,0.9879,Optimal
Rangamati,8,2022,0.3677694242544737,0.3819131590318055,0.0141,1.0356,Optimal
Dhaka,8,2022,0.3412602253550797,0.3528261902297462,0.0116,1.0309,Optimal
Faridpur,8,2022,0.2892454229207861,0.3494331488021529,0.0602,1.2039,Optimal
Gazipur,8,2022,0.4038488699500537,0.4087076567199165,0.0049,1.0095,Optimal
Gopalganj,8,2022,0.5510941076888561,0.7824814171308141,0.2314,1.4173,Optimal
Jamalpur,8,2022,0.3154928938320918,0.3206713725612135,0.0052,1.0132,Optimal
Kishoreganj,8,2022,0.3861674840581961,0.386620368198185,0.0005,0.9986,Optimal
Madaripur,8,2022,0.357888265665282,0.393461697492184,0.0356,1.0963,Optimal
Manikganj,8,2022,0.2747105481507985,0.2861991198351664,0.0115,1.038,Optimal
Munshiganj,8,2022,0.307563781450931,0.3071719817372503,-0.0004,0.9955,Optimal
Mymensingh,8,2022,0.3664739296953747,0.3628493356860865,-0.0036,0.9874,Optimal
Narayanganj,8,2022,0.3684829541429759,0.3730171971953339,0.0045,1.0096,Optimal
Narsingdi,8,2022,0.3864043323076755,0.3944511583068716,0.008,1.0182,Optimal
Netrokona,8,2022,0.3868841341356845,0.3811305993260364,-0.0058,0.9826,Optimal
Rajbari,8,2022,0.24092642592521,0.267679921946728,0.0268,1.1065,Optimal
Shariatpur,8,2022,0.3505955972530284,0.3683533128078391,0.0178,1.0477,Optimal
Sherpur,8,2022,0.3248528994714773,0.3261885913962127,0.0013,1.001,Optimal
Tangail,8,2022,0.3317212848313397,0.3370984600337802,0.0054,1.0132,Optimal
Bagerhat,8,2022,0.4625718585599345,0.5052629801031119,0.0427,1.0899,Optimal
Chuadanga,8,2022,0.2907614551237572,0.2886678558431777,-0.0021,0.9894,Optimal
Jashore,8,2022,0.3062235325478196,0.3431247523493667,0.0369,1.1169,Optimal
Jhenaidah,8,2022,0.2789075418161532,0.2812684365692589,0.0024,1.0049,Optimal
Khulna,8,2022,0.4559504502224473,0.5224633239389278,0.0665,1.1434,Optimal
Kushtia,8,2022,0.252513148895728,0.2702604987604574,0.0177,1.0661,Optimal
Magura,8,2022,0.2633893777614007,0.276133208343483,0.0127,1.0444,Optimal
Meherpur,8,2022,0.2873024195624936,0.287719638424535,0.0004,0.998,Optimal
Narail,8,2022,0.4437928421801305,0.591412267678604,0.1476,1.3296,Optimal
Satkhira,8,2022,0.4193108129590732,0.4358965116170887,0.0166,1.0371,Optimal
Habiganj,8,2022,0.389849919142111,0.3905625000256989,0.0007,0.9993,Optimal
Moulvibazar,8,2022,0.3909285742932691,0.4052417382889315,0.0143,1.034,Optimal
Sunamganj,8,2022,0.4042220995802022,0.3958334025001706,-0.0084,0.9768,Optimal
Sylhet,8,2022,0.4287581537079253,0.4305464048337232,0.0018,1.0018,Optimal
Bogura,8,2022,0.3063298881965122,0.3233460498507997,0.017,1.0521,Optimal
Joypurhat,8,2022,0.3162670702462667,0.3199160229504763,0.0036,1.0083,Optimal
Naogaon,8,2022,0.2878444845637967,0.2999287138062139,0.0121,1.0384,Optimal
Natore,8,2022,0.2829121458150486,0.2887225476166007,0.0058,1.0169,Optimal
Chapai Nawabganj,8,2022,0.2372299391723468,0.2419098453479757,0.0047,1.0154,Moderate
Pabna,8,2022,0.3023970288200803,0.3143012569993547,0.0119,1.0359,Optimal
Rajshahi,8,2022,0.2868104740900244,0.290738122606473,0.0039,1.0102,Optimal
Sirajganj,8,2022,0.2973479460324838,0.3193529047655915,0.022,1.0704,Optimal
Dinajpur,8,2022,0.3233939229329635,0.3129990750476571,-0.0104,0.9649,Optimal
Gaibandha,8,2022,0.3419924575661443,0.3557875130446489,0.0138,1.0373,Optimal
Kurigram,8,2022,0.3618471586581218,0.3746433183835643,0.0128,1.0325,Optimal
Lalmonirhat,8,2022,0.3279790589493056,0.2897469241334713,-0.0382,0.8807,Optimal
Nilphamari,8,2022,0.3148472807775889,0.2683136897447569,-0.0465,0.8495,Optimal
Panchagar,8,2022,0.3841587605382566,0.3692609070907032,-0.0149,0.9587,Optimal
Rangpur,8,2022,0.3298978485713529,0.3062264559412196,-0.0237,0.9254,Optimal
Thakurgaon,8,2022,0.3501072497883999,0.3428599062772341,-0.0072,0.9765,Optimal
Barguna,8,2022,0.4688790743197399,0.4905101023579794,0.0216,1.0439,Optimal
Barishal,9,2022,0.3996851132811391,0.4166698300552942,0.017,1.0399,Optimal
Bhola,9,2022,0.3696804528462045,0.3852304089510969,0.0155,1.0393,Optimal
Jhallokati,9,2022,0.362399787325039,0.3792287452833111,0.0168,1.0436,Optimal
Patuakhali,9,2022,0.4362242598550601,0.4554594367795568,0.0192,1.0417,Optimal
Pirojpur,9,2022,0.3843031433474926,0.3906692057992749,0.0064,1.0139,Optimal
Bandarban,9,2022,0.3728464224345097,0.3864581520831796,0.0136,1.0337,Optimal
Brahmanbaria,9,2022,0.374722301144505,0.3734037397014023,-0.0013,0.9938,Optimal
Chandpur,9,2022,0.3613761106696056,0.3532048507080394,-0.0082,0.9747,Optimal
Chattogram,9,2022,0.3736796757795889,0.3750808581316065,0.0014,1.0011,Optimal
Cumilla,9,2022,0.3612600965682498,0.3530702169541005,-0.0082,0.9746,Optimal
CoxsBazar,9,2022,0.3800995353204256,0.3798550330500872,-0.0002,0.9967,Optimal
Feni,9,2022,0.3531348343153735,0.3578391788945589,0.0047,1.0105,Optimal
Khagrachari,9,2022,0.3684389540224994,0.3827576046644365,0.0143,1.0361,Optimal
Lakshmipur,9,2022,0.3542358797103158,0.3460632064102859,-0.0082,0.9742,Optimal
Noakhali,9,2022,0.3583697868697582,0.3571202195700182,-0.0012,0.9937,Optimal
Rangamati,9,2022,0.3663313114269601,0.3809529793237037,0.0146,1.0371,Optimal
Dhaka,9,2022,0.3556225019410047,0.3625029786466532,0.0069,1.0165,Optimal
Faridpur,9,2022,0.3589930702918474,0.4047283345726563,0.0457,1.1243,Optimal
Gazipur,9,2022,0.407366817156065,0.4091155472818963,0.0017,1.0018,Optimal
Gopalganj,9,2022,0.6427166160109637,0.8347959973800048,0.1921,1.2968,Optimal
Jamalpur,9,2022,0.3442795640290007,0.3376037613062218,-0.0067,0.9778,Optimal
Kishoreganj,9,2022,0.3855234515056764,0.3840846396201105,-0.0014,0.9937,Optimal
Madaripur,9,2022,0.4044999517274626,0.4308002709213531,0.0263,1.0624,Optimal
Manikganj,9,2022,0.2986842974927855,0.3026831935096231,0.004,1.01,Optimal
Munshiganj,9,2022,0.332187371737263,0.3263714575679944,-0.0058,0.9795,Optimal
Mymensingh,9,2022,0.3830622289611834,0.3781059363318468,-0.005,0.9845,Optimal
Narayanganj,9,2022,0.3738478548986942,0.3741768145547562,0.0003,0.9982,Optimal
Narsingdi,9,2022,0.3829404834399801,0.3889382611539198,0.006,1.013,Optimal
Netrokona,9,2022,0.3991777418239132,0.4006439432149075,0.0015,1.0012,Optimal
Rajbari,9,2022,0.2843009519414406,0.3005039065161542,0.0162,1.0533,Optimal
Shariatpur,9,2022,0.3832465640551536,0.3950142313690551,0.0118,1.028,Optimal
Sherpur,9,2022,0.3667947711098704,0.355211366950122,-0.0116,0.9658,Optimal
Tangail,9,2022,0.3539631505817419,0.3481036840258624,-0.0059,0.9807,Optimal
Bagerhat,9,2022,0.4993044841213347,0.5347107324242212,0.0354,1.0688,Optimal
Chuadanga,9,2022,0.3386467705231586,0.3316812812592675,-0.007,0.9765,Optimal
Jashore,9,2022,0.366794740418963,0.3958938924936948,0.0291,1.0764,Optimal
Jhenaidah,9,2022,0.3364973878235566,0.3309224780495036,-0.0056,0.9805,Optimal
Khulna,9,2022,0.5081706325595797,0.5652586664004833,0.0571,1.1102,Optimal
Kushtia,9,2022,0.3005723652357495,0.3107719425027762,0.0102,1.0305,Optimal
Magura,9,2022,0.3316628979619318,0.3306392170519699,-0.001,0.9939,Optimal
Meherpur,9,2022,0.3333703587324388,0.3271268293549937,-0.0062,0.9783,Optimal
Narail,9,2022,0.5253172068798526,0.6403104451152274,0.115,1.2166,Optimal
Satkhira,9,2022,0.4637724730082333,0.4814028527880699,0.0176,1.0358,Optimal
Habiganj,9,2022,0.3885708747611371,0.3891641197410895,0.0006,0.999,Optimal
Moulvibazar,9,2022,0.3908591643277247,0.4049580829495606,0.0141,1.0334,Optimal
Sunamganj,9,2022,0.4149618852740601,0.4159741144840482,0.001,1.0,Optimal
Sylhet,9,2022,0.4344612431812109,0.4382993522532017,0.0038,1.0065,Optimal
Bogura,9,2022,0.3408637032313642,0.3397990430074283,-0.0011,0.994,Optimal
Joypurhat,9,2022,0.3430950595389356,0.3310387939149206,-0.0121,0.9621,Optimal
Naogaon,9,2022,0.344317177540759,0.3374042976545933,-0.0069,0.9771,Optimal
Natore,9,2022,0.3455902735616802,0.3313863540159211,-0.0142,0.9561,Optimal
Chapai Nawabganj,9,2022,0.2911667224221398,0.2862934926725411,-0.0049,0.9799,Optimal
Pabna,9,2022,0.3404430969163616,0.338171685045541,-0.0023,0.9904,Optimal
Rajshahi,9,2022,0.3459042349554974,0.3397863171682529,-0.0061,0.9795,Optimal
Sirajganj,9,2022,0.32959817101173,0.3337091615495755,0.0041,1.0094,Optimal
Dinajpur,9,2022,0.3393705502810283,0.3239191390577675,-0.0155,0.9517,Optimal
Gaibandha,9,2022,0.3442995963663877,0.3489401753068631,0.0046,1.0105,Optimal
Kurigram,9,2022,0.3671324005128321,0.3758998253647614,0.0088,1.0211,Optimal
Lalmonirhat,9,2022,0.3363066700345751,0.3005878862522442,-0.0357,0.8911,Optimal
Nilphamari,9,2022,0.3264769234644303,0.283910941363494,-0.0426,0.867,Optimal
Panchagar,9,2022,0.403630208197719,0.401872795745112,-0.0018,0.9932,Optimal
Rangpur,9,2022,0.334368266706268,0.3083265674452565,-0.026,0.9194,Optimal
Thakurgaon,9,2022,0.3711412359277877,0.3629225848241756,-0.0082,0.9752,Optimal
Barguna,9,2022,0.4947413390876707,0.5152445837841495,0.0205,1.0393,Optimal
Barishal,10,2022,0.3961796957779584,0.4204753482974014,0.0243,1.0587,Optimal
Bhola,10,2022,0.3587468038808014,0.3816038738268582,0.0229,1.0608,Optimal
Jhallokati,10,2022,0.3591376682578885,0.3844336408187138,0.0253,1.0675,Optimal
Patuakhali,10,2022,0.4231226839894077,0.449135333957197,0.026,1.059,Optimal
Pirojpur,10,2022,0.3811676680917626,0.3980330562711506,0.0169,1.0415,Optimal
Bandarban,10,2022,0.35121784976219,0.3714305917661579,0.0202,1.0545,Optimal
Brahmanbaria,10,2022,0.367529871910204,0.3729034620731033,0.0054,1.0119,Optimal
Chandpur,10,2022,0.36874507001164,0.3732241590108189,0.0045,1.0094,Optimal
Chattogram,10,2022,0.3514482690480199,0.3627080904251871,0.0113,1.0291,Optimal
Cumilla,10,2022,0.358370350593888,0.3625575264283691,0.0042,1.0089,Optimal
CoxsBazar,10,2022,0.3503652900962056,0.3557162456672619,0.0054,1.0124,Optimal
Feni,10,2022,0.3441196227138521,0.3588140641369522,0.0147,1.0397,Optimal
Khagrachari,10,2022,0.3512959474224926,0.3716319845584919,0.0203,1.0549,Optimal
Lakshmipur,10,2022,0.3523454033299368,0.3549082605564591,0.0026,1.0044,Optimal
Noakhali,10,2022,0.3493426927605174,0.3574218131316136,0.0081,1.0202,Optimal
Rangamati,10,2022,0.3502556507858057,0.3703971885134487,0.0201,1.0545,Optimal
Dhaka,10,2022,0.3424366253172715,0.3571506518158971,0.0147,1.0399,Optimal
Faridpur,10,2022,0.3631279144263719,0.415042283438904,0.0519,1.1398,Optimal
Gazipur,10,2022,0.3956196158722921,0.4023990191988229,0.0068,1.0146,Optimal
Gopalganj,10,2022,0.6231511165828381,0.8366175190208215,0.2135,1.3404,Optimal
Jamalpur,10,2022,0.2824829511939606,0.2969723373140465,0.0145,1.0476,Optimal
Kishoreganj,10,2022,0.3742871852982103,0.3767484689094057,0.0025,1.0039,Optimal
Madaripur,10,2022,0.4086415815534014,0.4439247466567341,0.0353,1.0837,Optimal
Manikganj,10,2022,0.2829557086370006,0.295383879792246,0.0124,1.0402,Optimal
Munshiganj,10,2022,0.3325442433275138,0.3361646915667094,0.0036,1.0079,Optimal
Mymensingh,10,2022,0.3507027896556445,0.3539896539584433,0.0033,1.0065,Optimal
Narayanganj,10,2022,0.3693476809873613,0.3764053877242516,0.0071,1.0164,Optimal
Narsingdi,10,2022,0.3754237732563958,0.3864393590909104,0.011,1.0266,Optimal
Netrokona,10,2022,0.3801139736776531,0.3807220801074358,0.0006,0.999,Optimal
Rajbari,10,2022,0.2707498436197272,0.2919674081281082,0.0212,1.0744,Optimal
Shariatpur,10,2022,0.3924824472503795,0.4117708684467687,0.0193,1.0465,Optimal
Sherpur,10,2022,0.3154304430146732,0.3191823103738664,0.0038,1.0087,Optimal
Tangail,10,2022,0.3349230930087019,0.3369948432025057,0.0021,1.0032,Optimal
Bagerhat,10,2022,0.4858385355365924,0.5300946693755567,0.0443,1.0889,Optimal
Chuadanga,10,2022,0.287200463695901,0.3055938071899443,0.0184,1.0604,Optimal
Jashore,10,2022,0.3324075096476214,0.3816579107092737,0.0493,1.1447,Optimal
Jhenaidah,10,2022,0.2992409619224279,0.3120554912254473,0.0128,1.0394,Optimal
Khulna,10,2022,0.4911347213718626,0.5574139140749378,0.0663,1.1326,Optimal
Kushtia,10,2022,0.258600292649398,0.2843574954606911,0.0258,1.0954,Optimal
Magura,10,2022,0.3118490902051121,0.3249988108749911,0.0131,1.0388,Optimal
Meherpur,10,2022,0.2756373105510589,0.2973995318143598,0.0218,1.0751,Optimal
Narail,10,2022,0.491310398377587,0.6361974172356807,0.1449,1.2923,Optimal
Satkhira,10,2022,0.4414534266673378,0.466329661440937,0.0249,1.054,Optimal
Habiganj,10,2022,0.3800361782307443,0.3841165518457758,0.0041,1.0081,Optimal
Moulvibazar,10,2022,0.3848362925863716,0.4043025376673334,0.0195,1.0479,Optimal
Sunamganj,10,2022,0.4060777851749036,0.404778355766331,-0.0013,0.9944,Optimal
Sylhet,10,2022,0.4290393278241008,0.435385547917414,0.0063,1.0124,Optimal
Bogura,10,2022,0.2818313510465599,0.3036808149833529,0.0218,1.0737,Optimal
Joypurhat,10,2022,0.2800154471790398,0.2979959015138856,0.018,1.0604,Optimal
Naogaon,10,2022,0.2874352747431167,0.3128217404038084,0.0254,1.0845,Optimal
Natore,10,2022,0.2896878411235526,0.3062370679801023,0.0165,1.0535,Optimal
Chapai Nawabganj,10,2022,0.2540970381958135,0.276096200385472,0.022,1.0823,Optimal
Pabna,10,2022,0.3218877790894387,0.3280815765253576,0.0062,1.0161,Optimal
Rajshahi,10,2022,0.2931188521091474,0.3159421221933427,0.0228,1.0742,Optimal
Sirajganj,10,2022,0.2916519264944866,0.3102787075732721,0.0186,1.0602,Optimal
Dinajpur,10,2022,0.2772330099953308,0.2871632422597724,0.0099,1.0321,Optimal
Gaibandha,10,2022,0.2807465163033725,0.3048896472178464,0.0241,1.0821,Optimal
Kurigram,10,2022,0.3313307546660167,0.3538068966364734,0.0225,1.0646,Optimal
Lalmonirhat,10,2022,0.2839317196687499,0.2682822183332889,-0.0156,0.9416,Optimal
Nilphamari,10,2022,0.2749639089485916,0.2518691886641487,-0.0231,0.9127,Optimal
Panchagar,10,2022,0.3684204516779486,0.3686992056986167,0.0003,0.998,Optimal
Rangpur,10,2022,0.2697042544642541,0.2701746128469299,0.0005,0.998,Optimal
Thakurgaon,10,2022,0.3287964526128,0.3367396551235091,0.0079,1.0211,Optimal
Barguna,10,2022,0.4849097255897728,0.5108084935601483,0.0259,1.0512,Optimal
Barishal,11,2022,0.3371171201519523,0.3725347106838146,0.0354,1.1018,Optimal
Bhola,11,2022,0.2991220846142161,0.3334752485485526,0.0344,1.1111,Optimal
Jhallokati,11,2022,0.2889655760376416,0.3328274740663097,0.0439,1.1478,Optimal
Patuakhali,11,2022,0.361771910725115,0.4004313895339643,0.0387,1.1038,Optimal
Pirojpur,11,2022,0.3104506207321105,0.3521074188988213,0.0417,1.1305,Optimal
Bandarban,11,2022,0.2754826347405794,0.3137086644272055,0.0382,1.1346,Optimal
Brahmanbaria,11,2022,0.2967474409886638,0.3271539838085721,0.0304,1.0988,Optimal
Chandpur,11,2022,0.3016223382052718,0.3222445632578158,0.0206,1.0648,Optimal
Chattogram,11,2022,0.2466443392335587,0.2887710974338869,0.0421,1.1661,Optimal
Cumilla,11,2022,0.2977094384165842,0.3188767030035556,0.0212,1.0675,Optimal
CoxsBazar,11,2022,0.2520043044193331,0.2892360733506567,0.0372,1.1432,Optimal
Feni,11,2022,0.2681360865853778,0.2988971559041567,0.0308,1.1106,Optimal
Khagrachari,11,2022,0.2886833649140068,0.3209931623657727,0.0323,1.1081,Optimal
Lakshmipur,11,2022,0.2909642218724861,0.3012276854969892,0.0103,1.0317,Optimal
Noakhali,11,2022,0.2700039091141423,0.2935350895599519,0.0235,1.0831,Optimal
Rangamati,11,2022,0.2780606536469293,0.3142394928849765,0.0362,1.1261,Optimal
Dhaka,11,2022,0.2983656145009735,0.3327368395691747,0.0344,1.1115,Optimal
Faridpur,11,2022,0.3429887641541457,0.4103466345509325,0.0674,1.1929,Optimal
Gazipur,11,2022,0.3463378630153343,0.3653272286280095,0.019,1.0518,Optimal
Gopalganj,11,2022,0.5215708948295078,0.8065757383235077,0.285,1.5435,Optimal
Jamalpur,11,2022,0.2176187308493491,0.2541796383107122,0.0366,1.1627,Optimal
Kishoreganj,11,2022,0.2847724900936755,0.3238992081143716,0.0391,1.1334,Optimal
Madaripur,11,2022,0.3563672089328369,0.408864973056497,0.0525,1.1441,Optimal
Manikganj,11,2022,0.2414188636015661,0.2804650535587198,0.039,1.1569,Optimal
Munshiganj,11,2022,0.2721396269562378,0.3008712890350129,0.0287,1.1015,Optimal
Mymensingh,11,2022,0.2759890390673338,0.3054674775061939,0.0295,1.1028,Optimal
Narayanganj,11,2022,0.3106882857907679,0.3408731785597533,0.0302,1.0936,Optimal
Narsingdi,11,2022,0.3121774545882798,0.3432882372738477,0.0311,1.0961,Optimal
Netrokona,11,2022,0.2999816867930867,0.3249244345790087,0.0249,1.0795,Optimal
Rajbari,11,2022,0.2350092231267418,0.277900086191397,0.0429,1.1775,Optimal
Shariatpur,11,2022,0.3360776058576664,0.3701255577729969,0.034,1.098,Optimal
Sherpur,11,2022,0.2409307381581809,0.2747191953351395,0.0338,1.1355,Optimal
Tangail,11,2022,0.2930031461912192,0.3162700904372957,0.0233,1.0757,Optimal
Bagerhat,11,2022,0.4231281408258139,0.4873105463090414,0.0642,1.149,Optimal
Chuadanga,11,2022,0.2114787710027778,0.2563495351634948,0.0449,1.2065,Optimal
Jashore,11,2022,0.2626970205999834,0.3483273081096016,0.0856,1.3209,Optimal
Jhenaidah,11,2022,0.2350967712220432,0.2747443276794685,0.0396,1.1637,Optimal
Khulna,11,2022,0.4313770712800402,0.5182536257200523,0.0869,1.1986,Optimal
Kushtia,11,2022,0.1911014295457895,0.2386122673966836,0.0475,1.2421,Moderate
Magura,11,2022,0.2612631092559432,0.3006569495132963,0.0394,1.1464,Optimal
Meherpur,11,2022,0.1951836537065044,0.2466859774531856,0.0515,1.2574,Moderate
Narail,11,2022,0.4173346315933149,0.6109692286263003,0.1936,1.4605,Optimal
Satkhira,11,2022,0.3857845420520657,0.4247823779486503,0.039,1.0982,Optimal
Habiganj,11,2022,0.2990906002849782,0.3247591551703246,0.0257,1.0822,Optimal
Moulvibazar,11,2022,0.3028337279496688,0.3459555594877302,0.0431,1.1386,Optimal
Sunamganj,11,2022,0.3423267787158813,0.3456328878697156,0.0033,1.0067,Optimal
Sylhet,11,2022,0.3652375116376125,0.3789965893619613,0.0138,1.0348,Optimal
Bogura,11,2022,0.2173365536164347,0.2540157169462844,0.0367,1.1634,Optimal
Joypurhat,11,2022,0.2141545884556822,0.2417627021048095,0.0276,1.1237,Moderate
Naogaon,11,2022,0.2137915453122508,0.2551668573753266,0.0414,1.188,Optimal
Natore,11,2022,0.217477252821406,0.2568062998852937,0.0393,1.1754,Optimal
Chapai Nawabganj,11,2022,0.188423515235319,0.2261053860046583,0.0377,1.1937,Moderate
Pabna,11,2022,0.267813342569084,0.30027452924255,0.0325,1.117,Optimal
Rajshahi,11,2022,0.2224892010677518,0.2608600390304918,0.0384,1.1672,Optimal
Sirajganj,11,2022,0.2394002421958809,0.2807448377853626,0.0413,1.1678,Optimal
Dinajpur,11,2022,0.2157828780981372,0.2343661037111093,0.0186,1.0811,Moderate
Gaibandha,11,2022,0.2083867469851167,0.250565750528826,0.0422,1.1967,Optimal
Kurigram,11,2022,0.2486926332566124,0.2938402052000394,0.0451,1.1768,Optimal
Lalmonirhat,11,2022,0.2097541488868422,0.2175816247638618,0.0078,1.0324,Moderate
Nilphamari,11,2022,0.2026356937889303,0.2037834269013951,0.0011,1.0007,Moderate
Panchagar,11,2022,0.272709102070665,0.2862050447909604,0.0135,1.0457,Optimal
Rangpur,11,2022,0.2055072742790654,0.2191336029131958,0.0136,1.0611,Moderate
Thakurgaon,11,2022,0.2435824446404844,0.2672186179438623,0.0236,1.0926,Optimal
Barguna,11,2022,0.4347375179452029,0.4657031881085636,0.031,1.0688,Optimal
Barishal,12,2022,0.2655655845961477,0.3066346876100153,0.0411,1.1503,Optimal
Bhola,12,2022,0.232158475650129,0.2737796916528854,0.0416,1.1742,Optimal
Jhallokati,12,2022,0.2253805233431086,0.2681495126411407,0.0428,1.1845,Optimal
Patuakhali,12,2022,0.2851744831271231,0.3330465554501662,0.0479,1.1638,Optimal
Pirojpur,12,2022,0.254747475645428,0.2919870731288322,0.0372,1.1417,Optimal
Bandarban,12,2022,0.2200662967101674,0.2695544153429279,0.0495,1.2193,Optimal
Brahmanbaria,12,2022,0.2236523415264852,0.2711208845656795,0.0475,1.2068,Optimal
Chandpur,12,2022,0.2329227338221912,0.2700748130831183,0.0372,1.1545,Optimal
Chattogram,12,2022,0.1759980509825319,0.2306298748837114,0.0546,1.303,Moderate
Cumilla,12,2022,0.2366912876067647,0.2750391023098773,0.0383,1.1571,Optimal
CoxsBazar,12,2022,0.1795675910132773,0.2321541383563675,0.0526,1.2857,Moderate
Feni,12,2022,0.1977196221565045,0.244055384543423,0.0463,1.2281,Moderate
Khagrachari,12,2022,0.2403967489890002,0.2786038431438649,0.0382,1.1541,Optimal
Lakshmipur,12,2022,0.2280058748424144,0.256184725644651,0.0282,1.1187,Optimal
Noakhali,12,2022,0.1986395450352583,0.2354923344927875,0.0369,1.1796,Moderate
Rangamati,12,2022,0.2237834406624454,0.2701220399194473,0.0463,1.2017,Optimal
Dhaka,12,2022,0.2265414616677626,0.2706836018593642,0.0441,1.1896,Optimal
Faridpur,12,2022,0.2563177721444211,0.3455607828732415,0.0892,1.3429,Optimal
Gazipur,12,2022,0.2682627717449535,0.2993818686605813,0.0311,1.1119,Optimal
Gopalganj,12,2022,0.4145545601791601,0.7453502248717802,0.3308,1.7936,Optimal
Jamalpur,12,2022,0.1767776630934139,0.2148978654957375,0.0381,1.2088,Moderate
Kishoreganj,12,2022,0.1985584658832938,0.2563109158099671,0.0578,1.2844,Optimal
Madaripur,12,2022,0.2807294480163942,0.3434338350187649,0.0627,1.219,Optimal
Manikganj,12,2022,0.1790844854036844,0.2272696608989876,0.0482,1.262,Moderate
Munshiganj,12,2022,0.2066168309667441,0.2432143050763341,0.0366,1.1715,Moderate
Mymensingh,12,2022,0.2120312895816955,0.2523347771589489,0.0403,1.1845,Optimal
Narayanganj,12,2022,0.2487201115536799,0.280912095618958,0.0322,1.1249,Optimal
Narsingdi,12,2022,0.2388550969694402,0.2771805169936593,0.0383,1.1556,Optimal
Netrokona,12,2022,0.2252163334059377,0.2716713698596321,0.0465,1.2009,Optimal
Rajbari,12,2022,0.1668105868057303,0.2249199125905884,0.0581,1.3403,Moderate
Shariatpur,12,2022,0.2643210965685728,0.3043596253629761,0.04,1.1471,Optimal
Sherpur,12,2022,0.1750836170009832,0.2255321668375165,0.0504,1.2808,Moderate
Tangail,12,2022,0.2307229677222853,0.2632614312765998,0.0325,1.1361,Optimal
Bagerhat,12,2022,0.3416258751565275,0.4184658655533775,0.0768,1.2213,Optimal
Chuadanga,12,2022,0.163171903281232,0.2288597128659187,0.0657,1.394,Moderate
Jashore,12,2022,0.1878304204803207,0.3050361761404464,0.1172,1.6154,Optimal
Jhenaidah,12,2022,0.165951559734657,0.2376611359460468,0.0717,1.4235,Moderate
Khulna,12,2022,0.3448721089320301,0.4520756248950928,0.1072,1.3071,Optimal
Kushtia,12,2022,0.1525667231962808,0.2063713834398531,0.0538,1.3439,Moderate
Magura,12,2022,0.183094867851582,0.2526442712325644,0.0695,1.3724,Optimal
Meherpur,12,2022,0.1672687188848372,0.2245623874087488,0.0573,1.3345,Moderate
Narail,12,2022,0.3279393931018826,0.5582331053289286,0.2303,1.6971,Optimal
Satkhira,12,2022,0.3041488313652158,0.3621776251804376,0.058,1.1869,Optimal
Habiganj,12,2022,0.2178159019411886,0.2661068596637559,0.0483,1.2161,Optimal
Moulvibazar,12,2022,0.2311784571547888,0.2842418371636322,0.0531,1.2242,Optimal
Sunamganj,12,2022,0.2762393408227113,0.3070550796134852,0.0308,1.1075,Optimal
Sylhet,12,2022,0.3076137478079596,0.3418799062166706,0.0343,1.1078,Optimal
Bogura,12,2022,0.1706778285333588,0.2206033406521526,0.0499,1.285,Moderate
Joypurhat,12,2022,0.1665554045517366,0.2118514490258563,0.0453,1.2644,Moderate
Naogaon,12,2022,0.1536920802727822,0.2213060578770436,0.0676,1.4306,Moderate
Natore,12,2022,0.1553221344055227,0.2206973378221499,0.0654,1.4118,Moderate
Chapai Nawabganj,12,2022,0.1426552404941726,0.1966222472806008,0.054,1.3687,Moderate
Pabna,12,2022,0.2029940017201484,0.2533021127249718,0.0503,1.2417,Optimal
Rajshahi,12,2022,0.1839778171458714,0.2316992810451957,0.0477,1.2526,Moderate
Sirajganj,12,2022,0.1746058832562041,0.2319289376158635,0.0573,1.3207,Moderate
Dinajpur,12,2022,0.1692238873395596,0.2047126562508296,0.0355,1.2026,Moderate
Gaibandha,12,2022,0.177007115642914,0.2218995520657759,0.0449,1.2466,Moderate
Kurigram,12,2022,0.2066392049831352,0.2542331565672743,0.0476,1.2244,Optimal
Lalmonirhat,12,2022,0.1743599250682156,0.1863170470177984,0.012,1.0625,Moderate
Nilphamari,12,2022,0.1680289823755127,0.1735718113861019,0.0055,1.0269,Moderate
Panchagar,12,2022,0.2182979713924987,0.2447522999303655,0.0265,1.1161,Moderate
Rangpur,12,2022,0.1789458434338109,0.1932077062193687,0.0143,1.0737,Moderate
Thakurgaon,12,2022,0.1912125769362015,0.2293845212139094,0.0382,1.1934,Moderate
Barguna,12,2022,0.3561683438969825,0.3970284867522959,0.0409,1.1116,Optimal
