ADM1_NAME,ADM2_NAME,month,sm_rootzone,sm_surface,year
Barisal,Barisal,1,0.2972190639063067,0.25077627338437164,2022
Barisal,Bhola,1,0.2739016861185905,0.23043892619577924,2022
Barisal,Jhalokati,1,0.2563614570859324,0.2112888957519694,2022
Barisal,Patuakhali,1,0.33154994422748846,0.2831848524537375,2022
Barisal,Pirojpur,1,0.2795346947354546,0.23928216353606876,2022
Chittagong,Bandarban,1,0.25461242143844753,0.19788865732686525,2022
Chittagong,Brahamanbaria,1,0.2689328581526074,0.2232168110812859,2022
Chittagong,Chandpur,1,0.26855971373769705,0.23258181843070352,2022
Chittagong,Chittagong,1,0.22887545648044658,0.17792763384102286,2022
Chittagong,Comilla,1,0.28281279430837686,0.24686307798789953,2022
Chittagong,Cox's Bazar,1,0.20992873028691023,0.14683634406636317,2022
Chittagong,Feni,1,0.25719311738314893,0.2182896468349899,2022
Chittagong,Khagrachhari,1,0.2890292587265691,0.2586325317119969,2022
Chittagong,Lakshmipur,1,0.2577435275758461,0.2279149080659557,2022
Chittagong,Noakhali,1,0.24346757604493988,0.20827926611133474,2022
Chittagong,Rangamati,1,0.27676747803949586,0.23742936243733218,2022
Dhaka,Dhaka,1,0.26667152265109323,0.21956350146439502,2022
Dhaka,Faridpur,1,0.36091559961371433,0.2784010350138527,2022
Dhaka,Gazipur,1,0.2903567825553757,0.2551524555846636,2022
Dhaka,Gopalganj,1,0.7450904658708027,0.41568756743529806,2022
Dhaka,Jamalpur,1,0.17687814660286216,0.11911931405383788,2022
Dhaka,Kishoreganj,1,0.2347974104373659,0.1945840570285959,2022
Dhaka,Madaripur,1,0.3388218010295973,0.2709738628769463,2022
Dhaka,Manikganj,1,0.2160780665574607,0.1605622800055498,2022
Dhaka,Munshiganj,1,0.2407768781752735,0.20601330982834187,2022
Dhaka,Mymensingh,1,0.21447275690471906,0.1725538711999692,2022
Dhaka,Narayanganj,1,0.2851826213001522,0.2505119051037512,2022
Dhaka,Narsingdi,1,0.27469969689625207,0.2369102221334277,2022
Dhaka,Netrakona,1,0.22427341094841188,0.19212161104861603,2022
Dhaka,Rajbari,1,0.2393531313320596,0.18938865160549082,2022
Dhaka,Shariatpur,1,0.29759526575172407,0.2548770571575348,2022
Dhaka,Sherpur,1,0.17741908255705294,0.11750936179340608,2022
Dhaka,Tangail,1,0.22169327197146035,0.16487213905679338,2022
Khulna,Bagerhat,1,0.406722848581049,0.328367700512036,2022
Khulna,Chuadanga,1,0.2545866184137652,0.21346560867938422,2022
Khulna,Jessore,1,0.3353327352229862,0.25566580239031444,2022
Khulna,Jhenaidah,1,0.27652689720566465,0.24099815064591865,2022
Khulna,Khulna,1,0.44569848613926766,0.3398214151235434,2022
Khulna,Kushtia,1,0.21317951963386012,0.16250927557271583,2022
Khulna,Magura,1,0.2942093787429347,0.25474900688726054,2022
Khulna,Meherpur,1,0.24083551027121086,0.19335252865668262,2022
Khulna,Narail,1,0.5656410508738412,0.3452287578593319,2022
Khulna,Satkhira,1,0.36842072161834805,0.31908140736713747,2022
Sylhet,Habiganj,1,0.24545012999018492,0.21032477006764128,2022
Sylhet,Maulvibazar,1,0.26787930200490606,0.2177136393235048,2022
Sylhet,Sunamganj,1,0.2682547079311951,0.23601418290807416,2022
Sylhet,Sylhet,1,0.3097652359642225,0.2712141610177973,2022
Rajshahi,Bogra,1,0.1906206043291737,0.12262500042111388,2022
Rajshahi,Joypurhat,1,0.189422536610247,0.10415682375103562,2022
Rajshahi,Naogaon,1,0.20028108307356873,0.1416559940236378,2022
Rajshahi,Natore,1,0.21116931697397512,0.17115603817987238,2022
Rajshahi,Nawabganj,1,0.1949190612073891,0.15823257608017163,2022
Rajshahi,Pabna,1,0.242419089315298,0.1926882102404645,2022
Rajshahi,Rajshahi,1,0.22799911919465188,0.18671120052606294,2022
Rajshahi,Sirajganj,1,0.19754440323429617,0.12405501443260604,2022
Rangpur,Dinajpur,1,0.2096919857597511,0.14934101907558567,2022
Rangpur,Gaibandha,1,0.19716697084176948,0.12596950566017098,2022
Rangpur,Kurigram,1,0.2268822985909174,0.15539416182780533,2022
Rangpur,Lalmonirhat,1,0.17930428515229693,0.14509417053636064,2022
Rangpur,Nilphamari,1,0.17554239272159292,0.14736590248482354,2022
Rangpur,Panchagarh,1,0.23382653763229722,0.18903271843388092,2022
Rangpur,Rangpur,1,0.18558555451203565,0.13194110482475255,2022
Rangpur,Thakurgaon,1,0.23068762441443247,0.18107163267980417,2022
Barisal,Barguna,1,0.3857870143784867,0.3400866149443891,2022
Barisal,Barisal,2,0.2713923030474739,0.20920559909733263,2022
Barisal,Bhola,2,0.23084238862880357,0.16724871253324536,2022
Barisal,Jhalokati,2,0.2370799035448208,0.17637726659277725,2022
Barisal,Patuakhali,2,0.29325679283443296,0.22358571070103883,2022
Barisal,Pirojpur,2,0.2622969172207288,0.2051935655004775,2022
Chittagong,Bandarban,2,0.23056064419750474,0.1650270436862212,2022
Chittagong,Brahamanbaria,2,0.24390932805718268,0.200137654549393,2022
Chittagong,Chandpur,2,0.23973149736316834,0.1925171982078832,2022
Chittagong,Chittagong,2,0.19957526586536486,0.12954141611948425,2022
Chittagong,Comilla,2,0.253951999269564,0.20953844216142314,2022
Chittagong,Cox's Bazar,2,0.1841813165382374,0.11501809284622233,2022
Chittagong,Feni,2,0.22073984194020013,0.1597286980308069,2022
Chittagong,Khagrachhari,2,0.25993919868352583,0.2071010415570452,2022
Chittagong,Lakshmipur,2,0.22428418128306218,0.1818596421525337,2022
Chittagong,Noakhali,2,0.20313574831886072,0.14873252851289773,2022
Chittagong,Rangamati,2,0.24878217063970295,0.18935273178370463,2022
Dhaka,Dhaka,2,0.24528192915077368,0.20144745329153513,2022
Dhaka,Faridpur,2,0.34198184408951365,0.25889034963322743,2022
Dhaka,Gazipur,2,0.2711488398637311,0.23627732924801328,2022
Dhaka,Gopalganj,2,0.7419163457681421,0.4166733488032749,2022
Dhaka,Jamalpur,2,0.19653730412897633,0.18489782093696544,2022
Dhaka,Kishoreganj,2,0.21984416801914633,0.17254169412756398,2022
Dhaka,Madaripur,2,0.3242595740791524,0.24698710013745412,2022
Dhaka,Manikganj,2,0.204127449676487,0.16950292015297813,2022
Dhaka,Munshiganj,2,0.21650916053353375,0.1764650080828518,2022
Dhaka,Mymensingh,2,0.21970804774141311,0.19598022441495147,2022
Dhaka,Narayanganj,2,0.25665919417846106,0.2170003283713418,2022
Dhaka,Narsingdi,2,0.25060892070872376,0.20798420112700142,2022
Dhaka,Netrakona,2,0.22450614238459618,0.20039060287454694,2022
Dhaka,Rajbari,2,0.22620927096655444,0.18227329885769902,2022
Dhaka,Shariatpur,2,0.2722379293591304,0.21627339421664382,2022
Dhaka,Sherpur,2,0.19967530304623834,0.18557070914688784,2022
Dhaka,Tangail,2,0.21940442942632518,0.19559084848294675,2022
Khulna,Bagerhat,2,0.38179846466539763,0.2864733295337842,2022
Khulna,Chuadanga,2,0.2508735075857239,0.22276712012525324,2022
Khulna,Jessore,2,0.3200622548778371,0.24999415070525774,2022
Khulna,Jhenaidah,2,0.26321824097543345,0.24192436892739522,2022
Khulna,Khulna,2,0.41876013886449037,0.2993240121837932,2022
Khulna,Kushtia,2,0.2113469993956591,0.172553482545578,2022
Khulna,Magura,2,0.27677194854397374,0.2535163496544565,2022
Khulna,Meherpur,2,0.2427353878655741,0.20880635604743034,2022
Khulna,Narail,2,0.5508441106309506,0.3389134269773353,2022
Khulna,Satkhira,2,0.34407725249457716,0.2825002675874967,2022
Sylhet,Habiganj,2,0.22383085231045674,0.18741315580239984,2022
Sylhet,Maulvibazar,2,0.24279304656601408,0.18730493233019813,2022
Sylhet,Sunamganj,2,0.2513115351126283,0.2225266643252714,2022
Sylhet,Sylhet,2,0.2930748113975166,0.2571680005167829,2022
Rajshahi,Bogra,2,0.2054833843351269,0.18299549783868996,2022
Rajshahi,Joypurhat,2,0.20097209802040686,0.18061655442793292,2022
Rajshahi,Naogaon,2,0.21744082613707183,0.20074974616282334,2022
Rajshahi,Natore,2,0.21556106797852312,0.19524292511761088,2022
Rajshahi,Nawabganj,2,0.20725177430473873,0.1907819628449283,2022
Rajshahi,Pabna,2,0.23894768626073737,0.20575359543351163,2022
Rajshahi,Rajshahi,2,0.23230209531929005,0.2066532359826287,2022
Rajshahi,Sirajganj,2,0.20222815798850632,0.17599875037778975,2022
Rangpur,Dinajpur,2,0.21888669112896816,0.2098418633279849,2022
Rangpur,Gaibandha,2,0.2255091748081638,0.2045938332645504,2022
Rangpur,Kurigram,2,0.252286938232703,0.21872235475170695,2022
Rangpur,Lalmonirhat,2,0.19759542623841503,0.20266504116015738,2022
Rangpur,Nilphamari,2,0.1865425599561193,0.19903993520004623,2022
Rangpur,Panchagarh,2,0.24215031496990352,0.22484013237588196,2022
Rangpur,Rangpur,2,0.2075526568608841,0.21639876339242678,2022
Rangpur,Thakurgaon,2,0.22945082459417013,0.20720940580205968,2022
Barisal,Barguna,2,0.35068775349798187,0.2848434771139136,2022
Barisal,Barisal,3,0.22442386102431655,0.1250910675594499,2022
Barisal,Bhola,3,0.18111838711912637,0.09742688215240156,2022
Barisal,Jhalokati,3,0.19423179524140022,0.09334338388819295,2022
Barisal,Patuakhali,3,0.24479108374579098,0.15288594262243593,2022
Barisal,Pirojpur,3,0.21856492350367848,0.12380608276442717,2022
Chittagong,Bandarban,3,0.19892357223853008,0.11270138750517997,2022
Chittagong,Brahamanbaria,3,0.19300810673599714,0.10681261670995174,2022
Chittagong,Chandpur,3,0.18956989851989303,0.10521367989024334,2022
Chittagong,Chittagong,3,0.1673490419098572,0.0859723605120858,2022
Chittagong,Comilla,3,0.20311430952762657,0.13010516887630635,2022
Chittagong,Cox's Bazar,3,0.15954214348515858,0.08180283698620218,2022
Chittagong,Feni,3,0.17628782252116915,0.09629714227733813,2022
Chittagong,Khagrachhari,3,0.2230057974314653,0.1499844712424534,2022
Chittagong,Lakshmipur,3,0.17232292173152025,0.10328997579399568,2022
Chittagong,Noakhali,3,0.15781004733656315,0.08534287696515737,2022
Chittagong,Rangamati,3,0.2127974953301924,0.13498674895211699,2022
Dhaka,Dhaka,3,0.20949516699470397,0.12746501356750456,2022
Dhaka,Faridpur,3,0.2909982276353075,0.15471899434590444,2022
Dhaka,Gazipur,3,0.23339443518605676,0.15070857113478608,2022
Dhaka,Gopalganj,3,0.6457431589046595,0.267613466033476,2022
Dhaka,Jamalpur,3,0.17228641288704777,0.09537202207856922,2022
Dhaka,Kishoreganj,3,0.17738798213518917,0.08483303558331665,2022
Dhaka,Madaripur,3,0.267371940612793,0.140101625347002,2022
Dhaka,Manikganj,3,0.17849034426837976,0.10181477117751325,2022
Dhaka,Munshiganj,3,0.17233975765982065,0.0963482291217897,2022
Dhaka,Mymensingh,3,0.18696688456739752,0.10582118968934875,2022
Dhaka,Narayanganj,3,0.20961296798198356,0.12516473685599275,2022
Dhaka,Narsingdi,3,0.20225406873442586,0.11490384884600996,2022
Dhaka,Netrakona,3,0.1868994704900321,0.0982852163960796,2022
Dhaka,Rajbari,3,0.19426820579917656,0.11247228735626626,2022
Dhaka,Shariatpur,3,0.21961319397758516,0.12179217777289579,2022
Dhaka,Sherpur,3,0.17382319683403177,0.09533619591026125,2022
Dhaka,Tangail,3,0.1966610069722548,0.12030448378865288,2022
Khulna,Bagerhat,3,0.32735660093660934,0.2056678105809818,2022
Khulna,Chuadanga,3,0.22720296641290413,0.13254992316032518,2022
Khulna,Jessore,3,0.28584611399071563,0.15983069674724887,2022
Khulna,Jhenaidah,3,0.23675448223054815,0.15037416582674734,2022
Khulna,Khulna,3,0.3632217602183422,0.21683219974505202,2022
Khulna,Kushtia,3,0.1877973173922429,0.10469189177000712,2022
Khulna,Magura,3,0.24478922510873025,0.156522502059421,2022
Khulna,Meherpur,3,0.21807531435643474,0.11047068600212373,2022
Khulna,Narail,3,0.48854406125226774,0.22365275685662664,2022
Khulna,Satkhira,3,0.2975774026066317,0.21267143912701938,2022
Sylhet,Habiganj,3,0.18194520654145352,0.09411660021270278,2022
Sylhet,Maulvibazar,3,0.2028929241408549,0.10843373219270966,2022
Sylhet,Sunamganj,3,0.2095743277587553,0.13310154920655728,2022
Sylhet,Sylhet,3,0.25676779185237325,0.17486559405812913,2022
Rajshahi,Bogra,3,0.18577914656645475,0.11407263354770263,2022
Rajshahi,Joypurhat,3,0.18569113270267026,0.13404543531792504,2022
Rajshahi,Naogaon,3,0.194982666903113,0.12197691858572789,2022
Rajshahi,Natore,3,0.19488827775739415,0.11876794529293967,2022
Rajshahi,Nawabganj,3,0.17974967663374564,0.10793044589972783,2022
Rajshahi,Pabna,3,0.21968346124783045,0.13154477022584218,2022
Rajshahi,Rajshahi,3,0.2090115516336446,0.12865646296929795,2022
Rajshahi,Sirajganj,3,0.18752119035221806,0.1102250669892752,2022
Rangpur,Dinajpur,3,0.18865114331082813,0.13276362306686001,2022
Rangpur,Gaibandha,3,0.2008352054611899,0.1163413503848058,2022
Rangpur,Kurigram,3,0.22146238006127367,0.1334850002715324,2022
Rangpur,Lalmonirhat,3,0.1614147027094531,0.1266082218931729,2022
Rangpur,Nilphamari,3,0.15401235021867202,0.1330156643890401,2022
Rangpur,Panchagarh,3,0.20469194380386113,0.15070793544315317,2022
Rangpur,Rangpur,3,0.1769908733317169,0.12520477695578014,2022
Rangpur,Thakurgaon,3,0.19387884500861335,0.13065227530702547,2022
Barisal,Barguna,3,0.29827346982934516,0.21126795776785984,2022
Barisal,Barisal,4,0.19798206297682336,0.12607762315800503,2022
Barisal,Bhola,4,0.15413352969637947,0.09160847252536829,2022
Barisal,Jhalokati,4,0.1630409393630685,0.08409997547051933,2022
Barisal,Patuakhali,4,0.21355933663153567,0.14028566585210717,2022
Barisal,Pirojpur,4,0.1900427191932527,0.11130849967434701,2022
Chittagong,Bandarban,4,0.1844145688813316,0.12577210298453106,2022
Chittagong,Brahamanbaria,4,0.18904149504685933,0.14012926905228512,2022
Chittagong,Chandpur,4,0.17099419527364018,0.10672775331542506,2022
Chittagong,Chittagong,4,0.16840537958822593,0.12010257041154311,2022
Chittagong,Comilla,4,0.18281863064616052,0.12078621068740726,2022
Chittagong,Cox's Bazar,4,0.15335452121328863,0.10214718828416046,2022
Chittagong,Feni,4,0.16590824809467045,0.10505408730678462,2022
Chittagong,Khagrachhari,4,0.2167738331590042,0.1734733552526717,2022
Chittagong,Lakshmipur,4,0.146437700798495,0.0929401409124954,2022
Chittagong,Noakhali,4,0.14669816271513134,0.09661752870331759,2022
Chittagong,Rangamati,4,0.2068130896438238,0.15611814552462847,2022
Dhaka,Dhaka,4,0.20385312863796345,0.14213087407754948,2022
Dhaka,Faridpur,4,0.25472194573840595,0.13758873135506103,2022
Dhaka,Gazipur,4,0.23925987964470014,0.18245390401352513,2022
Dhaka,Gopalganj,4,0.5688333239213546,0.19292328108028953,2022
Dhaka,Jamalpur,4,0.17397430235623615,0.15346973935015176,2022
Dhaka,Kishoreganj,4,0.18906523955452417,0.15206415817269495,2022
Dhaka,Madaripur,4,0.2369392074870341,0.13586057493688938,2022
Dhaka,Manikganj,4,0.16861620212193604,0.10901953129340775,2022
Dhaka,Munshiganj,4,0.16349636151688812,0.11785346648636164,2022
Dhaka,Mymensingh,4,0.2023566247786488,0.17511512648465433,2022
Dhaka,Narayanganj,4,0.20149720618063913,0.14686500482935402,2022
Dhaka,Narsingdi,4,0.20269437924872155,0.15216129565512793,2022
Dhaka,Netrakona,4,0.21165792051046545,0.2109271333862956,2022
Dhaka,Rajbari,4,0.16289641581371275,0.09853975287370043,2022
Dhaka,Shariatpur,4,0.1996512487167265,0.13032748721514012,2022
Dhaka,Sherpur,4,0.19382395486997572,0.18894569291004512,2022
Dhaka,Tangail,4,0.19347543439056844,0.14394138368480214,2022
Khulna,Bagerhat,4,0.2911837804945894,0.17557647095891993,2022
Khulna,Chuadanga,4,0.19879912121441143,0.10892574335452032,2022
Khulna,Jessore,4,0.25193231179737813,0.12004419774280099,2022
Khulna,Jhenaidah,4,0.20392620655522253,0.11959242926987478,2022
Khulna,Khulna,4,0.32200485537808776,0.17353545024989084,2022
Khulna,Kushtia,4,0.15752543056200227,0.08664129444545418,2022
Khulna,Magura,4,0.21047431939183534,0.12448965564876327,2022
Khulna,Meherpur,4,0.1957661064209477,0.10094496064128415,2022
Khulna,Narail,4,0.43571952061876895,0.1865046736728623,2022
Khulna,Satkhira,4,0.2638032266613987,0.18978084207749088,2022
Sylhet,Habiganj,4,0.18623567069513303,0.14982871149707286,2022
Sylhet,Maulvibazar,4,0.21071665948828333,0.17361484571854294,2022
Sylhet,Sunamganj,4,0.23047567107360564,0.24158973817316426,2022
Sylhet,Sylhet,4,0.29461245372763123,0.3001736165009448,2022
Rajshahi,Bogra,4,0.1650228727508709,0.11366018293803004,2022
Rajshahi,Joypurhat,4,0.16138827206014275,0.10347408036609272,2022
Rajshahi,Naogaon,4,0.1658034970701924,0.0925550159048428,2022
Rajshahi,Natore,4,0.17289352642665287,0.1041592441441973,2022
Rajshahi,Nawabganj,4,0.14978008665226666,0.08377717060677578,2022
Rajshahi,Pabna,4,0.19678732456768253,0.11370048261687755,2022
Rajshahi,Rajshahi,4,0.1827604491499406,0.10978037199939633,2022
Rajshahi,Sirajganj,4,0.17118655350524523,0.11630505028210457,2022
Rangpur,Dinajpur,4,0.16493715929784003,0.12321126111598303,2022
Rangpur,Gaibandha,4,0.19290025505994585,0.163399681931189,2022
Rangpur,Kurigram,4,0.266277168706538,0.2602123704963914,2022
Rangpur,Lalmonirhat,4,0.17786992933177256,0.2106565220038806,2022
Rangpur,Nilphamari,4,0.1461550691416217,0.16281764968626855,2022
Rangpur,Panchagarh,4,0.19849349315573975,0.18655470544526737,2022
Rangpur,Rangpur,4,0.17232873039220553,0.17771552976013502,2022
Rangpur,Thakurgaon,4,0.1840401593717508,0.14899500277315145,2022
Barisal,Barguna,4,0.2628820802071546,0.18975586698875957,2022
Barisal,Barisal,5,0.2723541402480255,0.25026656100391026,2022
Barisal,Bhola,5,0.24614533277400438,0.23513071501412258,2022
Barisal,Jhalokati,5,0.21745711851105953,0.1998801740814434,2022
Barisal,Patuakhali,5,0.28589012780064366,0.25804220753526347,2022
Barisal,Pirojpur,5,0.22491964992034938,0.2108139630761269,2022
Chittagong,Bandarban,5,0.24449981719060176,0.25055022393097265,2022
Chittagong,Brahamanbaria,5,0.26183198205705466,0.26556864805091623,2022
Chittagong,Chandpur,5,0.24864070724924006,0.25382313833248854,2022
Chittagong,Chittagong,5,0.2715046059942207,0.2794085938106965,2022
Chittagong,Comilla,5,0.2407718197083011,0.24550033943116045,2022
Chittagong,Cox's Bazar,5,0.21725021876268583,0.22843606865329014,2022
Chittagong,Feni,5,0.2471635679241811,0.24512839486083687,2022
Chittagong,Khagrachhari,5,0.2884017660097427,0.28813324876653684,2022
Chittagong,Lakshmipur,5,0.21434651925111875,0.2222273646615763,2022
Chittagong,Noakhali,5,0.23929202997985594,0.24309374787375085,2022
Chittagong,Rangamati,5,0.2735080178369835,0.2763437454800705,2022
Dhaka,Dhaka,5,0.30589197719910177,0.2960190048673916,2022
Dhaka,Faridpur,5,0.3593745212370359,0.31171575726972606,2022
Dhaka,Gazipur,5,0.3297490494203953,0.3271335675644577,2022
Dhaka,Gopalganj,5,0.5052714600565177,0.347269346894323,2022
Dhaka,Jamalpur,5,0.23914543802595595,0.24363341056580123,2022
Dhaka,Kishoreganj,5,0.2650408694054226,0.2693194804051685,2022
Dhaka,Madaripur,5,0.31104748330333026,0.2783455616145424,2022
Dhaka,Manikganj,5,0.2674740452759014,0.26197281524724103,2022
Dhaka,Munshiganj,5,0.26867750813180524,0.2706069504111814,2022
Dhaka,Mymensingh,5,0.2657705567961258,0.269705618725855,2022
Dhaka,Narayanganj,5,0.2919410453663386,0.2909985827826143,2022
Dhaka,Narsingdi,5,0.2842301177223244,0.2847156814620777,2022
Dhaka,Netrakona,5,0.2897669945199637,0.30567326614060036,2022
Dhaka,Rajbari,5,0.2891699805624244,0.26640170090981796,2022
Dhaka,Shariatpur,5,0.302598433248465,0.28826078575247255,2022
Dhaka,Sherpur,5,0.24981645746135278,0.25149424953403837,2022
Dhaka,Tangail,5,0.26729691041381576,0.27483206627829404,2022
Khulna,Bagerhat,5,0.32124527067612535,0.27658375888777237,2022
Khulna,Chuadanga,5,0.2543953688457642,0.23792616532413235,2022
Khulna,Jessore,5,0.2983856841995587,0.2744196193686764,2022
Khulna,Jhenaidah,5,0.2771089336326365,0.2697712269916582,2022
Khulna,Khulna,5,0.34281078441970575,0.2819289698595459,2022
Khulna,Kushtia,5,0.23890525698739276,0.21289090200975902,2022
Khulna,Magura,5,0.304844662954517,0.29664207915925944,2022
Khulna,Meherpur,5,0.24940010677422245,0.22704862510965718,2022
Khulna,Narail,5,0.41367614343135745,0.3243174072966844,2022
Khulna,Satkhira,5,0.3126665793979106,0.2714652237442839,2022
Sylhet,Habiganj,5,0.2554981958958184,0.26340935927573034,2022
Sylhet,Maulvibazar,5,0.2895877573511043,0.27743357380529315,2022
Sylhet,Sunamganj,5,0.3227372479973498,0.3422713167868925,2022
Sylhet,Sylhet,5,0.3773110762953319,0.37936930204082964,2022
Rajshahi,Bogra,5,0.23205318528730057,0.2241101810949857,2022
Rajshahi,Joypurhat,5,0.21380934165074272,0.19419887101912234,2022
Rajshahi,Naogaon,5,0.21157579275203992,0.1872195732061088,2022
Rajshahi,Natore,5,0.22801976518917694,0.22801608106232574,2022
Rajshahi,Nawabganj,5,0.18179302385808044,0.1642654153723436,2022
Rajshahi,Pabna,5,0.28495917353676137,0.2764453171731031,2022
Rajshahi,Rajshahi,5,0.22409526420895656,0.20585489104639554,2022
Rajshahi,Sirajganj,5,0.2470012065488443,0.24424344941935175,2022
Rangpur,Dinajpur,5,0.20461075070742815,0.19500027898521655,2022
Rangpur,Gaibandha,5,0.2664141558517753,0.24844821881110585,2022
Rangpur,Kurigram,5,0.33255921579920206,0.30942630325800075,2022
Rangpur,Lalmonirhat,5,0.2271600038981102,0.24544365697912687,2022
Rangpur,Nilphamari,5,0.19878411372250174,0.21984837456563822,2022
Rangpur,Panchagarh,5,0.25083506956600315,0.25281994702575616,2022
Rangpur,Rangpur,5,0.2174856628449562,0.21630598686242775,2022
Rangpur,Thakurgaon,5,0.2368682639815411,0.2264008367092674,2022
Barisal,Barguna,5,0.31124213366509956,0.27379347905908885,2022
Barisal,Barisal,6,0.36310741430271176,0.3482305404311883,2022
Barisal,Bhola,6,0.34335846978162404,0.3291301043563984,2022
Barisal,Jhalokati,6,0.3119697918143514,0.2953339148185559,2022
Barisal,Patuakhali,6,0.40374312744446067,0.38174947091905254,2022
Barisal,Pirojpur,6,0.3068060508304218,0.298794082837085,2022
Chittagong,Bandarban,6,0.34308192312757063,0.33677143156500167,2022
Chittagong,Brahamanbaria,6,0.36951651979846056,0.37514540035494964,2022
Chittagong,Chandpur,6,0.32024717289118143,0.32764576266766804,2022
Chittagong,Chittagong,6,0.3499109687308812,0.34926323976239204,2022
Chittagong,Comilla,6,0.3290336987848374,0.3375445178365904,2022
Chittagong,Cox's Bazar,6,0.3455459417778593,0.3508159866666093,2022
Chittagong,Feni,6,0.33373215283118884,0.33098130100558704,2022
Chittagong,Khagrachhari,6,0.35411748933500475,0.34643316401527563,2022
Chittagong,Lakshmipur,6,0.29401916400421224,0.3036143448447808,2022
Chittagong,Noakhali,6,0.32982039840442806,0.3322562230471675,2022
Chittagong,Rangamati,6,0.34577042247658724,0.3385608540673248,2022
Dhaka,Dhaka,6,0.3634011515358187,0.36373901675153636,2022
Dhaka,Faridpur,6,0.37545001322487365,0.32623846633496834,2022
Dhaka,Gazipur,6,0.41313786461982194,0.4151249392605458,2022
Dhaka,Gopalganj,6,0.5958460180763684,0.38801998181899056,2022
Dhaka,Jamalpur,6,0.3453294484810268,0.3613970748915028,2022
Dhaka,Kishoreganj,6,0.3895736928790241,0.3927205241495239,2022
Dhaka,Madaripur,6,0.37536723561246294,0.348784941863833,2022
Dhaka,Manikganj,6,0.3033719439869342,0.312280937585031,2022
Dhaka,Munshiganj,6,0.3130512121719325,0.3219707985335911,2022
Dhaka,Mymensingh,6,0.3823122190786777,0.39143267771939116,2022
Dhaka,Narayanganj,6,0.3672945443775509,0.3716673940966357,2022
Dhaka,Narsingdi,6,0.3806891480985947,0.38240631639670336,2022
Dhaka,Netrakona,6,0.412878898251544,0.4124254620912586,2022
Dhaka,Rajbari,6,0.28284236311054267,0.26060801197313466,2022
Dhaka,Shariatpur,6,0.3627518228537529,0.3513176973273114,2022
Dhaka,Sherpur,6,0.36071648970806136,0.3780932331135833,2022
Dhaka,Tangail,6,0.3528298885508089,0.3648642112279586,2022
Khulna,Bagerhat,6,0.4188637922461421,0.3785706284442268,2022
Khulna,Chuadanga,6,0.2529535118257805,0.2182734805570718,2022
Khulna,Jessore,6,0.2963005473141746,0.23887721037618406,2022
Khulna,Jhenaidah,6,0.2662269475889281,0.2311925345138941,2022
Khulna,Khulna,6,0.41772437555641245,0.35361339457223756,2022
Khulna,Kushtia,6,0.24683656401143994,0.22005429152377035,2022
Khulna,Magura,6,0.2912626851044516,0.2575582485605887,2022
Khulna,Meherpur,6,0.24925596504442157,0.21566788945467244,2022
Khulna,Narail,6,0.4506429268122248,0.33353848659052904,2022
Khulna,Satkhira,6,0.36870362911105636,0.32255767983867745,2022
Sylhet,Habiganj,6,0.3942796265023666,0.3955531509101559,2022
Sylhet,Maulvibazar,6,0.41080926569707465,0.40142942001428955,2022
Sylhet,Sunamganj,6,0.4305430370652034,0.42807349911403014,2022
Sylhet,Sylhet,6,0.45996849787264577,0.45475914639227194,2022
Rajshahi,Bogra,6,0.3242465819433543,0.329520796544058,2022
Rajshahi,Joypurhat,6,0.28745812603405546,0.2945826178068643,2022
Rajshahi,Naogaon,6,0.25553709999762153,0.25534316700312404,2022
Rajshahi,Natore,6,0.27873613175752476,0.2829031817628505,2022
Rajshahi,Nawabganj,6,0.19678590973693327,0.17283846804195807,2022
Rajshahi,Pabna,6,0.311373225581631,0.31116200234294905,2022
Rajshahi,Rajshahi,6,0.2503420394634601,0.2327945619306158,2022
Rajshahi,Sirajganj,6,0.3232376157775405,0.32766432851475946,2022
Rangpur,Dinajpur,6,0.2985391430870912,0.3198250569569481,2022
Rangpur,Gaibandha,6,0.3695584468702806,0.3698460145581363,2022
Rangpur,Kurigram,6,0.4075258539858579,0.3975031831065359,2022
Rangpur,Lalmonirhat,6,0.3403814305714948,0.357504600499577,2022
Rangpur,Nilphamari,6,0.30615525572904667,0.3391368511940557,2022
Rangpur,Panchagarh,6,0.36914218823395983,0.3848940221998751,2022
Rangpur,Rangpur,6,0.3336039423019824,0.35236000323203315,2022
Rangpur,Thakurgaon,6,0.33751820637004065,0.3531977240859135,2022
Barisal,Barguna,6,0.43815364069560603,0.41423105164444024,2022
Barisal,Barisal,7,0.38010435657586894,0.3549951336290003,2022
Barisal,Bhola,7,0.3594575947550862,0.3410994480165333,2022
Barisal,Jhalokati,7,0.32936870288301273,0.3049399492246383,2022
Barisal,Patuakhali,7,0.42048898276697283,0.39147395560537784,2022
Barisal,Pirojpur,7,0.32603627381268513,0.3160940277584719,2022
Chittagong,Bandarban,7,0.3567075966577472,0.34218865150785455,2022
Chittagong,Brahamanbaria,7,0.39037081287868,0.3882996622777968,2022
Chittagong,Chandpur,7,0.3322691142483026,0.33656103324373154,2022
Chittagong,Chittagong,7,0.35571063573992445,0.35417311127108386,2022
Chittagong,Comilla,7,0.34627098250571386,0.3541094258134365,2022
Chittagong,Cox's Bazar,7,0.34640765151277914,0.34795855443240714,2022
Chittagong,Feni,7,0.3415228164838635,0.335993864931881,2022
Chittagong,Khagrachhari,7,0.3800917612303288,0.3655079139390853,2022
Chittagong,Lakshmipur,7,0.3114382894493251,0.3197266911492404,2022
Chittagong,Noakhali,7,0.33353297637957313,0.3321495021438027,2022
Chittagong,Rangamati,7,0.3748369121228,0.3621791047595736,2022
Dhaka,Dhaka,7,0.3562934607848116,0.3439178545504219,2022
Dhaka,Faridpur,7,0.34897336724165984,0.2749242697520458,2022
Dhaka,Gazipur,7,0.4018101197757062,0.3971193413611227,2022
Dhaka,Gopalganj,7,0.7472610204241802,0.4776989213062992,2022
Dhaka,Jamalpur,7,0.3148001659395106,0.29700722652267386,2022
Dhaka,Kishoreganj,7,0.39980794176005185,0.3965988185725283,2022
Dhaka,Madaripur,7,0.3994160598990593,0.35669779942907176,2022
Dhaka,Manikganj,7,0.29259462099730604,0.2773303258539357,2022
Dhaka,Munshiganj,7,0.3162821522606853,0.31381432860542374,2022
Dhaka,Mymensingh,7,0.36682907613991533,0.37007900292915724,2022
Dhaka,Narayanganj,7,0.37325444046028156,0.3710181843681434,2022
Dhaka,Narsingdi,7,0.3981733187431315,0.39189145192034647,2022
Dhaka,Netrakona,7,0.4097724055239798,0.4068181134217561,2022
Dhaka,Rajbari,7,0.23591045403444397,0.19551801846396882,2022
Dhaka,Shariatpur,7,0.37691609043796714,0.3556834196379791,2022
Dhaka,Sherpur,7,0.3248535556483214,0.31437870878598456,2022
Dhaka,Tangail,7,0.3378726962541581,0.3303266377798969,2022
Khulna,Bagerhat,7,0.4526571686542072,0.404468433849347,2022
Khulna,Chuadanga,7,0.24054927898767633,0.20800438912767757,2022
Khulna,Jessore,7,0.28510747496048217,0.2206691123579516,2022
Khulna,Jhenaidah,7,0.2397283162244794,0.19409640025809213,2022
Khulna,Khulna,7,0.4496371261209281,0.37713473615875037,2022
Khulna,Kushtia,7,0.21517831735140566,0.17132574531717185,2022
Khulna,Magura,7,0.24745273328360784,0.1930527846146045,2022
Khulna,Meherpur,7,0.23473449754138145,0.200854484333146,2022
Khulna,Narail,7,0.5241556505599663,0.35882371735947494,2022
Khulna,Satkhira,7,0.3718639886397795,0.3316497223954553,2022
Sylhet,Habiganj,7,0.40547098220137145,0.40057756909795855,2022
Sylhet,Maulvibazar,7,0.41861188294653634,0.4056351163191565,2022
Sylhet,Sunamganj,7,0.42588860724557276,0.4222760229797568,2022
Sylhet,Sylhet,7,0.45602135594847143,0.4486018635066818,2022
Rajshahi,Bogra,7,0.29540815893366246,0.24860607699604564,2022
Rajshahi,Joypurhat,7,0.2584915965533518,0.20850449177590047,2022
Rajshahi,Naogaon,7,0.23789018095094278,0.1908305857302829,2022
Rajshahi,Natore,7,0.2573174633132883,0.21336351001928233,2022
Rajshahi,Nawabganj,7,0.18629281637828976,0.14791695223715012,2022
Rajshahi,Pabna,7,0.28516693429135676,0.2524235304569497,2022
Rajshahi,Rajshahi,7,0.2391463675469633,0.20196983857649198,2022
Rajshahi,Sirajganj,7,0.31029612618618024,0.275029136988749,2022
Rangpur,Dinajpur,7,0.2803683077587584,0.2561701392562735,2022
Rangpur,Gaibandha,7,0.3299713874219527,0.2892121631130045,2022
Rangpur,Kurigram,7,0.36694291180472505,0.3441766467947936,2022
Rangpur,Lalmonirhat,7,0.2935894307155059,0.31444464812945894,2022
Rangpur,Nilphamari,7,0.27525626997853714,0.3050719715222037,2022
Rangpur,Panchagarh,7,0.36981699888500263,0.3788076681776337,2022
Rangpur,Rangpur,7,0.2895734680784262,0.2747425656701162,2022
Rangpur,Thakurgaon,7,0.3360954722215755,0.3326660786785824,2022
Barisal,Barguna,7,0.45549732058105097,0.4288634543597569,2022
Barisal,Barisal,8,0.39165215665096914,0.37294550083762473,2022
Barisal,Bhola,8,0.3688736110116456,0.35489975035051863,2022
Barisal,Jhalokati,8,0.35067997537597184,0.33321770492094277,2022
Barisal,Patuakhali,8,0.4394405815896191,0.4187458978481989,2022
Barisal,Pirojpur,8,0.3577946275886274,0.34967789631970303,2022
Chittagong,Bandarban,8,0.36778692276986524,0.3555611913592012,2022
Chittagong,Brahamanbaria,8,0.37939634298453345,0.37786645257920515,2022
Chittagong,Chandpur,8,0.3310490456238692,0.3369948627237154,2022
Chittagong,Chittagong,8,0.355998223716991,0.3564732073234507,2022
Chittagong,Comilla,8,0.3416278882580608,0.3485739167606157,2022
Chittagong,Cox's Bazar,8,0.3557258283357516,0.3619329121674339,2022
Chittagong,Feni,8,0.33583811545996944,0.33031674069891337,2022
Chittagong,Khagrachhari,8,0.3843799770197373,0.3689134761691094,2022
Chittagong,Lakshmipur,8,0.31482407291454384,0.33015805251678243,2022
Chittagong,Noakhali,8,0.32779608103398433,0.3308043734996553,2022
Chittagong,Rangamati,8,0.38191315903180556,0.36776942425447373,2022
Dhaka,Dhaka,8,0.35282619022974626,0.34126022535507977,2022
Dhaka,Faridpur,8,0.3494331488021529,0.2892454229207861,2022
Dhaka,Gazipur,8,0.40870765671991655,0.4038488699500537,2022
Dhaka,Gopalganj,8,0.7824814171308141,0.5510941076888561,2022
Dhaka,Jamalpur,8,0.3206713725612135,0.31549289383209184,2022
Dhaka,Kishoreganj,8,0.38662036819818507,0.3861674840581961,2022
Dhaka,Madaripur,8,0.39346169749218407,0.35788826566528203,2022
Dhaka,Manikganj,8,0.28619911983516644,0.27471054815079854,2022
Dhaka,Munshiganj,8,0.3071719817372503,0.307563781450931,2022
Dhaka,Mymensingh,8,0.3628493356860865,0.3664739296953747,2022
Dhaka,Narayanganj,8,0.37301719719533394,0.3684829541429759,2022
Dhaka,Narsingdi,8,0.39445115830687166,0.38640433230767557,2022
Dhaka,Netrakona,8,0.3811305993260364,0.38688413413568457,2022
Dhaka,Rajbari,8,0.267679921946728,0.24092642592521002,2022
Dhaka,Shariatpur,8,0.3683533128078391,0.35059559725302847,2022
Dhaka,Sherpur,8,0.32618859139621276,0.32485289947147733,2022
Dhaka,Tangail,8,0.33709846003378025,0.3317212848313397,2022
Khulna,Bagerhat,8,0.5052629801031119,0.46257185855993455,2022
Khulna,Chuadanga,8,0.2886678558431777,0.2907614551237572,2022
Khulna,Jessore,8,0.3431247523493667,0.3062235325478196,2022
Khulna,Jhenaidah,8,0.28126843656925893,0.2789075418161532,2022
Khulna,Khulna,8,0.5224633239389278,0.45595045022244735,2022
Khulna,Kushtia,8,0.2702604987604574,0.252513148895728,2022
Khulna,Magura,8,0.27613320834348304,0.26338937776140076,2022
Khulna,Meherpur,8,0.287719638424535,0.2873024195624936,2022
Khulna,Narail,8,0.591412267678604,0.44379284218013054,2022
Khulna,Satkhira,8,0.4358965116170887,0.41931081295907324,2022
Sylhet,Habiganj,8,0.3905625000256989,0.389849919142111,2022
Sylhet,Maulvibazar,8,0.4052417382889315,0.39092857429326916,2022
Sylhet,Sunamganj,8,0.39583340250017063,0.4042220995802022,2022
Sylhet,Sylhet,8,0.4305464048337232,0.4287581537079253,2022
Rajshahi,Bogra,8,0.3233460498507997,0.30632988819651225,2022
Rajshahi,Joypurhat,8,0.31991602295047633,0.31626707024626677,2022
Rajshahi,Naogaon,8,0.2999287138062139,0.2878444845637967,2022
Rajshahi,Natore,8,0.28872254761660077,0.28291214581504864,2022
Rajshahi,Nawabganj,8,0.24190984534797574,0.23722993917234683,2022
Rajshahi,Pabna,8,0.3143012569993547,0.3023970288200803,2022
Rajshahi,Rajshahi,8,0.290738122606473,0.28681047409002447,2022
Rajshahi,Sirajganj,8,0.3193529047655915,0.2973479460324838,2022
Rangpur,Dinajpur,8,0.3129990750476571,0.3233939229329635,2022
Rangpur,Gaibandha,8,0.3557875130446489,0.3419924575661443,2022
Rangpur,Kurigram,8,0.37464331838356435,0.36184715865812184,2022
Rangpur,Lalmonirhat,8,0.2897469241334713,0.3279790589493056,2022
Rangpur,Nilphamari,8,0.2683136897447569,0.31484728077758894,2022
Rangpur,Panchagarh,8,0.36926090709070325,0.38415876053825665,2022
Rangpur,Rangpur,8,0.30622645594121967,0.32989784857135296,2022
Rangpur,Thakurgaon,8,0.34285990627723417,0.3501072497883999,2022
Barisal,Barguna,8,0.4905101023579794,0.46887907431973996,2022
Barisal,Barisal,9,0.41666983005529423,0.39968511328113915,2022
Barisal,Bhola,9,0.3852304089510969,0.36968045284620454,2022
Barisal,Jhalokati,9,0.3792287452833111,0.362399787325039,2022
Barisal,Patuakhali,9,0.4554594367795568,0.4362242598550601,2022
Barisal,Pirojpur,9,0.3906692057992749,0.38430314334749266,2022
Chittagong,Bandarban,9,0.38645815208317963,0.3728464224345097,2022
Chittagong,Brahamanbaria,9,0.3734037397014023,0.37472230114450505,2022
Chittagong,Chandpur,9,0.3532048507080394,0.3613761106696056,2022
Chittagong,Chittagong,9,0.3750808581316065,0.37367967577958894,2022
Chittagong,Comilla,9,0.3530702169541005,0.3612600965682498,2022
Chittagong,Cox's Bazar,9,0.3798550330500872,0.3800995353204256,2022
Chittagong,Feni,9,0.3578391788945589,0.3531348343153735,2022
Chittagong,Khagrachhari,9,0.38275760466443653,0.3684389540224994,2022
Chittagong,Lakshmipur,9,0.3460632064102859,0.35423587971031584,2022
Chittagong,Noakhali,9,0.3571202195700182,0.35836978686975823,2022
Chittagong,Rangamati,9,0.38095297932370376,0.3663313114269601,2022
Dhaka,Dhaka,9,0.3625029786466532,0.3556225019410047,2022
Dhaka,Faridpur,9,0.40472833457265633,0.35899307029184746,2022
Dhaka,Gazipur,9,0.40911554728189636,0.40736681715606504,2022
Dhaka,Gopalganj,9,0.8347959973800048,0.6427166160109637,2022
Dhaka,Jamalpur,9,0.3376037613062218,0.34427956402900073,2022
Dhaka,Kishoreganj,9,0.3840846396201105,0.3855234515056764,2022
Dhaka,Madaripur,9,0.43080027092135315,0.4044999517274626,2022
Dhaka,Manikganj,9,0.3026831935096231,0.2986842974927855,2022
Dhaka,Munshiganj,9,0.3263714575679944,0.332187371737263,2022
Dhaka,Mymensingh,9,0.3781059363318468,0.38306222896118347,2022
Dhaka,Narayanganj,9,0.37417681455475627,0.3738478548986942,2022
Dhaka,Narsingdi,9,0.3889382611539198,0.3829404834399801,2022
Dhaka,Netrakona,9,0.40064394321490754,0.3991777418239132,2022
Dhaka,Rajbari,9,0.3005039065161542,0.28430095194144067,2022
Dhaka,Shariatpur,9,0.3950142313690551,0.38324656405515367,2022
Dhaka,Sherpur,9,0.35521136695012206,0.3667947711098704,2022
Dhaka,Tangail,9,0.34810368402586245,0.35396315058174194,2022
Khulna,Bagerhat,9,0.5347107324242212,0.49930448412133477,2022
Khulna,Chuadanga,9,0.33168128125926755,0.3386467705231586,2022
Khulna,Jessore,9,0.39589389249369483,0.36679474041896304,2022
Khulna,Jhenaidah,9,0.33092247804950364,0.3364973878235566,2022
Khulna,Khulna,9,0.5652586664004833,0.5081706325595797,2022
Khulna,Kushtia,9,0.3107719425027762,0.3005723652357495,2022
Khulna,Magura,9,0.3306392170519699,0.3316628979619318,2022
Khulna,Meherpur,9,0.32712682935499376,0.33337035873243887,2022
Khulna,Narail,9,0.6403104451152274,0.5253172068798526,2022
Khulna,Satkhira,9,0.48140285278806993,0.4637724730082333,2022
Sylhet,Habiganj,9,0.3891641197410895,0.3885708747611371,2022
Sylhet,Maulvibazar,9,0.40495808294956065,0.3908591643277247,2022
Sylhet,Sunamganj,9,0.4159741144840482,0.4149618852740601,2022
Sylhet,Sylhet,9,0.4382993522532017,0.4344612431812109,2022
Rajshahi,Bogra,9,0.3397990430074283,0.3408637032313642,2022
Rajshahi,Joypurhat,9,0.33103879391492064,0.3430950595389356,2022
Rajshahi,Naogaon,9,0.33740429765459334,0.344317177540759,2022
Rajshahi,Natore,9,0.33138635401592115,0.34559027356168026,2022
Rajshahi,Nawabganj,9,0.28629349267254117,0.2911667224221398,2022
Rajshahi,Pabna,9,0.33817168504554107,0.34044309691636165,2022
Rajshahi,Rajshahi,9,0.33978631716825297,0.34590423495549744,2022
Rajshahi,Sirajganj,9,0.3337091615495755,0.32959817101173006,2022
Rangpur,Dinajpur,9,0.3239191390577675,0.3393705502810283,2022
Rangpur,Gaibandha,9,0.34894017530686317,0.34429959636638774,2022
Rangpur,Kurigram,9,0.37589982536476146,0.3671324005128321,2022
Rangpur,Lalmonirhat,9,0.30058788625224425,0.33630667003457515,2022
Rangpur,Nilphamari,9,0.283910941363494,0.3264769234644303,2022
Rangpur,Panchagarh,9,0.401872795745112,0.403630208197719,2022
Rangpur,Rangpur,9,0.3083265674452565,0.33436826670626807,2022
Rangpur,Thakurgaon,9,0.36292258482417566,0.37114123592778775,2022
Barisal,Barguna,9,0.5152445837841495,0.49474133908767076,2022
Barisal,Barisal,10,0.42047534829740146,0.3961796957779584,2022
Barisal,Bhola,10,0.3816038738268582,0.3587468038808014,2022
Barisal,Jhalokati,10,0.3844336408187138,0.35913766825788856,2022
Barisal,Patuakhali,10,0.449135333957197,0.4231226839894077,2022
Barisal,Pirojpur,10,0.3980330562711506,0.3811676680917628,2022
Chittagong,Bandarban,10,0.37143059176615795,0.35121784976219,2022
Chittagong,Brahamanbaria,10,0.3729034620731033,0.367529871910204,2022
Chittagong,Chandpur,10,0.3732241590108189,0.36874507001164003,2022
Chittagong,Chittagong,10,0.3627080904251871,0.35144826904801996,2022
Chittagong,Comilla,10,0.3625575264283691,0.35837035059388805,2022
Chittagong,Cox's Bazar,10,0.35571624566726195,0.3503652900962056,2022
Chittagong,Feni,10,0.3588140641369522,0.3441196227138521,2022
Chittagong,Khagrachhari,10,0.37163198455849195,0.35129594742249265,2022
Chittagong,Lakshmipur,10,0.3549082605564591,0.3523454033299368,2022
Chittagong,Noakhali,10,0.3574218131316136,0.34934269276051744,2022
Chittagong,Rangamati,10,0.3703971885134487,0.3502556507858057,2022
Dhaka,Dhaka,10,0.35715065181589717,0.3424366253172715,2022
Dhaka,Faridpur,10,0.415042283438904,0.36312791442637193,2022
Dhaka,Gazipur,10,0.4023990191988229,0.39561961587229216,2022
Dhaka,Gopalganj,10,0.8366175190208215,0.6231511165828381,2022
Dhaka,Jamalpur,10,0.2969723373140465,0.28248295119396066,2022
Dhaka,Kishoreganj,10,0.3767484689094057,0.3742871852982103,2022
Dhaka,Madaripur,10,0.4439247466567341,0.4086415815534014,2022
Dhaka,Manikganj,10,0.29538387979224606,0.28295570863700065,2022
Dhaka,Munshiganj,10,0.3361646915667094,0.3325442433275138,2022
Dhaka,Mymensingh,10,0.3539896539584433,0.3507027896556445,2022
Dhaka,Narayanganj,10,0.37640538772425164,0.36934768098736137,2022
Dhaka,Narsingdi,10,0.3864393590909104,0.3754237732563958,2022
Dhaka,Netrakona,10,0.3807220801074358,0.3801139736776531,2022
Dhaka,Rajbari,10,0.2919674081281082,0.2707498436197272,2022
Dhaka,Shariatpur,10,0.41177086844676875,0.3924824472503795,2022
Dhaka,Sherpur,10,0.31918231037386646,0.31543044301467327,2022
Dhaka,Tangail,10,0.3369948432025057,0.33492309300870193,2022
Khulna,Bagerhat,10,0.5300946693755567,0.4858385355365924,2022
Khulna,Chuadanga,10,0.30559380718994433,0.287200463695901,2022
Khulna,Jessore,10,0.38165791070927374,0.33240750964762145,2022
Khulna,Jhenaidah,10,0.31205549122544735,0.29924096192242794,2022
Khulna,Khulna,10,0.5574139140749378,0.49113472137186265,2022
Khulna,Kushtia,10,0.28435749546069117,0.25860029264939804,2022
Khulna,Magura,10,0.3249988108749911,0.3118490902051121,2022
Khulna,Meherpur,10,0.29739953181435985,0.2756373105510589,2022
Khulna,Narail,10,0.6361974172356807,0.49131039837758705,2022
Khulna,Satkhira,10,0.466329661440937,0.44145342666733783,2022
Sylhet,Habiganj,10,0.3841165518457758,0.38003617823074437,2022
Sylhet,Maulvibazar,10,0.40430253766733343,0.3848362925863716,2022
Sylhet,Sunamganj,10,0.404778355766331,0.4060777851749036,2022
Sylhet,Sylhet,10,0.435385547917414,0.4290393278241008,2022
Rajshahi,Bogra,10,0.3036808149833529,0.28183135104655993,2022
Rajshahi,Joypurhat,10,0.29799590151388566,0.2800154471790398,2022
Rajshahi,Naogaon,10,0.3128217404038084,0.28743527474311675,2022
Rajshahi,Natore,10,0.3062370679801023,0.28968784112355267,2022
Rajshahi,Nawabganj,10,0.276096200385472,0.2540970381958135,2022
Rajshahi,Pabna,10,0.3280815765253576,0.3218877790894387,2022
Rajshahi,Rajshahi,10,0.3159421221933427,0.2931188521091474,2022
Rajshahi,Sirajganj,10,0.3102787075732721,0.2916519264944866,2022
Rangpur,Dinajpur,10,0.28716324225977247,0.27723300999533085,2022
Rangpur,Gaibandha,10,0.30488964721784645,0.2807465163033725,2022
Rangpur,Kurigram,10,0.3538068966364734,0.33133075466601675,2022
Rangpur,Lalmonirhat,10,0.2682822183332889,0.28393171966874997,2022
Rangpur,Nilphamari,10,0.25186918866414876,0.27496390894859163,2022
Rangpur,Panchagarh,10,0.36869920569861675,0.3684204516779486,2022
Rangpur,Rangpur,10,0.2701746128469299,0.26970425446425417,2022
Rangpur,Thakurgaon,10,0.3367396551235091,0.32879645261280005,2022
Barisal,Barguna,10,0.5108084935601483,0.4849097255897728,2022
Barisal,Barisal,11,0.37253471068381466,0.33711712015195233,2022
Barisal,Bhola,11,0.3334752485485526,0.2991220846142161,2022
Barisal,Jhalokati,11,0.33282747406630975,0.28896557603764167,2022
Barisal,Patuakhali,11,0.40043138953396434,0.36177191072511505,2022
Barisal,Pirojpur,11,0.3521074188988213,0.31045062073211055,2022
Chittagong,Bandarban,11,0.3137086644272055,0.27548263474057944,2022
Chittagong,Brahamanbaria,11,0.3271539838085721,0.2967474409886638,2022
Chittagong,Chandpur,11,0.32224456325781586,0.30162233820527184,2022
Chittagong,Chittagong,11,0.2887710974338869,0.24664433923355875,2022
Chittagong,Comilla,11,0.3188767030035556,0.2977094384165842,2022
Chittagong,Cox's Bazar,11,0.28923607335065676,0.25200430441933314,2022
Chittagong,Feni,11,0.2988971559041567,0.2681360865853778,2022
Chittagong,Khagrachhari,11,0.3209931623657727,0.2886833649140068,2022
Chittagong,Lakshmipur,11,0.3012276854969892,0.2909642218724861,2022
Chittagong,Noakhali,11,0.29353508955995194,0.2700039091141423,2022
Chittagong,Rangamati,11,0.31423949288497655,0.27806065364692933,2022
Dhaka,Dhaka,11,0.3327368395691747,0.29836561450097354,2022
Dhaka,Faridpur,11,0.41034663455093257,0.3429887641541457,2022
Dhaka,Gazipur,11,0.36532722862800954,0.34633786301533437,2022
Dhaka,Gopalganj,11,0.8065757383235077,0.5215708948295078,2022
Dhaka,Jamalpur,11,0.2541796383107122,0.21761873084934918,2022
Dhaka,Kishoreganj,11,0.3238992081143716,0.2847724900936755,2022
Dhaka,Madaripur,11,0.408864973056497,0.3563672089328369,2022
Dhaka,Manikganj,11,0.2804650535587198,0.2414188636015661,2022
Dhaka,Munshiganj,11,0.3008712890350129,0.27213962695623783,2022
Dhaka,Mymensingh,11,0.3054674775061939,0.2759890390673338,2022
Dhaka,Narayanganj,11,0.34087317855975335,0.31068828579076796,2022
Dhaka,Narsingdi,11,0.3432882372738477,0.31217745458827983,2022
Dhaka,Netrakona,11,0.3249244345790087,0.29998168679308673,2022
Dhaka,Rajbari,11,0.27790008619139706,0.2350092231267418,2022
Dhaka,Shariatpur,11,0.37012555777299694,0.3360776058576664,2022
Dhaka,Sherpur,11,0.27471919533513955,0.2409307381581809,2022
Dhaka,Tangail,11,0.31627009043729576,0.29300314619121925,2022
Khulna,Bagerhat,11,0.48731054630904147,0.42312814082581396,2022
Khulna,Chuadanga,11,0.2563495351634948,0.21147877100277787,2022
Khulna,Jessore,11,0.34832730810960166,0.2626970205999834,2022
Khulna,Jhenaidah,11,0.2747443276794685,0.23509677122204325,2022
Khulna,Khulna,11,0.5182536257200523,0.43137707128004027,2022
Khulna,Kushtia,11,0.23861226739668367,0.1911014295457895,2022
Khulna,Magura,11,0.30065694951329636,0.2612631092559432,2022
Khulna,Meherpur,11,0.24668597745318566,0.19518365370650445,2022
Khulna,Narail,11,0.6109692286263003,0.41733463159331496,2022
Khulna,Satkhira,11,0.42478237794865037,0.38578454205206575,2022
Sylhet,Habiganj,11,0.32475915517032466,0.2990906002849782,2022
Sylhet,Maulvibazar,11,0.3459555594877302,0.3028337279496688,2022
Sylhet,Sunamganj,11,0.3456328878697156,0.3423267787158813,2022
Sylhet,Sylhet,11,0.37899658936196134,0.36523751163761253,2022
Rajshahi,Bogra,11,0.2540157169462844,0.21733655361643472,2022
Rajshahi,Joypurhat,11,0.2417627021048095,0.21415458845568225,2022
Rajshahi,Naogaon,11,0.2551668573753266,0.2137915453122508,2022
Rajshahi,Natore,11,0.25680629988529374,0.21747725282140606,2022
Rajshahi,Nawabganj,11,0.22610538600465838,0.18842351523531903,2022
Rajshahi,Pabna,11,0.30027452924255,0.26781334256908407,2022
Rajshahi,Rajshahi,11,0.2608600390304918,0.22248920106775183,2022
Rajshahi,Sirajganj,11,0.2807448377853626,0.23940024219588094,2022
Rangpur,Dinajpur,11,0.23436610371110939,0.21578287809813726,2022
Rangpur,Gaibandha,11,0.250565750528826,0.20838674698511672,2022
Rangpur,Kurigram,11,0.2938402052000394,0.24869263325661248,2022
Rangpur,Lalmonirhat,11,0.21758162476386184,0.2097541488868422,2022
Rangpur,Nilphamari,11,0.20378342690139517,0.20263569378893032,2022
Rangpur,Panchagarh,11,0.2862050447909604,0.27270910207066507,2022
Rangpur,Rangpur,11,0.21913360291319584,0.2055072742790654,2022
Rangpur,Thakurgaon,11,0.26721861794386237,0.2435824446404844,2022
Barisal,Barguna,11,0.46570318810856365,0.4347375179452029,2022
Barisal,Barisal,12,0.3066346876100153,0.26556558459614776,2022
Barisal,Bhola,12,0.2737796916528854,0.23215847565012904,2022
Barisal,Jhalokati,12,0.2681495126411407,0.22538052334310865,2022
Barisal,Patuakhali,12,0.33304655545016626,0.2851744831271231,2022
Barisal,Pirojpur,12,0.29198707312883226,0.254747475645428,2022
Chittagong,Bandarban,12,0.2695544153429279,0.22006629671016747,2022
Chittagong,Brahamanbaria,12,0.27112088456567957,0.22365234152648528,2022
Chittagong,Chandpur,12,0.2700748130831183,0.2329227338221912,2022
Chittagong,Chittagong,12,0.23062987488371145,0.17599805098253196,2022
Chittagong,Comilla,12,0.2750391023098773,0.23669128760676472,2022
Chittagong,Cox's Bazar,12,0.23215413835636758,0.17956759101327735,2022
Chittagong,Feni,12,0.24405538454342304,0.1977196221565045,2022
Chittagong,Khagrachhari,12,0.2786038431438649,0.24039674898900024,2022
Chittagong,Lakshmipur,12,0.25618472564465106,0.2280058748424144,2022
Chittagong,Noakhali,12,0.23549233449278759,0.19863954503525832,2022
Chittagong,Rangamati,12,0.2701220399194473,0.22378344066244543,2022
Dhaka,Dhaka,12,0.2706836018593642,0.2265414616677626,2022
Dhaka,Faridpur,12,0.34556078287324155,0.25631777214442114,2022
Dhaka,Gazipur,12,0.29938186866058136,0.2682627717449535,2022
Dhaka,Gopalganj,12,0.7453502248717802,0.41455456017916015,2022
Dhaka,Jamalpur,12,0.21489786549573758,0.17677766309341392,2022
Dhaka,Kishoreganj,12,0.2563109158099671,0.19855846588329387,2022
Dhaka,Madaripur,12,0.34343383501876495,0.28072944801639427,2022
Dhaka,Manikganj,12,0.2272696608989876,0.1790844854036844,2022
Dhaka,Munshiganj,12,0.24321430507633418,0.2066168309667441,2022
Dhaka,Mymensingh,12,0.2523347771589489,0.2120312895816955,2022
Dhaka,Narayanganj,12,0.280912095618958,0.24872011155367996,2022
Dhaka,Narsingdi,12,0.27718051699365936,0.2388550969694402,2022
Dhaka,Netrakona,12,0.2716713698596321,0.22521633340593775,2022
Dhaka,Rajbari,12,0.22491991259058847,0.1668105868057303,2022
Dhaka,Shariatpur,12,0.3043596253629761,0.2643210965685728,2022
Dhaka,Sherpur,12,0.22553216683751656,0.17508361700098327,2022
Dhaka,Tangail,12,0.2632614312765998,0.2307229677222853,2022
Khulna,Bagerhat,12,0.41846586555337756,0.3416258751565275,2022
Khulna,Chuadanga,12,0.22885971286591877,0.16317190328123204,2022
Khulna,Jessore,12,0.3050361761404464,0.18783042048032073,2022
Khulna,Jhenaidah,12,0.23766113594604682,0.16595155973465703,2022
Khulna,Khulna,12,0.4520756248950928,0.3448721089320301,2022
Khulna,Kushtia,12,0.20637138343985312,0.15256672319628087,2022
Khulna,Magura,12,0.2526442712325644,0.18309486785158208,2022
Khulna,Meherpur,12,0.2245623874087488,0.16726871888483727,2022
Khulna,Narail,12,0.5582331053289286,0.32793939310188264,2022
Khulna,Satkhira,12,0.36217762518043767,0.3041488313652158,2022
Sylhet,Habiganj,12,0.2661068596637559,0.21781590194118863,2022
Sylhet,Maulvibazar,12,0.28424183716363227,0.2311784571547888,2022
Sylhet,Sunamganj,12,0.30705507961348527,0.27623934082271134,2022
Sylhet,Sylhet,12,0.34187990621667064,0.3076137478079596,2022
Rajshahi,Bogra,12,0.22060334065215265,0.17067782853335886,2022
Rajshahi,Joypurhat,12,0.2118514490258563,0.16655540455173662,2022
Rajshahi,Naogaon,12,0.22130605787704366,0.15369208027278225,2022
Rajshahi,Natore,12,0.22069733782214998,0.15532213440552278,2022
Rajshahi,Nawabganj,12,0.19662224728060088,0.1426552404941726,2022
Rajshahi,Pabna,12,0.25330211272497183,0.2029940017201484,2022
Rajshahi,Rajshahi,12,0.23169928104519572,0.18397781714587147,2022
Rajshahi,Sirajganj,12,0.23192893761586358,0.1746058832562041,2022
Rangpur,Dinajpur,12,0.20471265625082968,0.16922388733955962,2022
Rangpur,Gaibandha,12,0.22189955206577594,0.17700711564291408,2022
Rangpur,Kurigram,12,0.2542331565672743,0.20663920498313526,2022
Rangpur,Lalmonirhat,12,0.18631704701779844,0.17435992506821568,2022
Rangpur,Nilphamari,12,0.17357181138610198,0.16802898237551278,2022
Rangpur,Panchagarh,12,0.24475229993036557,0.21829797139249876,2022
Rangpur,Rangpur,12,0.19320770621936875,0.17894584343381095,2022
Rangpur,Thakurgaon,12,0.2293845212139094,0.19121257693620156,2022
Barisal,Barguna,12,0.397028486752296,0.3561683438969825,2022
