District,Year,Month,Month_Name,NDVI,Method,Source,Image_Count,Date_Range,Notes,Is_Real_Data
Bagerhat,2022,1,January,0.48891949029678733,S2-Standard,Sentinel-2,27,2022-01-01 to 2022-02-01,,True
Bagerhat,2022,2,February,0.533074061065529,S2-Standard,Sentinel-2,19,2022-02-01 to 2022-03-01,,True
Bagerhat,2022,3,March,0.5711876241926808,S2-Standard,Sentinel-2,24,2022-03-01 to 2022-04-01,,True
Bagerhat,2022,4,April,0.28447930132894633,S2-Standard,Sentinel-2,22,2022-04-01 to 2022-05-01,,True
Bagerhat,2022,5,May,0.26704047212984566,S2-Standard,Sentinel-2,24,2022-05-01 to 2022-06-01,,True
Bagerhat,2022,6,June,0.20938286235165993,S2-Standard,Sentinel-2,11,2022-06-01 to 2022-07-01,,True
Bagerhat,2022,7,July,0.30768509505237823,S2-Standard,Sentinel-2,16,2022-07-01 to 2022-08-01,,True
Bagerhat,2022,8,August,0.36797252036576006,S2-Standard,Sentinel-2,11,2022-08-01 to 2022-09-01,,True
Bagerhat,2022,9,September,0.48683511318759765,S2-Standard,Sentinel-2,16,2022-09-01 to 2022-10-01,,True
Bagerhat,2022,10,October,0.5549719290375441,S2-Standard,Sentinel-2,16,2022-10-01 to 2022-11-01,,True
Bagerhat,2022,11,November,0.6214849029628107,S2-Standard,Sentinel-2,26,2022-11-01 to 2022-12-01,,True
Bagerhat,2022,12,December,0.45405543896405376,S2-Standard,Sentinel-2,22,2022-12-01 to 2023-01-01,,True
Bandarban,2022,1,January,0.763617739914739,S2-Standard,Sentinel-2,23,2022-01-01 to 2022-02-01,,True
Bandarban,2022,2,February,0.6821383327059017,S2-Standard,Sentinel-2,24,2022-02-01 to 2022-03-01,,True
Bandarban,2022,3,March,0.5676824803630925,S2-Standard,Sentinel-2,24,2022-03-01 to 2022-04-01,,True
Bandarban,2022,4,April,0.3876779567270571,S2-Standard,Sentinel-2,24,2022-04-01 to 2022-05-01,,True
Bandarban,2022,5,May,0.2612788417491431,S2-Standard,Sentinel-2,16,2022-05-01 to 2022-06-01,,True
Bandarban,2022,6,June,0.4365742393395427,S2-Standard,Sentinel-2,15,2022-06-01 to 2022-07-01,,True
Bandarban,2022,7,July,0.5380354289240772,S2-Standard,Sentinel-2,19,2022-07-01 to 2022-08-01,,True
Bandarban,2022,8,August,0.4875178800779642,S2-Standard,Sentinel-2,19,2022-08-01 to 2022-09-01,,True
Bandarban,2022,9,September,0.38627152337776727,S2-Standard,Sentinel-2,8,2022-09-01 to 2022-10-01,,True
Bandarban,2022,10,October,0.7430366041768727,S2-Standard,Sentinel-2,24,2022-10-01 to 2022-11-01,,True
Bandarban,2022,11,November,0.7636090237183978,S2-Standard,Sentinel-2,23,2022-11-01 to 2022-12-01,,True
Bandarban,2022,12,December,0.7680437191871492,S2-Standard,Sentinel-2,24,2022-12-01 to 2023-01-01,,True
Barguna,2022,1,January,0.34995068108240013,S2-Standard,Sentinel-2,19,2022-01-01 to 2022-02-01,,True
Barguna,2022,2,February,0.291063589685606,S2-Standard,Sentinel-2,15,2022-02-01 to 2022-03-01,,True
Barguna,2022,3,March,0.3352139518717137,S2-Standard,Sentinel-2,18,2022-03-01 to 2022-04-01,,True
Barguna,2022,4,April,0.2876097437686987,S2-Standard,Sentinel-2,18,2022-04-01 to 2022-05-01,,True
Barguna,2022,5,May,0.3323424160378924,S2-Standard,Sentinel-2,17,2022-05-01 to 2022-06-01,,True
Barguna,2022,6,June,0.20998022756664295,S2-Standard,Sentinel-2,8,2022-06-01 to 2022-07-01,,True
Barguna,2022,7,July,0.3334017153350163,S2-Standard,Sentinel-2,10,2022-07-01 to 2022-08-01,,True
Barguna,2022,8,August,0.17251158501012645,S2-Standard,Sentinel-2,7,2022-08-01 to 2022-09-01,,True
Barguna,2022,9,September,0.33107584025259573,S2-Standard,Sentinel-2,12,2022-09-01 to 2022-10-01,,True
Barguna,2022,10,October,0.5890323017558614,S2-Standard,Sentinel-2,12,2022-10-01 to 2022-11-01,,True
Barguna,2022,11,November,0.6701243948177539,S2-Standard,Sentinel-2,21,2022-11-01 to 2022-12-01,,True
Barguna,2022,12,December,0.46625582469272836,S2-Standard,Sentinel-2,18,2022-12-01 to 2023-01-01,,True
Barisal,2022,1,January,0.291607379510426,S2-Standard,Sentinel-2,33,2022-01-01 to 2022-02-01,,True
Barisal,2022,2,February,0.25338589032288017,S2-Standard,Sentinel-2,24,2022-02-01 to 2022-03-01,,True
Barisal,2022,3,March,0.43248229774155,S2-Standard,Sentinel-2,30,2022-03-01 to 2022-04-01,,True
Barisal,2022,4,April,0.31001690889377387,S2-Standard,Sentinel-2,27,2022-04-01 to 2022-05-01,,True
Barisal,2022,5,May,0.30953500293412506,S2-Standard,Sentinel-2,27,2022-05-01 to 2022-06-01,,True
Barisal,2022,6,June,0.19334595895309384,S2-Standard,Sentinel-2,15,2022-06-01 to 2022-07-01,,True
Barisal,2022,7,July,0.3245837439937262,S2-Standard,Sentinel-2,19,2022-07-01 to 2022-08-01,,True
Barisal,2022,8,August,0.1904844619362955,S2-Standard,Sentinel-2,15,2022-08-01 to 2022-09-01,,True
Barisal,2022,9,September,0.3272113771710582,S2-Standard,Sentinel-2,20,2022-09-01 to 2022-10-01,,True
Barisal,2022,10,October,0.5411183729753246,S2-Standard,Sentinel-2,20,2022-10-01 to 2022-11-01,,True
Barisal,2022,11,November,0.5307537456864099,S2-Standard,Sentinel-2,30,2022-11-01 to 2022-12-01,,True
Barisal,2022,12,December,0.372827378606825,S2-Standard,Sentinel-2,27,2022-12-01 to 2023-01-01,,True
Bhola,2022,1,January,0.21680869163097535,S2-Standard,Sentinel-2,26,2022-01-01 to 2022-02-01,,True
Bhola,2022,2,February,0.24321732776046306,S2-Standard,Sentinel-2,20,2022-02-01 to 2022-03-01,,True
Bhola,2022,3,March,0.30106548800494626,S2-Standard,Sentinel-2,24,2022-03-01 to 2022-04-01,,True
Bhola,2022,4,April,0.22463230169395318,S2-Standard,Sentinel-2,22,2022-04-01 to 2022-05-01,,True
Bhola,2022,5,May,0.1946286534864403,S2-Standard,Sentinel-2,20,2022-05-01 to 2022-06-01,,True
Bhola,2022,6,June,0.17000066755774684,S2-Standard,Sentinel-2,12,2022-06-01 to 2022-07-01,,True
Bhola,2022,7,July,0.1855874177236102,S2-Standard,Sentinel-2,14,2022-07-01 to 2022-08-01,,True
Bhola,2022,8,August,0.0628187267415414,S2-Standard,Sentinel-2,13,2022-08-01 to 2022-09-01,,True
Bhola,2022,9,September,0.23346590557421398,S2-Standard,Sentinel-2,16,2022-09-01 to 2022-10-01,,True
Bhola,2022,10,October,0.4215271980368956,S2-Standard,Sentinel-2,16,2022-10-01 to 2022-11-01,,True
Bhola,2022,11,November,0.42951906960799735,S2-Standard,Sentinel-2,26,2022-11-01 to 2022-12-01,,True
Bhola,2022,12,December,0.2620954557342561,S2-Standard,Sentinel-2,22,2022-12-01 to 2023-01-01,,True
Bogra,2022,1,January,0.31242803126164737,S2-Standard,Sentinel-2,12,2022-01-01 to 2022-02-01,,True
Bogra,2022,2,February,0.39079019587715896,S2-Standard,Sentinel-2,16,2022-02-01 to 2022-03-01,,True
Bogra,2022,3,March,0.5031143822226227,S2-Standard,Sentinel-2,18,2022-03-01 to 2022-04-01,,True
Bogra,2022,4,April,0.39745578195031495,S2-Standard,Sentinel-2,14,2022-04-01 to 2022-05-01,,True
Bogra,2022,5,May,0.27646876806829784,S2-Standard,Sentinel-2,15,2022-05-01 to 2022-06-01,,True
Bogra,2022,6,June,0.11863137633394895,S2-Standard,Sentinel-2,4,2022-06-01 to 2022-07-01,,True
Bogra,2022,7,July,0.2857453203994977,S2-Standard,Sentinel-2,9,2022-07-01 to 2022-08-01,,True
Bogra,2022,8,August,0.14584544637230867,S2-Standard,Sentinel-2,12,2022-08-01 to 2022-09-01,,True
Bogra,2022,9,September,0.2859644007903595,S2-Standard,Sentinel-2,10,2022-09-01 to 2022-10-01,,True
Bogra,2022,10,October,0.6043189721273731,S2-Standard,Sentinel-2,19,2022-10-01 to 2022-11-01,,True
Bogra,2022,11,November,0.4866866462303992,S2-Standard,Sentinel-2,18,2022-11-01 to 2022-12-01,,True
Bogra,2022,12,December,0.31443415265190144,S2-Standard,Sentinel-2,16,2022-12-01 to 2023-01-01,,True
Brahamanbaria,2022,1,January,0.2811509765621612,S2-Standard,Sentinel-2,21,2022-01-01 to 2022-02-01,,True
Brahamanbaria,2022,2,February,0.39091901948184715,S2-Standard,Sentinel-2,12,2022-02-01 to 2022-03-01,,True
Brahamanbaria,2022,3,March,0.6120203918074798,S2-Standard,Sentinel-2,18,2022-03-01 to 2022-04-01,,True
Brahamanbaria,2022,4,April,0.4667222562628336,S2-Standard,Sentinel-2,15,2022-04-01 to 2022-05-01,,True
Brahamanbaria,2022,5,May,0.23711682970037842,S2-Standard,Sentinel-2,15,2022-05-01 to 2022-06-01,,True
Brahamanbaria,2022,6,June,0.05715390998371294,S2-Standard,Sentinel-2,7,2022-06-01 to 2022-07-01,,True
Brahamanbaria,2022,7,July,0.18806460157237104,S2-Standard,Sentinel-2,6,2022-07-01 to 2022-08-01,,True
Brahamanbaria,2022,8,August,0.22315729148974056,S2-Standard,Sentinel-2,16,2022-08-01 to 2022-09-01,,True
Brahamanbaria,2022,9,September,0.24307119041918385,S2-Standard,Sentinel-2,10,2022-09-01 to 2022-10-01,,True
Brahamanbaria,2022,10,October,0.41834569170310004,S2-Standard,Sentinel-2,13,2022-10-01 to 2022-11-01,,True
Brahamanbaria,2022,11,November,0.4832769726821609,S2-Standard,Sentinel-2,18,2022-11-01 to 2022-12-01,,True
Brahamanbaria,2022,12,December,0.33471519911175396,S2-Standard,Sentinel-2,18,2022-12-01 to 2023-01-01,,True
Chandpur,2022,1,January,0.303030026749074,S2-Standard,Sentinel-2,28,2022-01-01 to 2022-02-01,,True
Chandpur,2022,2,February,0.3913421262911484,S2-Standard,Sentinel-2,18,2022-02-01 to 2022-03-01,,True
Chandpur,2022,3,March,0.48596745738523855,S2-Standard,Sentinel-2,24,2022-03-01 to 2022-04-01,,True
Chandpur,2022,4,April,0.2824497786894116,S2-Standard,Sentinel-2,20,2022-04-01 to 2022-05-01,,True
Chandpur,2022,5,May,0.24428495099865305,S2-Standard,Sentinel-2,20,2022-05-01 to 2022-06-01,,True
Chandpur,2022,6,June,0.2069406843342435,S2-Standard,Sentinel-2,11,2022-06-01 to 2022-07-01,,True
Chandpur,2022,7,July,0.3248166463103474,S2-Standard,Sentinel-2,12,2022-07-01 to 2022-08-01,,True
Chandpur,2022,8,August,0.21569112864249743,S2-Standard,Sentinel-2,18,2022-08-01 to 2022-09-01,,True
Chandpur,2022,9,September,0.2851182395817753,S2-Standard,Sentinel-2,14,2022-09-01 to 2022-10-01,,True
Chandpur,2022,10,October,0.5270362529660546,S2-Standard,Sentinel-2,16,2022-10-01 to 2022-11-01,,True
Chandpur,2022,11,November,0.511193701275472,S2-Standard,Sentinel-2,24,2022-11-01 to 2022-12-01,,True
Chandpur,2022,12,December,0.4066104245438057,S2-Standard,Sentinel-2,22,2022-12-01 to 2023-01-01,,True
Chittagong,2022,1,January,0.5249827607431998,S2-Standard,Sentinel-2,34,2022-01-01 to 2022-02-01,,True
Chittagong,2022,2,February,0.5031925773161925,S2-Standard,Sentinel-2,32,2022-02-01 to 2022-03-01,,True
Chittagong,2022,3,March,0.48029037718540446,S2-Standard,Sentinel-2,35,2022-03-01 to 2022-04-01,,True
Chittagong,2022,4,April,0.34061327857655416,S2-Standard,Sentinel-2,35,2022-04-01 to 2022-05-01,,True
Chittagong,2022,5,May,0.291756878234579,S2-Standard,Sentinel-2,26,2022-05-01 to 2022-06-01,,True
Chittagong,2022,6,June,0.29688271503003394,S2-Standard,Sentinel-2,21,2022-06-01 to 2022-07-01,,True
Chittagong,2022,7,July,0.4592212447118667,S2-Standard,Sentinel-2,24,2022-07-01 to 2022-08-01,,True
Chittagong,2022,8,August,0.24720742715273242,S2-Standard,Sentinel-2,26,2022-08-01 to 2022-09-01,,True
Chittagong,2022,9,September,0.43682713308340887,S2-Standard,Sentinel-2,24,2022-09-01 to 2022-10-01,,True
Chittagong,2022,10,October,0.6563726676016034,S2-Standard,Sentinel-2,32,2022-10-01 to 2022-11-01,,True
Chittagong,2022,11,November,0.6490491736260601,S2-Standard,Sentinel-2,36,2022-11-01 to 2022-12-01,,True
Chittagong,2022,12,December,0.5418237288330188,S2-Standard,Sentinel-2,36,2022-12-01 to 2023-01-01,,True
Chuadanga,2022,1,January,0.5031852308806458,S2-Standard,Sentinel-2,12,2022-01-01 to 2022-02-01,,True
Chuadanga,2022,2,February,0.5937943182711736,S2-Standard,Sentinel-2,17,2022-02-01 to 2022-03-01,,True
Chuadanga,2022,3,March,0.6064678529651709,S2-Standard,Sentinel-2,18,2022-03-01 to 2022-04-01,,True
Chuadanga,2022,4,April,0.4685908909016339,S2-Standard,Sentinel-2,18,2022-04-01 to 2022-05-01,,True
Chuadanga,2022,5,May,0.37296792579872107,S2-Standard,Sentinel-2,14,2022-05-01 to 2022-06-01,,True
Chuadanga,2022,6,June,0.3525594225872085,S2-Standard,Sentinel-2,6,2022-06-01 to 2022-07-01,,True
Chuadanga,2022,7,July,0.31294353375405837,S2-Standard,Sentinel-2,12,2022-07-01 to 2022-08-01,,True
Chuadanga,2022,8,August,0.40485327790915865,S2-Standard,Sentinel-2,12,2022-08-01 to 2022-09-01,,True
Chuadanga,2022,9,September,0.1390385944438268,S2-Standard,Sentinel-2,9,2022-09-01 to 2022-10-01,,True
Chuadanga,2022,10,October,0.6058950868858013,S2-Standard,Sentinel-2,21,2022-10-01 to 2022-11-01,,True
Chuadanga,2022,11,November,0.5781108306077708,S2-Standard,Sentinel-2,18,2022-11-01 to 2022-12-01,,True
Chuadanga,2022,12,December,0.44809051568805824,S2-Standard,Sentinel-2,18,2022-12-01 to 2023-01-01,,True
Comilla,2022,1,January,0.3645708248943419,S2-Standard,Sentinel-2,41,2022-01-01 to 2022-02-01,,True
Comilla,2022,2,February,0.4346417753677448,S2-Standard,Sentinel-2,26,2022-02-01 to 2022-03-01,,True
Comilla,2022,3,March,0.5910383419566766,S2-Standard,Sentinel-2,36,2022-03-01 to 2022-04-01,,True
Comilla,2022,4,April,0.27995731400614343,S2-Standard,Sentinel-2,31,2022-04-01 to 2022-05-01,,True
Comilla,2022,5,May,0.26617856230561515,S2-Standard,Sentinel-2,30,2022-05-01 to 2022-06-01,,True
Comilla,2022,6,June,0.13379737605856418,S2-Standard,Sentinel-2,16,2022-06-01 to 2022-07-01,,True
Comilla,2022,7,July,0.4432566265522507,S2-Standard,Sentinel-2,17,2022-07-01 to 2022-08-01,,True
Comilla,2022,8,August,0.23420267990416166,S2-Standard,Sentinel-2,30,2022-08-01 to 2022-09-01,,True
Comilla,2022,9,September,0.34875960831302844,S2-Standard,Sentinel-2,23,2022-09-01 to 2022-10-01,,True
Comilla,2022,10,October,0.6260474113432829,S2-Standard,Sentinel-2,26,2022-10-01 to 2022-11-01,,True
Comilla,2022,11,November,0.6332118144284202,S2-Standard,Sentinel-2,36,2022-11-01 to 2022-12-01,,True
Comilla,2022,12,December,0.4591086341017765,S2-Standard,Sentinel-2,34,2022-12-01 to 2023-01-01,,True
Cox's Bazar,2022,1,January,0.4603922198041147,S2-Standard,Sentinel-2,29,2022-01-01 to 2022-02-01,,True
Cox's Bazar,2022,2,February,0.46134616449229254,S2-Standard,Sentinel-2,30,2022-02-01 to 2022-03-01,,True
Cox's Bazar,2022,3,March,0.4628693746612334,S2-Standard,Sentinel-2,30,2022-03-01 to 2022-04-01,,True
Cox's Bazar,2022,4,April,0.362233654035479,S2-Standard,Sentinel-2,30,2022-04-01 to 2022-05-01,,True
Cox's Bazar,2022,5,May,0.280567372051847,S2-Standard,Sentinel-2,21,2022-05-01 to 2022-06-01,,True
Cox's Bazar,2022,6,June,0.3290250380015852,S2-Standard,Sentinel-2,18,2022-06-01 to 2022-07-01,,True
Cox's Bazar,2022,7,July,0.3617584244219423,S2-Standard,Sentinel-2,23,2022-07-01 to 2022-08-01,,True
Cox's Bazar,2022,8,August,0.3524293584290747,S2-Standard,Sentinel-2,23,2022-08-01 to 2022-09-01,,True
Cox's Bazar,2022,9,September,0.28665258499581064,S2-Standard,Sentinel-2,9,2022-09-01 to 2022-10-01,,True
Cox's Bazar,2022,10,October,0.5920513052550939,S2-Standard,Sentinel-2,29,2022-10-01 to 2022-11-01,,True
Cox's Bazar,2022,11,November,0.5181658529893575,S2-Standard,Sentinel-2,29,2022-11-01 to 2022-12-01,,True
Cox's Bazar,2022,12,December,0.47975968049309703,S2-Standard,Sentinel-2,30,2022-12-01 to 2023-01-01,,True
Dhaka,2022,1,January,0.3532928976505518,S2-Standard,Sentinel-2,19,2022-01-01 to 2022-02-01,,True
Dhaka,2022,2,February,0.34476729259108607,S2-Standard,Sentinel-2,12,2022-02-01 to 2022-03-01,,True
Dhaka,2022,3,March,0.4340019668066029,S2-Standard,Sentinel-2,18,2022-03-01 to 2022-04-01,,True
Dhaka,2022,4,April,0.20532801977502396,S2-Standard,Sentinel-2,14,2022-04-01 to 2022-05-01,,True
Dhaka,2022,5,May,0.2739750686969379,S2-Standard,Sentinel-2,16,2022-05-01 to 2022-06-01,,True
Dhaka,2022,6,June,0.2388020657596918,S2-Standard,Sentinel-2,8,2022-06-01 to 2022-07-01,,True
Dhaka,2022,7,July,0.2359514042907517,S2-Standard,Sentinel-2,8,2022-07-01 to 2022-08-01,,True
Dhaka,2022,8,August,0.16170853688104717,S2-Standard,Sentinel-2,13,2022-08-01 to 2022-09-01,,True
Dhaka,2022,9,September,0.3278518747499494,S2-Standard,Sentinel-2,10,2022-09-01 to 2022-10-01,,True
Dhaka,2022,10,October,0.42014379344061004,S2-Standard,Sentinel-2,12,2022-10-01 to 2022-11-01,,True
Dhaka,2022,11,November,0.46376155232326266,S2-Standard,Sentinel-2,18,2022-11-01 to 2022-12-01,,True
Dhaka,2022,12,December,0.37295817061241476,S2-Standard,Sentinel-2,17,2022-12-01 to 2023-01-01,,True
Dinajpur,2022,1,January,0.3363010381782366,S2-Standard,Sentinel-2,13,2022-01-01 to 2022-02-01,,True
Dinajpur,2022,2,February,0.40423359909132023,S2-Standard,Sentinel-2,24,2022-02-01 to 2022-03-01,,True
Dinajpur,2022,3,March,0.5768919544682428,S2-Standard,Sentinel-2,22,2022-03-01 to 2022-04-01,,True
Dinajpur,2022,4,April,0.3864902076658625,S2-Standard,Sentinel-2,18,2022-04-01 to 2022-05-01,,True
Dinajpur,2022,5,May,0.3916540989397346,S2-Standard,Sentinel-2,17,2022-05-01 to 2022-06-01,,True
Dinajpur,2022,6,June,0.06547333308727914,S2-Standard,Sentinel-2,6,2022-06-01 to 2022-07-01,,True
Dinajpur,2022,7,July,0.1911947455467423,S2-Standard,Sentinel-2,16,2022-07-01 to 2022-08-01,,True
Dinajpur,2022,8,August,0.2318182627073085,S2-Standard,Sentinel-2,15,2022-08-01 to 2022-09-01,,True
Dinajpur,2022,9,September,0.3510443820127166,S2-Standard,Sentinel-2,14,2022-09-01 to 2022-10-01,,True
Dinajpur,2022,10,October,0.6968213826970469,S2-Standard,Sentinel-2,28,2022-10-01 to 2022-11-01,,True
Dinajpur,2022,11,November,0.5334847342658163,S2-Standard,Sentinel-2,24,2022-11-01 to 2022-12-01,,True
Dinajpur,2022,12,December,0.2906194740532874,S2-Standard,Sentinel-2,23,2022-12-01 to 2023-01-01,,True
Faridpur,2022,1,January,0.4044204909178377,S2-Standard,Sentinel-2,47,2022-01-01 to 2022-02-01,,True
Faridpur,2022,2,February,0.47463736191410855,S2-Standard,Sentinel-2,38,2022-02-01 to 2022-03-01,,True
Faridpur,2022,3,March,0.5101997893014788,S2-Standard,Sentinel-2,48,2022-03-01 to 2022-04-01,,True
Faridpur,2022,4,April,0.15967160457980098,S2-Standard,Sentinel-2,41,2022-04-01 to 2022-05-01,,True
Faridpur,2022,5,May,0.5012944760184437,S2-Standard,Sentinel-2,41,2022-05-01 to 2022-06-01,,True
Faridpur,2022,6,June,0.2985891466935776,S2-Standard,Sentinel-2,19,2022-06-01 to 2022-07-01,,True
Faridpur,2022,7,July,0.1922260030735255,S2-Standard,Sentinel-2,29,2022-07-01 to 2022-08-01,,True
Faridpur,2022,8,August,0.23439874360396523,S2-Standard,Sentinel-2,31,2022-08-01 to 2022-09-01,,True
Faridpur,2022,9,September,0.36070179991411994,S2-Standard,Sentinel-2,28,2022-09-01 to 2022-10-01,,True
Faridpur,2022,10,October,0.5571700752994787,S2-Standard,Sentinel-2,37,2022-10-01 to 2022-11-01,,True
Faridpur,2022,11,November,0.5431138624575879,S2-Standard,Sentinel-2,48,2022-11-01 to 2022-12-01,,True
Faridpur,2022,12,December,0.3585719698538986,S2-Standard,Sentinel-2,44,2022-12-01 to 2023-01-01,,True
Feni,2022,1,January,0.42633000659711234,S2-Standard,Sentinel-2,6,2022-01-01 to 2022-02-01,,True
Feni,2022,2,February,0.4589202557758623,S2-Standard,Sentinel-2,4,2022-02-01 to 2022-03-01,,True
Feni,2022,3,March,0.5023790786684436,S2-Standard,Sentinel-2,6,2022-03-01 to 2022-04-01,,True
Feni,2022,4,April,0.3154547680727988,S2-Standard,Sentinel-2,6,2022-04-01 to 2022-05-01,,True
Feni,2022,5,May,0.21072116526159626,S2-Standard,Sentinel-2,5,2022-05-01 to 2022-06-01,,True
Feni,2022,6,June,0.05070266681477096,S2-Standard,Sentinel-2,3,2022-06-01 to 2022-07-01,,True
Feni,2022,7,July,0.34205793802098894,S2-Standard,Sentinel-2,3,2022-07-01 to 2022-08-01,,True
Feni,2022,8,August,0.17275129739031062,S2-Standard,Sentinel-2,6,2022-08-01 to 2022-09-01,,True
Feni,2022,9,September,0.3828643827818602,S2-Standard,Sentinel-2,5,2022-09-01 to 2022-10-01,,True
Feni,2022,10,October,0.6864048324722554,S2-Standard,Sentinel-2,5,2022-10-01 to 2022-11-01,,True
Feni,2022,11,November,0.6568684139549554,S2-Standard,Sentinel-2,6,2022-11-01 to 2022-12-01,,True
Feni,2022,12,December,0.4082268131916088,S2-Standard,Sentinel-2,6,2022-12-01 to 2023-01-01,,True
Gaibandha,2022,1,January,0.24464022943041366,S2-Standard,Sentinel-2,17,2022-01-01 to 2022-02-01,,True
Gaibandha,2022,2,February,0.3434167606212545,S2-Standard,Sentinel-2,19,2022-02-01 to 2022-03-01,,True
Gaibandha,2022,3,March,0.5052634601391561,S2-Standard,Sentinel-2,23,2022-03-01 to 2022-04-01,,True
Gaibandha,2022,4,April,0.2560613395709359,S2-Standard,Sentinel-2,15,2022-04-01 to 2022-05-01,,True
Gaibandha,2022,5,May,0.29095077659962193,S2-Standard,Sentinel-2,19,2022-05-01 to 2022-06-01,,True
Gaibandha,2022,6,June,0.021317452986540024,S2-Standard,Sentinel-2,5,2022-06-01 to 2022-07-01,,True
Gaibandha,2022,7,July,0.29620632739673763,S2-Standard,Sentinel-2,13,2022-07-01 to 2022-08-01,,True
Gaibandha,2022,8,August,0.1862351151714448,S2-Standard,Sentinel-2,16,2022-08-01 to 2022-09-01,,True
Gaibandha,2022,9,September,0.3094345807109266,S2-Standard,Sentinel-2,13,2022-09-01 to 2022-10-01,,True
Gaibandha,2022,10,October,0.5191748931888249,S2-Standard,Sentinel-2,24,2022-10-01 to 2022-11-01,,True
Gaibandha,2022,11,November,0.47252789228515707,S2-Standard,Sentinel-2,23,2022-11-01 to 2022-12-01,,True
Gaibandha,2022,12,December,0.25112776880668247,S2-Standard,Sentinel-2,22,2022-12-01 to 2023-01-01,,True
Gazipur,2022,1,January,0.4065387135241315,S2-Standard,Sentinel-2,26,2022-01-01 to 2022-02-01,,True
Gazipur,2022,2,February,0.3482783737758274,S2-Standard,Sentinel-2,16,2022-02-01 to 2022-03-01,,True
Gazipur,2022,3,March,0.5111937838721802,S2-Standard,Sentinel-2,24,2022-03-01 to 2022-04-01,,True
Gazipur,2022,4,April,0.30132994803033913,S2-Standard,Sentinel-2,20,2022-04-01 to 2022-05-01,,True
Gazipur,2022,5,May,0.26428142272067146,S2-Standard,Sentinel-2,20,2022-05-01 to 2022-06-01,,True
Gazipur,2022,6,June,0.11018109371982981,S2-Standard,Sentinel-2,7,2022-06-01 to 2022-07-01,,True
Gazipur,2022,7,July,0.3447734668324618,S2-Standard,Sentinel-2,8,2022-07-01 to 2022-08-01,,True
Gazipur,2022,8,August,0.0798820916389187,S2-Standard,Sentinel-2,20,2022-08-01 to 2022-09-01,,True
Gazipur,2022,9,September,0.3255431189635358,S2-Standard,Sentinel-2,10,2022-09-01 to 2022-10-01,,True
Gazipur,2022,10,October,0.5223462850901985,S2-Standard,Sentinel-2,16,2022-10-01 to 2022-11-01,,True
Gazipur,2022,11,November,0.6351801312217112,S2-Standard,Sentinel-2,24,2022-11-01 to 2022-12-01,,True
Gazipur,2022,12,December,0.503080146381813,S2-Standard,Sentinel-2,24,2022-12-01 to 2023-01-01,,True
Gopalganj,2022,1,January,0.3854395052976016,S2-Standard,Sentinel-2,21,2022-01-01 to 2022-02-01,,True
Gopalganj,2022,2,February,0.45459333821461123,S2-Standard,Sentinel-2,14,2022-02-01 to 2022-03-01,,True
Gopalganj,2022,3,March,0.6330877335678394,S2-Standard,Sentinel-2,18,2022-03-01 to 2022-04-01,,True
Gopalganj,2022,4,April,0.36562457122307906,S2-Standard,Sentinel-2,15,2022-04-01 to 2022-05-01,,True
Gopalganj,2022,5,May,0.3983745038075617,S2-Standard,Sentinel-2,17,2022-05-01 to 2022-06-01,,True
Gopalganj,2022,6,June,0.35870296957759445,S2-Standard,Sentinel-2,9,2022-06-01 to 2022-07-01,,True
Gopalganj,2022,7,July,0.3497550691217142,S2-Standard,Sentinel-2,13,2022-07-01 to 2022-08-01,,True
Gopalganj,2022,8,August,0.373290152738146,S2-Standard,Sentinel-2,10,2022-08-01 to 2022-09-01,,True
Gopalganj,2022,9,September,0.47927022953608267,S2-Standard,Sentinel-2,12,2022-09-01 to 2022-10-01,,True
Gopalganj,2022,10,October,0.6266318567705287,S2-Standard,Sentinel-2,12,2022-10-01 to 2022-11-01,,True
Gopalganj,2022,11,November,0.6431246483263354,S2-Standard,Sentinel-2,18,2022-11-01 to 2022-12-01,,True
Gopalganj,2022,12,December,0.4609106854805545,S2-Standard,Sentinel-2,15,2022-12-01 to 2023-01-01,,True
Habiganj,2022,1,January,0.2661294631608376,S2-Standard,Sentinel-2,14,2022-01-01 to 2022-02-01,,True
Habiganj,2022,2,February,0.47306585383689764,S2-Standard,Sentinel-2,7,2022-02-01 to 2022-03-01,,True
Habiganj,2022,3,March,0.6014605348999472,S2-Standard,Sentinel-2,12,2022-03-01 to 2022-04-01,,True
Habiganj,2022,4,April,0.40941057001844394,S2-Standard,Sentinel-2,10,2022-04-01 to 2022-05-01,,True
Habiganj,2022,5,May,0.21855600154896723,S2-Standard,Sentinel-2,10,2022-05-01 to 2022-06-01,,True
Habiganj,2022,6,June,0.14049588469086674,S2-Standard,Sentinel-2,2,2022-06-01 to 2022-07-01,,True
Habiganj,2022,7,July,0.245932692591611,S2-Standard,Sentinel-2,5,2022-07-01 to 2022-08-01,,True
Habiganj,2022,8,August,0.15482942097658245,S2-Standard,Sentinel-2,10,2022-08-01 to 2022-09-01,,True
Habiganj,2022,9,September,0.23991036512056818,S2-Standard,Sentinel-2,7,2022-09-01 to 2022-10-01,,True
Habiganj,2022,10,October,0.45889587481196004,S2-Standard,Sentinel-2,10,2022-10-01 to 2022-11-01,,True
Habiganj,2022,11,November,0.49027671709728204,S2-Standard,Sentinel-2,12,2022-11-01 to 2022-12-01,,True
Habiganj,2022,12,December,0.2933653211174028,S2-Standard,Sentinel-2,12,2022-12-01 to 2023-01-01,,True
Jamalpur,2022,1,January,0.3204199651621038,S2-Standard,Sentinel-2,37,2022-01-01 to 2022-02-01,,True
Jamalpur,2022,2,February,0.3849267622873427,S2-Standard,Sentinel-2,39,2022-02-01 to 2022-03-01,,True
Jamalpur,2022,3,March,0.5278123755787749,S2-Standard,Sentinel-2,45,2022-03-01 to 2022-04-01,,True
Jamalpur,2022,4,April,0.22030338039021416,S2-Standard,Sentinel-2,33,2022-04-01 to 2022-05-01,,True
Jamalpur,2022,5,May,0.22564932913648753,S2-Standard,Sentinel-2,37,2022-05-01 to 2022-06-01,,True
Jamalpur,2022,6,June,0.06606205173459227,S2-Standard,Sentinel-2,7,2022-06-01 to 2022-07-01,,True
Jamalpur,2022,7,July,0.2646026336761234,S2-Standard,Sentinel-2,25,2022-07-01 to 2022-08-01,,True
Jamalpur,2022,8,August,0.1648097082920677,S2-Standard,Sentinel-2,32,2022-08-01 to 2022-09-01,,True
Jamalpur,2022,9,September,0.18275770720357312,S2-Standard,Sentinel-2,21,2022-09-01 to 2022-10-01,,True
Jamalpur,2022,10,October,0.5680638462794619,S2-Standard,Sentinel-2,46,2022-10-01 to 2022-11-01,,True
Jamalpur,2022,11,November,0.516399347268738,S2-Standard,Sentinel-2,47,2022-11-01 to 2022-12-01,,True
Jamalpur,2022,12,December,0.4257361694326304,S2-Standard,Sentinel-2,44,2022-12-01 to 2023-01-01,,True
Jessore,2022,1,January,0.44750738830189846,S2-Standard,Sentinel-2,14,2022-01-01 to 2022-02-01,,True
Jessore,2022,2,February,0.4688805230475235,S2-Standard,Sentinel-2,15,2022-02-01 to 2022-03-01,,True
Jessore,2022,3,March,0.6067794453589154,S2-Standard,Sentinel-2,18,2022-03-01 to 2022-04-01,,True
Jessore,2022,4,April,0.5094016354846946,S2-Standard,Sentinel-2,19,2022-04-01 to 2022-05-01,,True
Jessore,2022,5,May,0.39857539469160574,S2-Standard,Sentinel-2,15,2022-05-01 to 2022-06-01,,True
Jessore,2022,6,June,0.18783039077623662,S2-Standard,Sentinel-2,5,2022-06-01 to 2022-07-01,,True
Jessore,2022,7,July,0.2644109823157027,S2-Standard,Sentinel-2,13,2022-07-01 to 2022-08-01,,True
Jessore,2022,8,August,0.32896964231163844,S2-Standard,Sentinel-2,10,2022-08-01 to 2022-09-01,,True
Jessore,2022,9,September,0.3838945484874524,S2-Standard,Sentinel-2,10,2022-09-01 to 2022-10-01,,True
Jessore,2022,10,October,0.7028498240366357,S2-Standard,Sentinel-2,17,2022-10-01 to 2022-11-01,,True
Jessore,2022,11,November,0.5761013650280524,S2-Standard,Sentinel-2,20,2022-11-01 to 2022-12-01,,True
Jessore,2022,12,December,0.41676818449697983,S2-Standard,Sentinel-2,17,2022-12-01 to 2023-01-01,,True
Jhalokati,2022,1,January,0.39804823731907646,S2-Standard,Sentinel-2,26,2022-01-01 to 2022-02-01,,True
Jhalokati,2022,2,February,0.41529841856725574,S2-Standard,Sentinel-2,20,2022-02-01 to 2022-03-01,,True
Jhalokati,2022,3,March,0.5179106140943847,S2-Standard,Sentinel-2,24,2022-03-01 to 2022-04-01,,True
Jhalokati,2022,4,April,0.3844964290526782,S2-Standard,Sentinel-2,22,2022-04-01 to 2022-05-01,,True
Jhalokati,2022,5,May,0.44672518378791215,S2-Standard,Sentinel-2,20,2022-05-01 to 2022-06-01,,True
Jhalokati,2022,6,June,0.31981538139565413,S2-Standard,Sentinel-2,12,2022-06-01 to 2022-07-01,,True
Jhalokati,2022,7,July,0.3997108859765451,S2-Standard,Sentinel-2,14,2022-07-01 to 2022-08-01,,True
Jhalokati,2022,8,August,0.25774184547379886,S2-Standard,Sentinel-2,13,2022-08-01 to 2022-09-01,,True
Jhalokati,2022,9,September,0.49886079700062097,S2-Standard,Sentinel-2,16,2022-09-01 to 2022-10-01,,True
Jhalokati,2022,10,October,0.6984104731100329,S2-Standard,Sentinel-2,16,2022-10-01 to 2022-11-01,,True
Jhalokati,2022,11,November,0.7413763264744606,S2-Standard,Sentinel-2,24,2022-11-01 to 2022-12-01,,True
Jhalokati,2022,12,December,0.5645420349590545,S2-Standard,Sentinel-2,22,2022-12-01 to 2023-01-01,,True
Jhenaidah,2022,1,January,0.4451787298559849,S2-Standard,Sentinel-2,27,2022-01-01 to 2022-02-01,,True
Jhenaidah,2022,2,February,0.5172636126901161,S2-Standard,Sentinel-2,31,2022-02-01 to 2022-03-01,,True
Jhenaidah,2022,3,March,0.6072717913709762,S2-Standard,Sentinel-2,36,2022-03-01 to 2022-04-01,,True
Jhenaidah,2022,4,April,0.4932941383053687,S2-Standard,Sentinel-2,33,2022-04-01 to 2022-05-01,,True
Jhenaidah,2022,5,May,0.408777297617167,S2-Standard,Sentinel-2,31,2022-05-01 to 2022-06-01,,True
Jhenaidah,2022,6,June,0.3144404421042321,S2-Standard,Sentinel-2,12,2022-06-01 to 2022-07-01,,True
Jhenaidah,2022,7,July,0.25157248092245443,S2-Standard,Sentinel-2,25,2022-07-01 to 2022-08-01,,True
Jhenaidah,2022,8,August,0.3584825905341126,S2-Standard,Sentinel-2,21,2022-08-01 to 2022-09-01,,True
Jhenaidah,2022,9,September,0.32208855987825824,S2-Standard,Sentinel-2,20,2022-09-01 to 2022-10-01,,True
Jhenaidah,2022,10,October,0.7437649112435227,S2-Standard,Sentinel-2,35,2022-10-01 to 2022-11-01,,True
Jhenaidah,2022,11,November,0.5856887814533969,S2-Standard,Sentinel-2,36,2022-11-01 to 2022-12-01,,True
Jhenaidah,2022,12,December,0.3797805611465307,S2-Standard,Sentinel-2,34,2022-12-01 to 2023-01-01,,True
Joypurhat,2022,1,January,0.43592807199776434,S2-Standard,Sentinel-2,13,2022-01-01 to 2022-02-01,,True
Joypurhat,2022,2,February,0.40134932467279355,S2-Standard,Sentinel-2,24,2022-02-01 to 2022-03-01,,True
Joypurhat,2022,3,March,0.48712031221694485,S2-Standard,Sentinel-2,22,2022-03-01 to 2022-04-01,,True
Joypurhat,2022,4,April,0.5481632788078854,S2-Standard,Sentinel-2,18,2022-04-01 to 2022-05-01,,True
Joypurhat,2022,5,May,0.39440389628940775,S2-Standard,Sentinel-2,17,2022-05-01 to 2022-06-01,,True
Joypurhat,2022,6,June,0.13360783706659932,S2-Standard,Sentinel-2,6,2022-06-01 to 2022-07-01,,True
Joypurhat,2022,7,July,0.27411858923150734,S2-Standard,Sentinel-2,16,2022-07-01 to 2022-08-01,,True
Joypurhat,2022,8,August,0.13406789931638347,S2-Standard,Sentinel-2,15,2022-08-01 to 2022-09-01,,True
Joypurhat,2022,9,September,0.31941070689798773,S2-Standard,Sentinel-2,14,2022-09-01 to 2022-10-01,,True
Joypurhat,2022,10,October,0.6950315134846194,S2-Standard,Sentinel-2,28,2022-10-01 to 2022-11-01,,True
Joypurhat,2022,11,November,0.495012034982754,S2-Standard,Sentinel-2,24,2022-11-01 to 2022-12-01,,True
Joypurhat,2022,12,December,0.29688527128321934,S2-Standard,Sentinel-2,23,2022-12-01 to 2023-01-01,,True
Khagrachhari,2022,1,January,0.7127123618717103,S2-Standard,Sentinel-2,48,2022-01-01 to 2022-02-01,,True
Khagrachhari,2022,2,February,0.6273542204861793,S2-Standard,Sentinel-2,39,2022-02-01 to 2022-03-01,,True
Khagrachhari,2022,3,March,0.5737845474176946,S2-Standard,Sentinel-2,47,2022-03-01 to 2022-04-01,,True
Khagrachhari,2022,4,April,0.3194542381207939,S2-Standard,Sentinel-2,51,2022-04-01 to 2022-05-01,,True
Khagrachhari,2022,5,May,0.36441985948017924,S2-Standard,Sentinel-2,38,2022-05-01 to 2022-06-01,,True
Khagrachhari,2022,6,June,0.23207010945152917,S2-Standard,Sentinel-2,21,2022-06-01 to 2022-07-01,,True
Khagrachhari,2022,7,July,0.5632408079214678,S2-Standard,Sentinel-2,29,2022-07-01 to 2022-08-01,,True
Khagrachhari,2022,8,August,0.5047117029912593,S2-Standard,Sentinel-2,40,2022-08-01 to 2022-09-01,,True
Khagrachhari,2022,9,September,0.3382196284333821,S2-Standard,Sentinel-2,35,2022-09-01 to 2022-10-01,,True
Khagrachhari,2022,10,October,0.7650947268938538,S2-Standard,Sentinel-2,40,2022-10-01 to 2022-11-01,,True
Khagrachhari,2022,11,November,0.8046879631390788,S2-Standard,Sentinel-2,48,2022-11-01 to 2022-12-01,,True
Khagrachhari,2022,12,December,0.7269174609559165,S2-Standard,Sentinel-2,47,2022-12-01 to 2023-01-01,,True
Khulna,2022,1,January,0.4342237814545653,S2-Standard,Sentinel-2,29,2022-01-01 to 2022-02-01,,True
Khulna,2022,2,February,0.4395870026247023,S2-Standard,Sentinel-2,26,2022-02-01 to 2022-03-01,,True
Khulna,2022,3,March,0.49793239528220523,S2-Standard,Sentinel-2,29,2022-03-01 to 2022-04-01,,True
Khulna,2022,4,April,0.2547487058378869,S2-Standard,Sentinel-2,29,2022-04-01 to 2022-05-01,,True
Khulna,2022,5,May,0.2474562801358325,S2-Standard,Sentinel-2,25,2022-05-01 to 2022-06-01,,True
Khulna,2022,6,June,0.2015083923668761,S2-Standard,Sentinel-2,9,2022-06-01 to 2022-07-01,,True
Khulna,2022,7,July,0.24184357402317558,S2-Standard,Sentinel-2,19,2022-07-01 to 2022-08-01,,True
Khulna,2022,8,August,0.2743240682666131,S2-Standard,Sentinel-2,15,2022-08-01 to 2022-09-01,,True
Khulna,2022,9,September,0.4016941680534377,S2-Standard,Sentinel-2,18,2022-09-01 to 2022-10-01,,True
Khulna,2022,10,October,0.5520675878443635,S2-Standard,Sentinel-2,24,2022-10-01 to 2022-11-01,,True
Khulna,2022,11,November,0.5800102272282405,S2-Standard,Sentinel-2,32,2022-11-01 to 2022-12-01,,True
Khulna,2022,12,December,0.4194859752623969,S2-Standard,Sentinel-2,29,2022-12-01 to 2023-01-01,,True
Kishoreganj,2022,1,January,0.31126990195213033,S2-Standard,Sentinel-2,40,2022-01-01 to 2022-02-01,,True
Kishoreganj,2022,2,February,0.41314488060847093,S2-Standard,Sentinel-2,23,2022-02-01 to 2022-03-01,,True
Kishoreganj,2022,3,March,0.6380676429483706,S2-Standard,Sentinel-2,36,2022-03-01 to 2022-04-01,,True
Kishoreganj,2022,4,April,0.3676092519986164,S2-Standard,Sentinel-2,30,2022-04-01 to 2022-05-01,,True
Kishoreganj,2022,5,May,0.13324253412917686,S2-Standard,Sentinel-2,30,2022-05-01 to 2022-06-01,,True
Kishoreganj,2022,6,June,-0.03366419889778727,S2-Standard,Sentinel-2,9,2022-06-01 to 2022-07-01,,True
Kishoreganj,2022,7,July,0.04662772221039822,S2-Standard,Sentinel-2,13,2022-07-01 to 2022-08-01,,True
Kishoreganj,2022,8,August,0.03526142506698035,S2-Standard,Sentinel-2,30,2022-08-01 to 2022-09-01,,True
Kishoreganj,2022,9,September,0.05082004783589362,S2-Standard,Sentinel-2,17,2022-09-01 to 2022-10-01,,True
Kishoreganj,2022,10,October,0.1918684324560693,S2-Standard,Sentinel-2,26,2022-10-01 to 2022-11-01,,True
Kishoreganj,2022,11,November,0.34610363836772806,S2-Standard,Sentinel-2,36,2022-11-01 to 2022-12-01,,True
Kishoreganj,2022,12,December,0.2840718604506674,S2-Standard,Sentinel-2,36,2022-12-01 to 2023-01-01,,True
Kurigram,2022,1,January,0.26592099495904536,S2-Standard,Sentinel-2,14,2022-01-01 to 2022-02-01,,True
Kurigram,2022,2,February,0.29475901188143705,S2-Standard,Sentinel-2,15,2022-02-01 to 2022-03-01,,True
Kurigram,2022,3,March,0.44469696866492525,S2-Standard,Sentinel-2,16,2022-03-01 to 2022-04-01,,True
Kurigram,2022,4,April,0.22263326272938747,S2-Standard,Sentinel-2,10,2022-04-01 to 2022-05-01,,True
Kurigram,2022,5,May,0.2500938130926464,S2-Standard,Sentinel-2,14,2022-05-01 to 2022-06-01,,True
Kurigram,2022,6,June,0.047463111953617514,S2-Standard,Sentinel-2,3,2022-06-01 to 2022-07-01,,True
Kurigram,2022,7,July,0.2126574194433389,S2-Standard,Sentinel-2,9,2022-07-01 to 2022-08-01,,True
Kurigram,2022,8,August,0.16003812744175988,S2-Standard,Sentinel-2,12,2022-08-01 to 2022-09-01,,True
Kurigram,2022,9,September,0.339929306221639,S2-Standard,Sentinel-2,11,2022-09-01 to 2022-10-01,,True
Kurigram,2022,10,October,0.49230913156546824,S2-Standard,Sentinel-2,18,2022-10-01 to 2022-11-01,,True
Kurigram,2022,11,November,0.4533404465415963,S2-Standard,Sentinel-2,17,2022-11-01 to 2022-12-01,,True
Kurigram,2022,12,December,0.29489335870451844,S2-Standard,Sentinel-2,18,2022-12-01 to 2023-01-01,,True
Kushtia,2022,1,January,0.4366112739616819,S2-Standard,Sentinel-2,12,2022-01-01 to 2022-02-01,,True
Kushtia,2022,2,February,0.5144873456235682,S2-Standard,Sentinel-2,16,2022-02-01 to 2022-03-01,,True
Kushtia,2022,3,March,0.5026391517689011,S2-Standard,Sentinel-2,18,2022-03-01 to 2022-04-01,,True
Kushtia,2022,4,April,0.3702999720630754,S2-Standard,Sentinel-2,16,2022-04-01 to 2022-05-01,,True
Kushtia,2022,5,May,0.2938513007384295,S2-Standard,Sentinel-2,14,2022-05-01 to 2022-06-01,,True
Kushtia,2022,6,June,0.360379678702526,S2-Standard,Sentinel-2,7,2022-06-01 to 2022-07-01,,True
Kushtia,2022,7,July,0.3063360618005153,S2-Standard,Sentinel-2,12,2022-07-01 to 2022-08-01,,True
Kushtia,2022,8,August,0.301738590217574,S2-Standard,Sentinel-2,10,2022-08-01 to 2022-09-01,,True
Kushtia,2022,9,September,0.2595401427302436,S2-Standard,Sentinel-2,10,2022-09-01 to 2022-10-01,,True
Kushtia,2022,10,October,0.6262090914547398,S2-Standard,Sentinel-2,18,2022-10-01 to 2022-11-01,,True
Kushtia,2022,11,November,0.5100774986217015,S2-Standard,Sentinel-2,18,2022-11-01 to 2022-12-01,,True
Kushtia,2022,12,December,0.3382201733296665,S2-Standard,Sentinel-2,17,2022-12-01 to 2023-01-01,,True
Lakshmipur,2022,1,January,0.26352146203140053,S2-Standard,Sentinel-2,26,2022-01-01 to 2022-02-01,,True
Lakshmipur,2022,2,February,0.32996569877096804,S2-Standard,Sentinel-2,20,2022-02-01 to 2022-03-01,,True
Lakshmipur,2022,3,March,0.4099483108021562,S2-Standard,Sentinel-2,24,2022-03-01 to 2022-04-01,,True
Lakshmipur,2022,4,April,0.35618169981294323,S2-Standard,Sentinel-2,22,2022-04-01 to 2022-05-01,,True
Lakshmipur,2022,5,May,0.22059919320658242,S2-Standard,Sentinel-2,20,2022-05-01 to 2022-06-01,,True
Lakshmipur,2022,6,June,0.12894761512652517,S2-Standard,Sentinel-2,12,2022-06-01 to 2022-07-01,,True
Lakshmipur,2022,7,July,0.21691153359032103,S2-Standard,Sentinel-2,14,2022-07-01 to 2022-08-01,,True
Lakshmipur,2022,8,August,0.1735118910859101,S2-Standard,Sentinel-2,13,2022-08-01 to 2022-09-01,,True
Lakshmipur,2022,9,September,0.23523610314622115,S2-Standard,Sentinel-2,16,2022-09-01 to 2022-10-01,,True
Lakshmipur,2022,10,October,0.5253667671733465,S2-Standard,Sentinel-2,16,2022-10-01 to 2022-11-01,,True
Lakshmipur,2022,11,November,0.5368424127097657,S2-Standard,Sentinel-2,24,2022-11-01 to 2022-12-01,,True
Lakshmipur,2022,12,December,0.43005705176283776,S2-Standard,Sentinel-2,22,2022-12-01 to 2023-01-01,,True
Lalmonirhat,2022,1,January,0.36998860740563216,S2-Standard,Sentinel-2,16,2022-01-01 to 2022-02-01,,True
Lalmonirhat,2022,2,February,0.4948821771436415,S2-Standard,Sentinel-2,24,2022-02-01 to 2022-03-01,,True
Lalmonirhat,2022,3,March,0.5685270716402814,S2-Standard,Sentinel-2,20,2022-03-01 to 2022-04-01,,True
Lalmonirhat,2022,4,April,0.4065448627465945,S2-Standard,Sentinel-2,16,2022-04-01 to 2022-05-01,,True
Lalmonirhat,2022,5,May,0.3339137681224553,S2-Standard,Sentinel-2,18,2022-05-01 to 2022-06-01,,True
Lalmonirhat,2022,6,June,0.13874558694669065,S2-Standard,Sentinel-2,6,2022-06-01 to 2022-07-01,,True
Lalmonirhat,2022,7,July,0.1886964255619581,S2-Standard,Sentinel-2,12,2022-07-01 to 2022-08-01,,True
Lalmonirhat,2022,8,August,0.28453607752112453,S2-Standard,Sentinel-2,16,2022-08-01 to 2022-09-01,,True
Lalmonirhat,2022,9,September,0.4453238905714439,S2-Standard,Sentinel-2,18,2022-09-01 to 2022-10-01,,True
Lalmonirhat,2022,10,October,0.6005631769723303,S2-Standard,Sentinel-2,25,2022-10-01 to 2022-11-01,,True
Lalmonirhat,2022,11,November,0.44957691226193247,S2-Standard,Sentinel-2,24,2022-11-01 to 2022-12-01,,True
Lalmonirhat,2022,12,December,0.3275862606305177,S2-Standard,Sentinel-2,24,2022-12-01 to 2023-01-01,,True
Madaripur,2022,1,January,0.39228938471898755,S2-Standard,Sentinel-2,35,2022-01-01 to 2022-02-01,,True
Madaripur,2022,2,February,0.434792084871636,S2-Standard,Sentinel-2,22,2022-02-01 to 2022-03-01,,True
Madaripur,2022,3,March,0.5126870864671587,S2-Standard,Sentinel-2,30,2022-03-01 to 2022-04-01,,True
Madaripur,2022,4,April,0.14589276935038104,S2-Standard,Sentinel-2,25,2022-04-01 to 2022-05-01,,True
Madaripur,2022,5,May,0.3999496888165858,S2-Standard,Sentinel-2,27,2022-05-01 to 2022-06-01,,True
Madaripur,2022,6,June,0.35597420427238025,S2-Standard,Sentinel-2,14,2022-06-01 to 2022-07-01,,True
Madaripur,2022,7,July,0.30150375639748855,S2-Standard,Sentinel-2,17,2022-07-01 to 2022-08-01,,True
Madaripur,2022,8,August,0.2382060091531424,S2-Standard,Sentinel-2,20,2022-08-01 to 2022-09-01,,True
Madaripur,2022,9,September,0.40636510962343086,S2-Standard,Sentinel-2,18,2022-09-01 to 2022-10-01,,True
Madaripur,2022,10,October,0.5680438314099354,S2-Standard,Sentinel-2,20,2022-10-01 to 2022-11-01,,True
Madaripur,2022,11,November,0.5270003205348973,S2-Standard,Sentinel-2,30,2022-11-01 to 2022-12-01,,True
Madaripur,2022,12,December,0.4022075356404387,S2-Standard,Sentinel-2,27,2022-12-01 to 2023-01-01,,True
Magura,2022,1,January,0.424542540711464,S2-Standard,Sentinel-2,19,2022-01-01 to 2022-02-01,,True
Magura,2022,2,February,0.48038351869276347,S2-Standard,Sentinel-2,20,2022-02-01 to 2022-03-01,,True
Magura,2022,3,March,0.5805999045721482,S2-Standard,Sentinel-2,24,2022-03-01 to 2022-04-01,,True
Magura,2022,4,April,0.35163325437366977,S2-Standard,Sentinel-2,21,2022-04-01 to 2022-05-01,,True
Magura,2022,5,May,0.49522913009887054,S2-Standard,Sentinel-2,21,2022-05-01 to 2022-06-01,,True
Magura,2022,6,June,0.3192240072859663,S2-Standard,Sentinel-2,8,2022-06-01 to 2022-07-01,,True
Magura,2022,7,July,0.3068813352363869,S2-Standard,Sentinel-2,17,2022-07-01 to 2022-08-01,,True
Magura,2022,8,August,0.22506369411494018,S2-Standard,Sentinel-2,13,2022-08-01 to 2022-09-01,,True
Magura,2022,9,September,0.3522418035026976,S2-Standard,Sentinel-2,14,2022-09-01 to 2022-10-01,,True
Magura,2022,10,October,0.7173624754929421,S2-Standard,Sentinel-2,21,2022-10-01 to 2022-11-01,,True
Magura,2022,11,November,0.5564517069988566,S2-Standard,Sentinel-2,24,2022-11-01 to 2022-12-01,,True
Magura,2022,12,December,0.38567923372171675,S2-Standard,Sentinel-2,22,2022-12-01 to 2023-01-01,,True
Manikganj,2022,1,January,0.4309266104806672,S2-Standard,Sentinel-2,23,2022-01-01 to 2022-02-01,,True
Manikganj,2022,2,February,0.19946128688814282,S2-Standard,Sentinel-2,18,2022-02-01 to 2022-03-01,,True
Manikganj,2022,3,March,0.43370414952652214,S2-Standard,Sentinel-2,24,2022-03-01 to 2022-04-01,,True
Manikganj,2022,4,April,0.23810856026859303,S2-Standard,Sentinel-2,20,2022-04-01 to 2022-05-01,,True
Manikganj,2022,5,May,0.32587355777316523,S2-Standard,Sentinel-2,20,2022-05-01 to 2022-06-01,,True
Manikganj,2022,6,June,0.1685356100952224,S2-Standard,Sentinel-2,10,2022-06-01 to 2022-07-01,,True
Manikganj,2022,7,July,0.22279349181754093,S2-Standard,Sentinel-2,12,2022-07-01 to 2022-08-01,,True
Manikganj,2022,8,August,0.18128784636677064,S2-Standard,Sentinel-2,17,2022-08-01 to 2022-09-01,,True
Manikganj,2022,9,September,0.41141780929692356,S2-Standard,Sentinel-2,13,2022-09-01 to 2022-10-01,,True
Manikganj,2022,10,October,0.41938395120099653,S2-Standard,Sentinel-2,19,2022-10-01 to 2022-11-01,,True
Manikganj,2022,11,November,0.41854069784747583,S2-Standard,Sentinel-2,24,2022-11-01 to 2022-12-01,,True
Manikganj,2022,12,December,0.3774664093334369,S2-Standard,Sentinel-2,23,2022-12-01 to 2023-01-01,,True
Maulvibazar,2022,1,January,0.37435985881924033,S2-Standard,Sentinel-2,52,2022-01-01 to 2022-02-01,,True
Maulvibazar,2022,2,February,0.48891834543777235,S2-Standard,Sentinel-2,36,2022-02-01 to 2022-03-01,,True
Maulvibazar,2022,3,March,0.5076200516171026,S2-Standard,Sentinel-2,45,2022-03-01 to 2022-04-01,,True
Maulvibazar,2022,4,April,0.37725111111349097,S2-Standard,Sentinel-2,40,2022-04-01 to 2022-05-01,,True
Maulvibazar,2022,5,May,0.22729058838049995,S2-Standard,Sentinel-2,31,2022-05-01 to 2022-06-01,,True
Maulvibazar,2022,6,June,0.2872841543480849,S2-Standard,Sentinel-2,12,2022-06-01 to 2022-07-01,,True
Maulvibazar,2022,7,July,0.3316964980247003,S2-Standard,Sentinel-2,31,2022-07-01 to 2022-08-01,,True
Maulvibazar,2022,8,August,0.22983726099536583,S2-Standard,Sentinel-2,35,2022-08-01 to 2022-09-01,,True
Maulvibazar,2022,9,September,0.40827118881821184,S2-Standard,Sentinel-2,24,2022-09-01 to 2022-10-01,,True
Maulvibazar,2022,10,October,0.5081293337700128,S2-Standard,Sentinel-2,37,2022-10-01 to 2022-11-01,,True
Maulvibazar,2022,11,November,0.6199927514832799,S2-Standard,Sentinel-2,48,2022-11-01 to 2022-12-01,,True
Maulvibazar,2022,12,December,0.4977793993594279,S2-Standard,Sentinel-2,47,2022-12-01 to 2023-01-01,,True
Meherpur,2022,1,January,0.5422238526759723,S2-Standard,Sentinel-2,4,2022-01-01 to 2022-02-01,,True
Meherpur,2022,2,February,0.6363343859653814,S2-Standard,Sentinel-2,6,2022-02-01 to 2022-03-01,,True
Meherpur,2022,3,March,0.5708640413836734,S2-Standard,Sentinel-2,6,2022-03-01 to 2022-04-01,,True
Meherpur,2022,4,April,0.4240959983858737,S2-Standard,Sentinel-2,6,2022-04-01 to 2022-05-01,,True
Meherpur,2022,5,May,0.4393863474141398,S2-Standard,Sentinel-2,5,2022-05-01 to 2022-06-01,,True
Meherpur,2022,6,June,0.4049998628938372,S2-Standard,Sentinel-2,2,2022-06-01 to 2022-07-01,,True
Meherpur,2022,7,July,0.35363864876414464,S2-Standard,Sentinel-2,4,2022-07-01 to 2022-08-01,,True
Meherpur,2022,8,August,0.3930040447526618,S2-Standard,Sentinel-2,4,2022-08-01 to 2022-09-01,,True
Meherpur,2022,9,September,0.1259660232378597,S2-Standard,Sentinel-2,3,2022-09-01 to 2022-10-01,,True
Meherpur,2022,10,October,0.6557736174550848,S2-Standard,Sentinel-2,7,2022-10-01 to 2022-11-01,,True
Meherpur,2022,11,November,0.5774080200216897,S2-Standard,Sentinel-2,6,2022-11-01 to 2022-12-01,,True
Meherpur,2022,12,December,0.4469524389105069,S2-Standard,Sentinel-2,6,2022-12-01 to 2023-01-01,,True
Munshiganj,2022,1,January,0.33903659636647465,S2-Standard,Sentinel-2,28,2022-01-01 to 2022-02-01,,True
Munshiganj,2022,2,February,0.521983445304389,S2-Standard,Sentinel-2,18,2022-02-01 to 2022-03-01,,True
Munshiganj,2022,3,March,0.49659797156328334,S2-Standard,Sentinel-2,24,2022-03-01 to 2022-04-01,,True
Munshiganj,2022,4,April,0.1254731884929805,S2-Standard,Sentinel-2,20,2022-04-01 to 2022-05-01,,True
Munshiganj,2022,5,May,0.3805900028922174,S2-Standard,Sentinel-2,20,2022-05-01 to 2022-06-01,,True
Munshiganj,2022,6,June,0.30617906512619725,S2-Standard,Sentinel-2,11,2022-06-01 to 2022-07-01,,True
Munshiganj,2022,7,July,0.3160496897107698,S2-Standard,Sentinel-2,12,2022-07-01 to 2022-08-01,,True
Munshiganj,2022,8,August,0.13251439430093334,S2-Standard,Sentinel-2,18,2022-08-01 to 2022-09-01,,True
Munshiganj,2022,9,September,0.31340565567292,S2-Standard,Sentinel-2,14,2022-09-01 to 2022-10-01,,True
Munshiganj,2022,10,October,0.4799755728266007,S2-Standard,Sentinel-2,16,2022-10-01 to 2022-11-01,,True
Munshiganj,2022,11,November,0.4487728540074254,S2-Standard,Sentinel-2,24,2022-11-01 to 2022-12-01,,True
Munshiganj,2022,12,December,0.3336655622501818,S2-Standard,Sentinel-2,22,2022-12-01 to 2023-01-01,,True
Mymensingh,2022,1,January,0.2733859403767918,S2-Standard,Sentinel-2,32,2022-01-01 to 2022-02-01,,True
Mymensingh,2022,2,February,0.28327794219738295,S2-Standard,Sentinel-2,20,2022-02-01 to 2022-03-01,,True
Mymensingh,2022,3,March,0.5686833849186683,S2-Standard,Sentinel-2,30,2022-03-01 to 2022-04-01,,True
Mymensingh,2022,4,April,0.2792620099084889,S2-Standard,Sentinel-2,23,2022-04-01 to 2022-05-01,,True
Mymensingh,2022,5,May,0.18371249898283804,S2-Standard,Sentinel-2,24,2022-05-01 to 2022-06-01,,True
Mymensingh,2022,6,June,0.14726820374685606,S2-Standard,Sentinel-2,8,2022-06-01 to 2022-07-01,,True
Mymensingh,2022,7,July,0.26988084162711184,S2-Standard,Sentinel-2,11,2022-07-01 to 2022-08-01,,True
Mymensingh,2022,8,August,0.13898766070184745,S2-Standard,Sentinel-2,25,2022-08-01 to 2022-09-01,,True
Mymensingh,2022,9,September,0.4943108635282229,S2-Standard,Sentinel-2,13,2022-09-01 to 2022-10-01,,True
Mymensingh,2022,10,October,0.6661036234448312,S2-Standard,Sentinel-2,21,2022-10-01 to 2022-11-01,,True
Mymensingh,2022,11,November,0.6097119497847369,S2-Standard,Sentinel-2,30,2022-11-01 to 2022-12-01,,True
Mymensingh,2022,12,December,0.3867889892825891,S2-Standard,Sentinel-2,30,2022-12-01 to 2023-01-01,,True
Naogaon,2022,1,January,0.3087416614898178,S2-Standard,Sentinel-2,7,2022-01-01 to 2022-02-01,,True
Naogaon,2022,2,February,0.3741281428245409,S2-Standard,Sentinel-2,12,2022-02-01 to 2022-03-01,,True
Naogaon,2022,3,March,0.6201124466265265,S2-Standard,Sentinel-2,12,2022-03-01 to 2022-04-01,,True
Naogaon,2022,4,April,0.33537487186339254,S2-Standard,Sentinel-2,10,2022-04-01 to 2022-05-01,,True
Naogaon,2022,5,May,0.21781547049046246,S2-Standard,Sentinel-2,9,2022-05-01 to 2022-06-01,,True
Naogaon,2022,6,June,0.15101254462198707,S2-Standard,Sentinel-2,3,2022-06-01 to 2022-07-01,,True
Naogaon,2022,7,July,0.3045155374762066,S2-Standard,Sentinel-2,7,2022-07-01 to 2022-08-01,,True
Naogaon,2022,8,August,0.26105068887379645,S2-Standard,Sentinel-2,7,2022-08-01 to 2022-09-01,,True
Naogaon,2022,9,September,0.3298349904608932,S2-Standard,Sentinel-2,7,2022-09-01 to 2022-10-01,,True
Naogaon,2022,10,October,0.6437611050179507,S2-Standard,Sentinel-2,14,2022-10-01 to 2022-11-01,,True
Naogaon,2022,11,November,0.5271957717658298,S2-Standard,Sentinel-2,12,2022-11-01 to 2022-12-01,,True
Naogaon,2022,12,December,0.300886392682955,S2-Standard,Sentinel-2,11,2022-12-01 to 2023-01-01,,True
Narail,2022,1,January,0.3958955094418674,S2-Standard,Sentinel-2,10,2022-01-01 to 2022-02-01,,True
Narail,2022,2,February,0.47579569223314433,S2-Standard,Sentinel-2,10,2022-02-01 to 2022-03-01,,True
Narail,2022,3,March,0.574803629810534,S2-Standard,Sentinel-2,12,2022-03-01 to 2022-04-01,,True
Narail,2022,4,April,0.34083525027029876,S2-Standard,Sentinel-2,12,2022-04-01 to 2022-05-01,,True
Narail,2022,5,May,0.37385824621373626,S2-Standard,Sentinel-2,11,2022-05-01 to 2022-06-01,,True
Narail,2022,6,June,0.29310344210795886,S2-Standard,Sentinel-2,3,2022-06-01 to 2022-07-01,,True
Narail,2022,7,July,0.26343235109573027,S2-Standard,Sentinel-2,9,2022-07-01 to 2022-08-01,,True
Narail,2022,8,August,0.294056796049288,S2-Standard,Sentinel-2,6,2022-08-01 to 2022-09-01,,True
Narail,2022,9,September,0.37959056394197044,S2-Standard,Sentinel-2,7,2022-09-01 to 2022-10-01,,True
Narail,2022,10,October,0.6251097875564693,S2-Standard,Sentinel-2,10,2022-10-01 to 2022-11-01,,True
Narail,2022,11,November,0.5628542478735085,S2-Standard,Sentinel-2,13,2022-11-01 to 2022-12-01,,True
Narail,2022,12,December,0.3892973548681078,S2-Standard,Sentinel-2,11,2022-12-01 to 2023-01-01,,True
Narayanganj,2022,1,January,0.3324589299993573,S2-Standard,Sentinel-2,14,2022-01-01 to 2022-02-01,,True
Narayanganj,2022,2,February,0.32540642953312643,S2-Standard,Sentinel-2,8,2022-02-01 to 2022-03-01,,True
Narayanganj,2022,3,March,0.43472297804501775,S2-Standard,Sentinel-2,12,2022-03-01 to 2022-04-01,,True
Narayanganj,2022,4,April,0.25423427974977064,S2-Standard,Sentinel-2,10,2022-04-01 to 2022-05-01,,True
Narayanganj,2022,5,May,0.29672715532855215,S2-Standard,Sentinel-2,10,2022-05-01 to 2022-06-01,,True
Narayanganj,2022,6,June,0.21393601423239025,S2-Standard,Sentinel-2,5,2022-06-01 to 2022-07-01,,True
Narayanganj,2022,7,July,0.3477409062434406,S2-Standard,Sentinel-2,4,2022-07-01 to 2022-08-01,,True
Narayanganj,2022,8,August,0.20557031580721688,S2-Standard,Sentinel-2,10,2022-08-01 to 2022-09-01,,True
Narayanganj,2022,9,September,0.31143592366327466,S2-Standard,Sentinel-2,6,2022-09-01 to 2022-10-01,,True
Narayanganj,2022,10,October,0.38761937280151976,S2-Standard,Sentinel-2,8,2022-10-01 to 2022-11-01,,True
Narayanganj,2022,11,November,0.484101190508087,S2-Standard,Sentinel-2,12,2022-11-01 to 2022-12-01,,True
Narayanganj,2022,12,December,0.40176582808134015,S2-Standard,Sentinel-2,12,2022-12-01 to 2023-01-01,,True
Narsingdi,2022,1,January,0.3849029249505548,S2-Standard,Sentinel-2,14,2022-01-01 to 2022-02-01,,True
Narsingdi,2022,2,February,0.387696320210425,S2-Standard,Sentinel-2,8,2022-02-01 to 2022-03-01,,True
Narsingdi,2022,3,March,0.5675183682230315,S2-Standard,Sentinel-2,12,2022-03-01 to 2022-04-01,,True
Narsingdi,2022,4,April,0.37449525933677347,S2-Standard,Sentinel-2,10,2022-04-01 to 2022-05-01,,True
Narsingdi,2022,5,May,0.2875359195667165,S2-Standard,Sentinel-2,10,2022-05-01 to 2022-06-01,,True
Narsingdi,2022,6,June,0.0686431818013071,S2-Standard,Sentinel-2,5,2022-06-01 to 2022-07-01,,True
Narsingdi,2022,7,July,0.3843016714945546,S2-Standard,Sentinel-2,4,2022-07-01 to 2022-08-01,,True
Narsingdi,2022,8,August,0.22124773498592812,S2-Standard,Sentinel-2,10,2022-08-01 to 2022-09-01,,True
Narsingdi,2022,9,September,0.38586718609318943,S2-Standard,Sentinel-2,6,2022-09-01 to 2022-10-01,,True
Narsingdi,2022,10,October,0.42127725291024565,S2-Standard,Sentinel-2,8,2022-10-01 to 2022-11-01,,True
Narsingdi,2022,11,November,0.582228604206656,S2-Standard,Sentinel-2,12,2022-11-01 to 2022-12-01,,True
Narsingdi,2022,12,December,0.49600625312483737,S2-Standard,Sentinel-2,12,2022-12-01 to 2023-01-01,,True
Natore,2022,1,January,0.38085915283848404,S2-Standard,Sentinel-2,15,2022-01-01 to 2022-02-01,,True
Natore,2022,2,February,0.5612003405949629,S2-Standard,Sentinel-2,24,2022-02-01 to 2022-03-01,,True
Natore,2022,3,March,0.6157551872850959,S2-Standard,Sentinel-2,24,2022-03-01 to 2022-04-01,,True
Natore,2022,4,April,0.39381402265890064,S2-Standard,Sentinel-2,22,2022-04-01 to 2022-05-01,,True
Natore,2022,5,May,0.28432933744581623,S2-Standard,Sentinel-2,18,2022-05-01 to 2022-06-01,,True
Natore,2022,6,June,0.2396934944526867,S2-Standard,Sentinel-2,7,2022-06-01 to 2022-07-01,,True
Natore,2022,7,July,0.3978173091447218,S2-Standard,Sentinel-2,15,2022-07-01 to 2022-08-01,,True
Natore,2022,8,August,0.24979729597792988,S2-Standard,Sentinel-2,15,2022-08-01 to 2022-09-01,,True
Natore,2022,9,September,0.14496407551387613,S2-Standard,Sentinel-2,13,2022-09-01 to 2022-10-01,,True
Natore,2022,10,October,0.6270773846150153,S2-Standard,Sentinel-2,28,2022-10-01 to 2022-11-01,,True
Natore,2022,11,November,0.5182904304847376,S2-Standard,Sentinel-2,24,2022-11-01 to 2022-12-01,,True
Natore,2022,12,December,0.3470177874611827,S2-Standard,Sentinel-2,23,2022-12-01 to 2023-01-01,,True
Nawabganj,2022,1,January,0.3537489371617141,S2-Standard,Sentinel-2,8,2022-01-01 to 2022-02-01,,True
Nawabganj,2022,2,February,0.44310376954516356,S2-Standard,Sentinel-2,12,2022-02-01 to 2022-03-01,,True
Nawabganj,2022,3,March,0.5329944189746634,S2-Standard,Sentinel-2,12,2022-03-01 to 2022-04-01,,True
Nawabganj,2022,4,April,0.33778394296768155,S2-Standard,Sentinel-2,11,2022-04-01 to 2022-05-01,,True
Nawabganj,2022,5,May,0.26626113833813597,S2-Standard,Sentinel-2,10,2022-05-01 to 2022-06-01,,True
Nawabganj,2022,6,June,0.372994229085631,S2-Standard,Sentinel-2,5,2022-06-01 to 2022-07-01,,True
Nawabganj,2022,7,July,0.3158738866969921,S2-Standard,Sentinel-2,9,2022-07-01 to 2022-08-01,,True
Nawabganj,2022,8,August,0.3933928204975689,S2-Standard,Sentinel-2,10,2022-08-01 to 2022-09-01,,True
Nawabganj,2022,9,September,0.23463386638051795,S2-Standard,Sentinel-2,7,2022-09-01 to 2022-10-01,,True
Nawabganj,2022,10,October,0.5494797758461835,S2-Standard,Sentinel-2,14,2022-10-01 to 2022-11-01,,True
Nawabganj,2022,11,November,0.5166230847120769,S2-Standard,Sentinel-2,12,2022-11-01 to 2022-12-01,,True
Nawabganj,2022,12,December,0.3864980319501888,S2-Standard,Sentinel-2,12,2022-12-01 to 2023-01-01,,True
Netrakona,2022,1,January,0.23284788715145152,S2-Standard,Sentinel-2,25,2022-01-01 to 2022-02-01,,True
Netrakona,2022,2,February,0.37024461847263723,S2-Standard,Sentinel-2,15,2022-02-01 to 2022-03-01,,True
Netrakona,2022,3,March,0.638234140226114,S2-Standard,Sentinel-2,24,2022-03-01 to 2022-04-01,,True
Netrakona,2022,4,April,0.21805840180532368,S2-Standard,Sentinel-2,18,2022-04-01 to 2022-05-01,,True
Netrakona,2022,5,May,0.12162412846366685,S2-Standard,Sentinel-2,19,2022-05-01 to 2022-06-01,,True
Netrakona,2022,6,June,-0.03746910320159127,S2-Standard,Sentinel-2,3,2022-06-01 to 2022-07-01,,True
Netrakona,2022,7,July,0.09812317506523,S2-Standard,Sentinel-2,10,2022-07-01 to 2022-08-01,,True
Netrakona,2022,8,August,0.1097388440365386,S2-Standard,Sentinel-2,19,2022-08-01 to 2022-09-01,,True
Netrakona,2022,9,September,0.30458731333889333,S2-Standard,Sentinel-2,10,2022-09-01 to 2022-10-01,,True
Netrakona,2022,10,October,0.37982557186880245,S2-Standard,Sentinel-2,18,2022-10-01 to 2022-11-01,,True
Netrakona,2022,11,November,0.4572107645523022,S2-Standard,Sentinel-2,24,2022-11-01 to 2022-12-01,,True
Netrakona,2022,12,December,0.3218828493909481,S2-Standard,Sentinel-2,24,2022-12-01 to 2023-01-01,,True
Nilphamari,2022,1,January,0.32329465106364197,S2-Standard,Sentinel-2,16,2022-01-01 to 2022-02-01,,True
Nilphamari,2022,2,February,0.446760339331025,S2-Standard,Sentinel-2,24,2022-02-01 to 2022-03-01,,True
Nilphamari,2022,3,March,0.604066391741781,S2-Standard,Sentinel-2,20,2022-03-01 to 2022-04-01,,True
Nilphamari,2022,4,April,0.348037858697919,S2-Standard,Sentinel-2,16,2022-04-01 to 2022-05-01,,True
Nilphamari,2022,5,May,0.3905363140056865,S2-Standard,Sentinel-2,18,2022-05-01 to 2022-06-01,,True
Nilphamari,2022,6,June,0.1378536434354302,S2-Standard,Sentinel-2,6,2022-06-01 to 2022-07-01,,True
Nilphamari,2022,7,July,0.09410269518958851,S2-Standard,Sentinel-2,12,2022-07-01 to 2022-08-01,,True
Nilphamari,2022,8,August,0.29715589270599724,S2-Standard,Sentinel-2,16,2022-08-01 to 2022-09-01,,True
Nilphamari,2022,9,September,0.44391946009157657,S2-Standard,Sentinel-2,18,2022-09-01 to 2022-10-01,,True
Nilphamari,2022,10,October,0.653377154092829,S2-Standard,Sentinel-2,25,2022-10-01 to 2022-11-01,,True
Nilphamari,2022,11,November,0.48301891048608075,S2-Standard,Sentinel-2,24,2022-11-01 to 2022-12-01,,True
Nilphamari,2022,12,December,0.3476216887866298,S2-Standard,Sentinel-2,24,2022-12-01 to 2023-01-01,,True
Noakhali,2022,1,January,0.3654843450318284,S2-Standard,Sentinel-2,38,2022-01-01 to 2022-02-01,,True
Noakhali,2022,2,February,0.45227455924928534,S2-Standard,Sentinel-2,28,2022-02-01 to 2022-03-01,,True
Noakhali,2022,3,March,0.48541369636544657,S2-Standard,Sentinel-2,35,2022-03-01 to 2022-04-01,,True
Noakhali,2022,4,April,0.34852288619406097,S2-Standard,Sentinel-2,33,2022-04-01 to 2022-05-01,,True
Noakhali,2022,5,May,0.16584266099218015,S2-Standard,Sentinel-2,28,2022-05-01 to 2022-06-01,,True
Noakhali,2022,6,June,0.1125262690416429,S2-Standard,Sentinel-2,18,2022-06-01 to 2022-07-01,,True
Noakhali,2022,7,July,0.3002479520998793,S2-Standard,Sentinel-2,19,2022-07-01 to 2022-08-01,,True
Noakhali,2022,8,August,0.14636232649553135,S2-Standard,Sentinel-2,21,2022-08-01 to 2022-09-01,,True
Noakhali,2022,9,September,0.26113988973514063,S2-Standard,Sentinel-2,26,2022-09-01 to 2022-10-01,,True
Noakhali,2022,10,October,0.5743616085661583,S2-Standard,Sentinel-2,26,2022-10-01 to 2022-11-01,,True
Noakhali,2022,11,November,0.6121314642988956,S2-Standard,Sentinel-2,36,2022-11-01 to 2022-12-01,,True
Noakhali,2022,12,December,0.43796548663519885,S2-Standard,Sentinel-2,34,2022-12-01 to 2023-01-01,,True
Pabna,2022,1,January,0.4332378957112088,S2-Standard,Sentinel-2,16,2022-01-01 to 2022-02-01,,True
Pabna,2022,2,February,0.4649989728650389,S2-Standard,Sentinel-2,22,2022-02-01 to 2022-03-01,,True
Pabna,2022,3,March,0.5026473561162811,S2-Standard,Sentinel-2,24,2022-03-01 to 2022-04-01,,True
Pabna,2022,4,April,0.30168878410869593,S2-Standard,Sentinel-2,20,2022-04-01 to 2022-05-01,,True
Pabna,2022,5,May,0.30542426018318447,S2-Standard,Sentinel-2,19,2022-05-01 to 2022-06-01,,True
Pabna,2022,6,June,0.33383695110184297,S2-Standard,Sentinel-2,9,2022-06-01 to 2022-07-01,,True
Pabna,2022,7,July,0.3322302187313384,S2-Standard,Sentinel-2,15,2022-07-01 to 2022-08-01,,True
Pabna,2022,8,August,0.2655064359584098,S2-Standard,Sentinel-2,14,2022-08-01 to 2022-09-01,,True
Pabna,2022,9,September,0.2688296958156423,S2-Standard,Sentinel-2,14,2022-09-01 to 2022-10-01,,True
Pabna,2022,10,October,0.576205463230183,S2-Standard,Sentinel-2,25,2022-10-01 to 2022-11-01,,True
Pabna,2022,11,November,0.4938904215556714,S2-Standard,Sentinel-2,24,2022-11-01 to 2022-12-01,,True
Pabna,2022,12,December,0.388404621513211,S2-Standard,Sentinel-2,22,2022-12-01 to 2023-01-01,,True
Panchagarh,2022,1,January,0.2851494820813574,S2-Standard,Sentinel-2,8,2022-01-01 to 2022-02-01,,True
Panchagarh,2022,2,February,0.4220167525726432,S2-Standard,Sentinel-2,12,2022-02-01 to 2022-03-01,,True
Panchagarh,2022,3,March,0.4949864884497696,S2-Standard,Sentinel-2,10,2022-03-01 to 2022-04-01,,True
Panchagarh,2022,4,April,0.20279912294809005,S2-Standard,Sentinel-2,9,2022-04-01 to 2022-05-01,,True
Panchagarh,2022,5,May,0.5473277632011888,S2-Standard,Sentinel-2,9,2022-05-01 to 2022-06-01,,True
Panchagarh,2022,6,June,0.19446021732489907,S2-Standard,Sentinel-2,4,2022-06-01 to 2022-07-01,,True
Panchagarh,2022,7,July,0.24082453899750228,S2-Standard,Sentinel-2,7,2022-07-01 to 2022-08-01,,True
Panchagarh,2022,8,August,0.36940173978531304,S2-Standard,Sentinel-2,8,2022-08-01 to 2022-09-01,,True
Panchagarh,2022,9,September,0.32103169314962116,S2-Standard,Sentinel-2,10,2022-09-01 to 2022-10-01,,True
Panchagarh,2022,10,October,0.7131991955629091,S2-Standard,Sentinel-2,13,2022-10-01 to 2022-11-01,,True
Panchagarh,2022,11,November,0.485823986874206,S2-Standard,Sentinel-2,12,2022-11-01 to 2022-12-01,,True
Panchagarh,2022,12,December,0.3552231484416963,S2-Standard,Sentinel-2,12,2022-12-01 to 2023-01-01,,True
Patuakhali,2022,1,January,0.30668815975224833,S2-Standard,Sentinel-2,26,2022-01-01 to 2022-02-01,,True
Patuakhali,2022,2,February,0.27527905178889595,S2-Standard,Sentinel-2,20,2022-02-01 to 2022-03-01,,True
Patuakhali,2022,3,March,0.32715616783852863,S2-Standard,Sentinel-2,24,2022-03-01 to 2022-04-01,,True
Patuakhali,2022,4,April,0.23654745566958954,S2-Standard,Sentinel-2,22,2022-04-01 to 2022-05-01,,True
Patuakhali,2022,5,May,0.33571238837913764,S2-Standard,Sentinel-2,20,2022-05-01 to 2022-06-01,,True
Patuakhali,2022,6,June,0.1845850493144675,S2-Standard,Sentinel-2,12,2022-06-01 to 2022-07-01,,True
Patuakhali,2022,7,July,0.2708267478018758,S2-Standard,Sentinel-2,14,2022-07-01 to 2022-08-01,,True
Patuakhali,2022,8,August,0.10030553598641129,S2-Standard,Sentinel-2,13,2022-08-01 to 2022-09-01,,True
Patuakhali,2022,9,September,0.3662096619113779,S2-Standard,Sentinel-2,16,2022-09-01 to 2022-10-01,,True
Patuakhali,2022,10,October,0.6209295032125958,S2-Standard,Sentinel-2,16,2022-10-01 to 2022-11-01,,True
Patuakhali,2022,11,November,0.6429891164126075,S2-Standard,Sentinel-2,26,2022-11-01 to 2022-12-01,,True
Patuakhali,2022,12,December,0.39102341411362823,S2-Standard,Sentinel-2,22,2022-12-01 to 2023-01-01,,True
Pirojpur,2022,1,January,0.4071895891081893,S2-Standard,Sentinel-2,40,2022-01-01 to 2022-02-01,,True
Pirojpur,2022,2,February,0.39325483447447895,S2-Standard,Sentinel-2,29,2022-02-01 to 2022-03-01,,True
Pirojpur,2022,3,March,0.5271361118307798,S2-Standard,Sentinel-2,36,2022-03-01 to 2022-04-01,,True
Pirojpur,2022,4,April,0.33925773047796587,S2-Standard,Sentinel-2,33,2022-04-01 to 2022-05-01,,True
Pirojpur,2022,5,May,0.4034404459856785,S2-Standard,Sentinel-2,34,2022-05-01 to 2022-06-01,,True
Pirojpur,2022,6,June,0.26416555309513806,S2-Standard,Sentinel-2,17,2022-06-01 to 2022-07-01,,True
Pirojpur,2022,7,July,0.38523901791224074,S2-Standard,Sentinel-2,23,2022-07-01 to 2022-08-01,,True
Pirojpur,2022,8,August,0.2624382760227538,S2-Standard,Sentinel-2,17,2022-08-01 to 2022-09-01,,True
Pirojpur,2022,9,September,0.4734452905350293,S2-Standard,Sentinel-2,24,2022-09-01 to 2022-10-01,,True
Pirojpur,2022,10,October,0.6644367573268926,S2-Standard,Sentinel-2,24,2022-10-01 to 2022-11-01,,True
Pirojpur,2022,11,November,0.6965960442832237,S2-Standard,Sentinel-2,36,2022-11-01 to 2022-12-01,,True
Pirojpur,2022,12,December,0.5355773894093223,S2-Standard,Sentinel-2,33,2022-12-01 to 2023-01-01,,True
Rajbari,2022,1,January,0.3898099099766552,S2-Standard,Sentinel-2,9,2022-01-01 to 2022-02-01,,True
Rajbari,2022,2,February,0.445050413155566,S2-Standard,Sentinel-2,10,2022-02-01 to 2022-03-01,,True
Rajbari,2022,3,March,0.4806919129357807,S2-Standard,Sentinel-2,12,2022-03-01 to 2022-04-01,,True
Rajbari,2022,4,April,0.2441449981923793,S2-Standard,Sentinel-2,10,2022-04-01 to 2022-05-01,,True
Rajbari,2022,5,May,0.42096532315829505,S2-Standard,Sentinel-2,10,2022-05-01 to 2022-06-01,,True
Rajbari,2022,6,June,0.36938641671430245,S2-Standard,Sentinel-2,5,2022-06-01 to 2022-07-01,,True
Rajbari,2022,7,July,0.3247059383230628,S2-Standard,Sentinel-2,8,2022-07-01 to 2022-08-01,,True
Rajbari,2022,8,August,0.1969779583846395,S2-Standard,Sentinel-2,7,2022-08-01 to 2022-09-01,,True
Rajbari,2022,9,September,0.3411103169038733,S2-Standard,Sentinel-2,7,2022-09-01 to 2022-10-01,,True
Rajbari,2022,10,October,0.583792751193523,S2-Standard,Sentinel-2,11,2022-10-01 to 2022-11-01,,True
Rajbari,2022,11,November,0.46651260749687906,S2-Standard,Sentinel-2,12,2022-11-01 to 2022-12-01,,True
Rajbari,2022,12,December,0.3159894357608295,S2-Standard,Sentinel-2,11,2022-12-01 to 2023-01-01,,True
Rajshahi,2022,1,January,0.376434231778691,S2-Standard,Sentinel-2,8,2022-01-01 to 2022-02-01,,True
Rajshahi,2022,2,February,0.4500902862447303,S2-Standard,Sentinel-2,12,2022-02-01 to 2022-03-01,,True
Rajshahi,2022,3,March,0.47710802272467057,S2-Standard,Sentinel-2,12,2022-03-01 to 2022-04-01,,True
Rajshahi,2022,4,April,0.39139088167786007,S2-Standard,Sentinel-2,12,2022-04-01 to 2022-05-01,,True
Rajshahi,2022,5,May,0.21480300295706478,S2-Standard,Sentinel-2,10,2022-05-01 to 2022-06-01,,True
Rajshahi,2022,6,June,0.30974423095322207,S2-Standard,Sentinel-2,3,2022-06-01 to 2022-07-01,,True
Rajshahi,2022,7,July,0.29465169032594296,S2-Standard,Sentinel-2,8,2022-07-01 to 2022-08-01,,True
Rajshahi,2022,8,August,0.32344104363670656,S2-Standard,Sentinel-2,8,2022-08-01 to 2022-09-01,,True
Rajshahi,2022,9,September,0.21719117595802778,S2-Standard,Sentinel-2,6,2022-09-01 to 2022-10-01,,True
Rajshahi,2022,10,October,0.5638042771009885,S2-Standard,Sentinel-2,14,2022-10-01 to 2022-11-01,,True
Rajshahi,2022,11,November,0.4638470315151211,S2-Standard,Sentinel-2,12,2022-11-01 to 2022-12-01,,True
Rajshahi,2022,12,December,0.32504462502552156,S2-Standard,Sentinel-2,12,2022-12-01 to 2023-01-01,,True
Rangamati,2022,1,January,0.6993863215167584,S2-Standard,Sentinel-2,66,2022-01-01 to 2022-02-01,,True
Rangamati,2022,2,February,0.6310743550546144,S2-Standard,Sentinel-2,55,2022-02-01 to 2022-03-01,,True
Rangamati,2022,3,March,0.49651803745544243,S2-Standard,Sentinel-2,64,2022-03-01 to 2022-04-01,,True
Rangamati,2022,4,April,0.2740115169357396,S2-Standard,Sentinel-2,67,2022-04-01 to 2022-05-01,,True
Rangamati,2022,5,May,0.22194341867352457,S2-Standard,Sentinel-2,50,2022-05-01 to 2022-06-01,,True
Rangamati,2022,6,June,0.3566101220905236,S2-Standard,Sentinel-2,32,2022-06-01 to 2022-07-01,,True
Rangamati,2022,7,July,0.609906371670307,S2-Standard,Sentinel-2,40,2022-07-01 to 2022-08-01,,True
Rangamati,2022,8,August,0.3966247743805545,S2-Standard,Sentinel-2,52,2022-08-01 to 2022-09-01,,True
Rangamati,2022,9,September,0.407467011061289,S2-Standard,Sentinel-2,45,2022-09-01 to 2022-10-01,,True
Rangamati,2022,10,October,0.7267932608407919,S2-Standard,Sentinel-2,57,2022-10-01 to 2022-11-01,,True
Rangamati,2022,11,November,0.7572250026165042,S2-Standard,Sentinel-2,66,2022-11-01 to 2022-12-01,,True
Rangamati,2022,12,December,0.674089031025505,S2-Standard,Sentinel-2,65,2022-12-01 to 2023-01-01,,True
Rangpur,2022,1,January,0.29765994175741645,S2-Standard,Sentinel-2,6,2022-01-01 to 2022-02-01,,True
Rangpur,2022,2,February,0.42829358368556614,S2-Standard,Sentinel-2,12,2022-02-01 to 2022-03-01,,True
Rangpur,2022,3,March,0.5272187009814302,S2-Standard,Sentinel-2,10,2022-03-01 to 2022-04-01,,True
Rangpur,2022,4,April,0.2902257990630829,S2-Standard,Sentinel-2,8,2022-04-01 to 2022-05-01,,True
Rangpur,2022,5,May,0.4001486941371419,S2-Standard,Sentinel-2,8,2022-05-01 to 2022-06-01,,True
Rangpur,2022,6,June,0.04686163421731954,S2-Standard,Sentinel-2,3,2022-06-01 to 2022-07-01,,True
Rangpur,2022,7,July,0.23672619809870588,S2-Standard,Sentinel-2,9,2022-07-01 to 2022-08-01,,True
Rangpur,2022,8,August,0.2587256418101652,S2-Standard,Sentinel-2,8,2022-08-01 to 2022-09-01,,True
Rangpur,2022,9,September,0.4118453959149274,S2-Standard,Sentinel-2,7,2022-09-01 to 2022-10-01,,True
Rangpur,2022,10,October,0.6744499663546515,S2-Standard,Sentinel-2,14,2022-10-01 to 2022-11-01,,True
Rangpur,2022,11,November,0.5551464143048584,S2-Standard,Sentinel-2,12,2022-11-01 to 2022-12-01,,True
Rangpur,2022,12,December,0.30222902960041403,S2-Standard,Sentinel-2,12,2022-12-01 to 2023-01-01,,True
Satkhira,2022,1,January,0.41675582880012585,S2-Standard,Sentinel-2,47,2022-01-01 to 2022-02-01,,True
Satkhira,2022,2,February,0.416821054986026,S2-Standard,Sentinel-2,49,2022-02-01 to 2022-03-01,,True
Satkhira,2022,3,March,0.4835354065029546,S2-Standard,Sentinel-2,53,2022-03-01 to 2022-04-01,,True
Satkhira,2022,4,April,0.2721199083647258,S2-Standard,Sentinel-2,52,2022-04-01 to 2022-05-01,,True
Satkhira,2022,5,May,0.22453825710103972,S2-Standard,Sentinel-2,41,2022-05-01 to 2022-06-01,,True
Satkhira,2022,6,June,0.11941651334669151,S2-Standard,Sentinel-2,18,2022-06-01 to 2022-07-01,,True
Satkhira,2022,7,July,0.2474221884969978,S2-Standard,Sentinel-2,33,2022-07-01 to 2022-08-01,,True
Satkhira,2022,8,August,0.2608332964740397,S2-Standard,Sentinel-2,27,2022-08-01 to 2022-09-01,,True
Satkhira,2022,9,September,0.2954937434231568,S2-Standard,Sentinel-2,31,2022-09-01 to 2022-10-01,,True
Satkhira,2022,10,October,0.5293331106485334,S2-Standard,Sentinel-2,50,2022-10-01 to 2022-11-01,,True
Satkhira,2022,11,November,0.4949600162131376,S2-Standard,Sentinel-2,57,2022-11-01 to 2022-12-01,,True
Satkhira,2022,12,December,0.41159418410612775,S2-Standard,Sentinel-2,53,2022-12-01 to 2023-01-01,,True
Shariatpur,2022,1,January,0.3540776787779843,S2-Standard,Sentinel-2,28,2022-01-01 to 2022-02-01,,True
Shariatpur,2022,2,February,0.391216738930908,S2-Standard,Sentinel-2,18,2022-02-01 to 2022-03-01,,True
Shariatpur,2022,3,March,0.45117896815618774,S2-Standard,Sentinel-2,24,2022-03-01 to 2022-04-01,,True
Shariatpur,2022,4,April,0.0925735314905069,S2-Standard,Sentinel-2,20,2022-04-01 to 2022-05-01,,True
Shariatpur,2022,5,May,0.3404679378482187,S2-Standard,Sentinel-2,20,2022-05-01 to 2022-06-01,,True
Shariatpur,2022,6,June,0.3246768434248136,S2-Standard,Sentinel-2,11,2022-06-01 to 2022-07-01,,True
Shariatpur,2022,7,July,0.2376970365297308,S2-Standard,Sentinel-2,12,2022-07-01 to 2022-08-01,,True
Shariatpur,2022,8,August,0.3060714061064356,S2-Standard,Sentinel-2,18,2022-08-01 to 2022-09-01,,True
Shariatpur,2022,9,September,0.337774879445382,S2-Standard,Sentinel-2,14,2022-09-01 to 2022-10-01,,True
Shariatpur,2022,10,October,0.5050903206312234,S2-Standard,Sentinel-2,16,2022-10-01 to 2022-11-01,,True
Shariatpur,2022,11,November,0.4604456937918399,S2-Standard,Sentinel-2,24,2022-11-01 to 2022-12-01,,True
Shariatpur,2022,12,December,0.3795439307242726,S2-Standard,Sentinel-2,22,2022-12-01 to 2023-01-01,,True
Sherpur,2022,1,January,0.2796499492964726,S2-Standard,Sentinel-2,57,2022-01-01 to 2022-02-01,,True
Sherpur,2022,2,February,0.355035413839545,S2-Standard,Sentinel-2,59,2022-02-01 to 2022-03-01,,True
Sherpur,2022,3,March,0.6297376902178687,S2-Standard,Sentinel-2,67,2022-03-01 to 2022-04-01,,True
Sherpur,2022,4,April,0.2678615620118689,S2-Standard,Sentinel-2,46,2022-04-01 to 2022-05-01,,True
Sherpur,2022,5,May,0.22782671822179898,S2-Standard,Sentinel-2,53,2022-05-01 to 2022-06-01,,True
Sherpur,2022,6,June,0.05287787236753056,S2-Standard,Sentinel-2,15,2022-06-01 to 2022-07-01,,True
Sherpur,2022,7,July,0.2947216372986462,S2-Standard,Sentinel-2,41,2022-07-01 to 2022-08-01,,True
Sherpur,2022,8,August,0.20044432549857316,S2-Standard,Sentinel-2,52,2022-08-01 to 2022-09-01,,True
Sherpur,2022,9,September,0.3417866673453712,S2-Standard,Sentinel-2,35,2022-09-01 to 2022-10-01,,True
Sherpur,2022,10,October,0.662903433290502,S2-Standard,Sentinel-2,68,2022-10-01 to 2022-11-01,,True
Sherpur,2022,11,November,0.6041241456870005,S2-Standard,Sentinel-2,71,2022-11-01 to 2022-12-01,,True
Sherpur,2022,12,December,0.41737521281782736,S2-Standard,Sentinel-2,68,2022-12-01 to 2023-01-01,,True
Sirajganj,2022,1,January,0.3297344337720062,S2-Standard,Sentinel-2,17,2022-01-01 to 2022-02-01,,True
Sirajganj,2022,2,February,0.3198299670185812,S2-Standard,Sentinel-2,20,2022-02-01 to 2022-03-01,,True
Sirajganj,2022,3,March,0.4737362339881535,S2-Standard,Sentinel-2,24,2022-03-01 to 2022-04-01,,True
Sirajganj,2022,4,April,0.24380286777272656,S2-Standard,Sentinel-2,18,2022-04-01 to 2022-05-01,,True
Sirajganj,2022,5,May,0.1547068330441469,S2-Standard,Sentinel-2,20,2022-05-01 to 2022-06-01,,True
Sirajganj,2022,6,June,0.13813452706323362,S2-Standard,Sentinel-2,8,2022-06-01 to 2022-07-01,,True
Sirajganj,2022,7,July,0.23911237978489827,S2-Standard,Sentinel-2,13,2022-07-01 to 2022-08-01,,True
Sirajganj,2022,8,August,0.11852873262163842,S2-Standard,Sentinel-2,15,2022-08-01 to 2022-09-01,,True
Sirajganj,2022,9,September,0.17142081407920817,S2-Standard,Sentinel-2,14,2022-09-01 to 2022-10-01,,True
Sirajganj,2022,10,October,0.4306876986901167,S2-Standard,Sentinel-2,23,2022-10-01 to 2022-11-01,,True
Sirajganj,2022,11,November,0.38327238871280456,S2-Standard,Sentinel-2,24,2022-11-01 to 2022-12-01,,True
Sirajganj,2022,12,December,0.3521805347842084,S2-Standard,Sentinel-2,21,2022-12-01 to 2023-01-01,,True
Sunamganj,2022,1,January,0.29609968140959125,S2-Standard,Sentinel-2,25,2022-01-01 to 2022-02-01,,True
Sunamganj,2022,2,February,0.5312190703372729,S2-Standard,Sentinel-2,15,2022-02-01 to 2022-03-01,,True
Sunamganj,2022,3,March,0.6219959069450288,S2-Standard,Sentinel-2,24,2022-03-01 to 2022-04-01,,True
Sunamganj,2022,4,April,0.23859023967579432,S2-Standard,Sentinel-2,18,2022-04-01 to 2022-05-01,,True
Sunamganj,2022,5,May,0.006624092084000487,S2-Standard,Sentinel-2,19,2022-05-01 to 2022-06-01,,True
Sunamganj,2022,6,June,-0.19767034086797974,S2-Standard,Sentinel-2,3,2022-06-01 to 2022-07-01,,True
Sunamganj,2022,7,July,-0.054229285737438834,S2-Standard,Sentinel-2,10,2022-07-01 to 2022-08-01,,True
Sunamganj,2022,8,August,0.00960369795453991,S2-Standard,Sentinel-2,19,2022-08-01 to 2022-09-01,,True
Sunamganj,2022,9,September,0.006251747992463377,S2-Standard,Sentinel-2,10,2022-09-01 to 2022-10-01,,True
Sunamganj,2022,10,October,0.07148330950985313,S2-Standard,Sentinel-2,18,2022-10-01 to 2022-11-01,,True
Sunamganj,2022,11,November,0.17932847971747662,S2-Standard,Sentinel-2,24,2022-11-01 to 2022-12-01,,True
Sunamganj,2022,12,December,0.23443788973288823,S2-Standard,Sentinel-2,24,2022-12-01 to 2023-01-01,,True
Sylhet,2022,1,January,0.3607174177912129,S2-Standard,Sentinel-2,27,2022-01-01 to 2022-02-01,,True
Sylhet,2022,2,February,0.46062011964203153,S2-Standard,Sentinel-2,17,2022-02-01 to 2022-03-01,,True
Sylhet,2022,3,March,0.49336727330954344,S2-Standard,Sentinel-2,22,2022-03-01 to 2022-04-01,,True
Sylhet,2022,4,April,0.24019147164237595,S2-Standard,Sentinel-2,17,2022-04-01 to 2022-05-01,,True
Sylhet,2022,5,May,0.02192387458542152,S2-Standard,Sentinel-2,12,2022-05-01 to 2022-06-01,,True
Sylhet,2022,6,June,0.021092634797125014,S2-Standard,Sentinel-2,2,2022-06-01 to 2022-07-01,,True
Sylhet,2022,7,July,0.13485983039162008,S2-Standard,Sentinel-2,17,2022-07-01 to 2022-08-01,,True
Sylhet,2022,8,August,0.1775812226237738,S2-Standard,Sentinel-2,15,2022-08-01 to 2022-09-01,,True
Sylhet,2022,9,September,0.3776845712197997,S2-Standard,Sentinel-2,9,2022-09-01 to 2022-10-01,,True
Sylhet,2022,10,October,0.4585160647406363,S2-Standard,Sentinel-2,18,2022-10-01 to 2022-11-01,,True
Sylhet,2022,11,November,0.5401497904776739,S2-Standard,Sentinel-2,24,2022-11-01 to 2022-12-01,,True
Sylhet,2022,12,December,0.430003861913886,S2-Standard,Sentinel-2,23,2022-12-01 to 2023-01-01,,True
Tangail,2022,1,January,0.37487017585364935,S2-Standard,Sentinel-2,50,2022-01-01 to 2022-02-01,,True
Tangail,2022,2,February,0.23602601183394287,S2-Standard,Sentinel-2,47,2022-02-01 to 2022-03-01,,True
Tangail,2022,3,March,0.5155877071618177,S2-Standard,Sentinel-2,53,2022-03-01 to 2022-04-01,,True
Tangail,2022,4,April,0.2191926340496671,S2-Standard,Sentinel-2,45,2022-04-01 to 2022-05-01,,True
Tangail,2022,5,May,0.19605303526372236,S2-Standard,Sentinel-2,47,2022-05-01 to 2022-06-01,,True
Tangail,2022,6,June,0.13188710494150152,S2-Standard,Sentinel-2,15,2022-06-01 to 2022-07-01,,True
Tangail,2022,7,July,0.15957762602981826,S2-Standard,Sentinel-2,25,2022-07-01 to 2022-08-01,,True
Tangail,2022,8,August,0.15919881196015073,S2-Standard,Sentinel-2,38,2022-08-01 to 2022-09-01,,True
Tangail,2022,9,September,0.3358840930816195,S2-Standard,Sentinel-2,26,2022-09-01 to 2022-10-01,,True
Tangail,2022,10,October,0.5962526033050995,S2-Standard,Sentinel-2,49,2022-10-01 to 2022-11-01,,True
Tangail,2022,11,November,0.5500375193507461,S2-Standard,Sentinel-2,55,2022-11-01 to 2022-12-01,,True
Tangail,2022,12,December,0.44059357383889536,S2-Standard,Sentinel-2,53,2022-12-01 to 2023-01-01,,True
Thakurgaon,2022,1,January,0.433583087795228,S2-Standard,Sentinel-2,11,2022-01-01 to 2022-02-01,,True
Thakurgaon,2022,2,February,0.532704520344867,S2-Standard,Sentinel-2,18,2022-02-01 to 2022-03-01,,True
Thakurgaon,2022,3,March,0.5465011801065398,S2-Standard,Sentinel-2,16,2022-03-01 to 2022-04-01,,True
Thakurgaon,2022,4,April,0.373304905125753,S2-Standard,Sentinel-2,15,2022-04-01 to 2022-05-01,,True
Thakurgaon,2022,5,May,0.48092868966837227,S2-Standard,Sentinel-2,13,2022-05-01 to 2022-06-01,,True
Thakurgaon,2022,6,June,0.16371296328698998,S2-Standard,Sentinel-2,6,2022-06-01 to 2022-07-01,,True
Thakurgaon,2022,7,July,0.21284675134545228,S2-Standard,Sentinel-2,12,2022-07-01 to 2022-08-01,,True
Thakurgaon,2022,8,August,0.3826151757848311,S2-Standard,Sentinel-2,13,2022-08-01 to 2022-09-01,,True
Thakurgaon,2022,9,September,0.3582324259138552,S2-Standard,Sentinel-2,11,2022-09-01 to 2022-10-01,,True
Thakurgaon,2022,10,October,0.6913470028229801,S2-Standard,Sentinel-2,20,2022-10-01 to 2022-11-01,,True
Thakurgaon,2022,11,November,0.44350906915465094,S2-Standard,Sentinel-2,18,2022-11-01 to 2022-12-01,,True
Thakurgaon,2022,12,December,0.31866762868235715,S2-Standard,Sentinel-2,18,2022-12-01 to 2023-01-01,,True
