B,BLOCK,Cu,Cycle_Year,DISTRICT,DISTRICT_L,EC,Fe,Feature_ID,K,Mn,N,OC,P,S,STATE,STATE_LGD,Scan_Lat,Scan_Lon,TEHSIL,VILLAGE,Zn,pH
2.136,Badami,0.495,2015-17,Bagalkot,524,0.191,3.303,29_524_shc_2015-17.265,195.543,9.737,599.443,0.455,45.902,23.985,Karnataka,29,15.83600000000001,75.64999999999844,Badami,Jakanur,0.572,7.309
4.826,Badami,0.283,2015-17,Bagalkot,524,0.326,1.03,29_524_shc_2015-17.269,231.103,2.105,260.389,3.905,31.205,18.433,Karnataka,29,15.844000000000012,75.65799999999842,Badami,Neeralagi,0.306,8.026
0.788,Badami,1.302,2015-17,Bagalkot,524,0.244,2.142,29_524_shc_2015-17.262,430.136,7.448,513.127,4.82,50.01,21.592,Karnataka,29,15.850000000000014,75.64599999999845,Badami,Budihal,12.607,8.037
0.573,Badami,7.772,2015-17,Bagalkot,524,0.274,4.103,29_524_shc_2015-17.276,321.355,14.413,733.164,0.717,40.353,23.75,Karnataka,29,15.854000000000015,75.6659999999984,Badami,Thaminal,0.957,6.298
0.27,Badami,0.32,2015-17,Bagalkot,524,0.45,1.73,29_524_shc_2015-17.198,76.73,5.04,45.86,0.08,,5.73,Karnataka,29,15.872000000000021,75.51999999999875,Badami,Wadawatti,0.26,6.3
0.525,Badami,0.328,2015-17,Bagalkot,524,0.32,0.563,29_524_shc_2015-17.315,539.669,1.538,238.008,0.395,78.28,5.543,Karnataka,29,15.880000000000024,75.73599999999824,Badami,Hirenasabi,0.194,8.203
0.862,Hungund,0.709,2015-17,Bagalkot,524,0.416,3.278,29_524_shc_2015-17.422,292.483,2.459,248.501,0.713,34.73,15.691,Karnataka,29,15.880000000000024,75.9679999999977,Hungund,Gandal,4.513,8.006
0.225,Badami,0.264,2015-17,Bagalkot,524,0.429,0.473,29_524_shc_2015-17.277,282.203,2.331,219.119,0.366,45.545,3.771,Karnataka,29,15.886000000000026,75.6659999999984,Badami,Yaragoppa.S.B,0.245,7.902
0.362,Badami,0.419,2015-17,Bagalkot,524,0.4,0.507,29_524_shc_2015-17.203,318.074,2.377,226.75,0.366,71.589,7.605,Karnataka,29,15.894000000000029,75.52599999999873,Badami,Narasapur,1.167,8.131
0.593,Badami,0.407,2015-17,Bagalkot,524,0.274,2.19,29_524_shc_2015-17.161,341.021,8.171,384.717,0.217,48.965,20.211,Karnataka,29,15.89800000000003,75.46799999999887,Badami,Alur .S.K.,0.321,7.567
0.623,Badami,0.356,2015-17,Bagalkot,524,0.322,0.621,29_524_shc_2015-17.224,348.72,2.557,221.438,0.472,67.24,13.679,Karnataka,29,15.89800000000003,75.56599999999864,Badami,Timmapur S.N.,1.611,7.738
0.798,Badami,0.531,2015-17,Bagalkot,524,0.36,1.187,29_524_shc_2015-17.185,422.356,3.698,344.805,9.608,47.737,7.579,Karnataka,29,15.912000000000035,75.50199999999879,Badami,Khanapur S.K.,0.366,7.844
0.476,Badami,0.199,2015-17,Bagalkot,524,0.4,0.343,29_524_shc_2015-17.327,654.738,0.677,224.793,0.383,68.917,35.104,Karnataka,29,15.914000000000035,75.76599999999817,Badami,Mangalur,0.268,8.254
1.542,Badami,0.733,2015-17,Bagalkot,524,0.369,0.755,29_524_shc_2015-17.197,426.87,2.458,770.438,0.527,47.693,9.236,Karnataka,29,15.920000000000037,75.51999999999875,Badami,Somanakoppa,0.712,8.102
0.462,Badami,0.499,2015-17,Bagalkot,524,0.312,1.004,29_524_shc_2015-17.216,372.891,2.645,432.177,13.15,89.765,14.542,Karnataka,29,15.924000000000039,75.55199999999867,Badami,Neelagund,0.226,8.08
0.731,Badami,0.309,2015-17,Bagalkot,524,0.357,0.407,29_524_shc_2015-17.285,401.963,1.554,320.763,0.54,40.427,9.405,Karnataka,29,15.92600000000004,75.67399999999839,Badami,Badami (Rural) *,0.259,8.256
0.211,Hungund,0.366,2015-17,Bagalkot,524,0.151,0.163,29_524_shc_2015-17.498,515.261,1.36,189.164,0.33,6.371,4.969,Karnataka,29,15.92800000000004,76.15999999999725,Hungund,Gugalmari,0.147,8.057
0.485,Badami,0.603,2015-17,Bagalkot,524,0.409,1.884,29_524_shc_2015-17.167,288.326,6.096,511.63,1.717,38.18,19.851,Karnataka,29,15.93000000000004,75.47199999999886,Badami,Chimmanakatti,0.717,9.395
0.533,Badami,0.943,2015-17,Bagalkot,524,0.365,0.59,29_524_shc_2015-17.202,328.178,1.81,241.379,0.421,36.428,13.737,Karnataka,29,15.932000000000041,75.52399999999874,Badami,Hanamasagar,0.331,8.874
0.219,Hungund,0.544,2015-17,Bagalkot,524,0.08,1.763,29_524_shc_2015-17.384,303.31,4.255,983.061,0.489,36.334,13.464,Karnataka,29,15.940000000000044,75.88799999999789,Hungund,Chikanal,0.284,8.464
0.46,Hungund,0.334,2015-17,Bagalkot,524,0.181,1.144,29_524_shc_2015-17.540,369.607,2.78,416.988,0.415,32.012,13.78,Karnataka,29,15.940000000000044,76.31799999999689,Hungund,Somalapur,0.235,8.167
1.2,Badami,0.5,2015-17,Bagalkot,524,0.411,0.475,29_524_shc_2015-17.184,292.12,2.35,354.084,0.617,40.73,4.896,Karnataka,29,15.942000000000045,75.50199999999879,Badami,Kallapur.S.K,0.268,7.805
0.253,Hungund,0.393,2015-17,Bagalkot,524,0.24,1.033,29_524_shc_2015-17.408,236.25,1.647,556.115,0.347,53.088,15.037,Karnataka,29,15.948000000000047,75.93999999999777,Hungund,Vadageri,0.213,7.673
0.349,Hungund,0.507,2015-17,Bagalkot,524,0.613,0.487,29_524_shc_2015-17.478,309.091,2.269,457.654,0.345,42.984,321.836,Karnataka,29,15.948000000000047,76.11799999999735,Hungund,Gonal (S.B.),1.977,8.013
0.449,Badami,0.559,2015-17,Bagalkot,524,0.444,1.224,29_524_shc_2015-17.193,288.733,1.885,289.14,0.507,66.809,9.187,Karnataka,29,15.952000000000048,75.51799999999875,Badami,Mamatageri,0.265,7.744
0.351,Hungund,0.205,2015-17,Bagalkot,524,0.205,0.201,29_524_shc_2015-17.525,204.066,0.709,106.309,3.833,25.014,8.325,Karnataka,29,15.952000000000048,76.21999999999711,Hungund,Chick-Otageri,0.123,8.451
0.563,Hungund,0.601,2015-17,Bagalkot,524,0.415,1.36,29_524_shc_2015-17.532,432.241,1.95,275.667,0.473,39.97,19.827,Karnataka,29,15.954000000000049,76.265999999997,Hungund,Kandgal,0.69,8.133
0.601,Badami,0.415,2015-17,Bagalkot,524,0.455,0.771,29_524_shc_2015-17.275,339.285,2.785,257.346,1.545,40.321,47.488,Karnataka,29,15.96000000000005,75.6659999999984,Badami,Adagal,0.355,7.504
0.816,Badami,0.502,2015-17,Bagalkot,524,0.248,3.245,29_524_shc_2015-17.362,304.004,7.53,570.45,0.383,100.054,17.531,Karnataka,29,15.96000000000005,75.84999999999798,Badami,Chimmalagi,0.441,7.598
1.142,Hungund,0.559,2015-17,Bagalkot,524,0.52,1.541,29_524_shc_2015-17.487,337.131,6.65,666.229,0.574,66.143,32.795,Karnataka,29,15.96000000000005,76.1379999999973,Hungund,Ilkal (Rural),0.468,8.243
0.81,Badami,0.57,2015-17,Bagalkot,524,0.23,0.27,29_524_shc_2015-17.342,100.91,1.84,468.27,0.82,37.67,5.15,Karnataka,29,15.962000000000051,75.80599999999808,Badami,Pattadakall,0.3,8.1
0.222,Hungund,0.562,2015-17,Bagalkot,524,0.06,0.546,29_524_shc_2015-17.373,377.308,2.606,913.781,0.274,21.993,10.579,Karnataka,29,15.966000000000053,75.86999999999793,Hungund,Upnal (S.C.),0.254,8.918
0.596,Badami,0.704,2015-17,Bagalkot,524,0.27,3.34,29_524_shc_2015-17.160,345.233,8.698,581.916,0.365,90.178,17.757,Karnataka,29,15.970000000000054,75.45799999999889,Badami,Neeralakeri,0.485,7.592
0.314,Hungund,0.465,2015-17,Bagalkot,524,0.17,1.271,29_524_shc_2015-17.369,330.763,2.258,769.574,0.621,26.954,10.609,Karnataka,29,15.980000000000057,75.86599999999794,Hungund,Siddanakolla,0.305,8.295
0.493,Badami,0.689,2015-17,Bagalkot,524,0.373,2.137,29_524_shc_2015-17.357,194.995,6.611,382.663,0.299,40.493,16.316,Karnataka,29,15.982000000000058,75.837999999998,Badami,Nagaral.S.P.,0.451,7.055
0.351,Hungund,0.499,2015-17,Bagalkot,524,0.2,0.759,29_524_shc_2015-17.490,272.539,2.241,480.554,0.4,43.342,14.599,Karnataka,29,15.982000000000058,76.14599999999729,Hungund,Ingalgi,0.533,7.759
0.623,Badami,0.892,2015-17,Bagalkot,524,0.327,5.27,29_524_shc_2015-17.286,490.009,20.211,801.025,0.424,135.336,35.511,Karnataka,29,15.98600000000006,75.67799999999838,Badami,Chikkamuchalagudda,0.453,6.895
0.446,Badami,0.506,2015-17,Bagalkot,524,0.157,2.158,29_524_shc_2015-17.274,460.823,9.879,471.84,0.368,40.939,22.715,Karnataka,29,15.98600000000006,75.66199999999841,Badami,Hiremuchalagudda,0.55,6.406
0.382,Hungund,0.539,2015-17,Bagalkot,524,0.22,1.033,29_524_shc_2015-17.399,329.394,2.29,735.863,1.135,28.724,14.253,Karnataka,29,15.98600000000006,75.91399999999783,Hungund,Kelur,0.443,8.122
0.471,Hungund,0.658,2015-17,Bagalkot,524,0.177,6.296,29_524_shc_2015-17.531,332.957,2.429,318.461,0.556,52.263,16.444,Karnataka,29,15.992000000000061,76.23599999999708,Hungund,Krishnapur,0.15,7.844
0.408,Hungund,0.722,2015-17,Bagalkot,524,0.288,0.675,29_524_shc_2015-17.508,383.344,2.25,350.054,0.481,24.438,8.467,Karnataka,29,15.992000000000061,76.1819999999972,Hungund,Chicksinganagutti,0.408,8.138
0.254,Hungund,0.612,2015-17,Bagalkot,524,0.357,0.404,29_524_shc_2015-17.493,670.3,2.852,435.479,0.701,33.739,13.259,Karnataka,29,15.994000000000062,76.14999999999728,Hungund,Gopsani,0.377,8.351
0.394,Hungund,0.757,2015-17,Bagalkot,524,0.456,2.378,29_524_shc_2015-17.413,376.315,1.482,359.754,0.429,34.431,13.765,Karnataka,29,15.998000000000063,75.94999999999774,Hungund,Tallikeri,0.396,7.816
0.504,Hungund,0.674,2015-17,Bagalkot,524,0.506,0.675,29_524_shc_2015-17.476,353.887,5.029,575.325,0.439,31.532,14.215,Karnataka,29,15.998000000000063,76.11599999999736,Hungund,Herur,0.496,8.126
0.609,Badami,0.581,2015-17,Bagalkot,524,0.676,2.062,29_524_shc_2015-17.353,542.126,5.742,354.395,8.338,54.612,16.586,Karnataka,29,16.000000000000064,75.83199999999802,Badami,Kataginahalli,0.627,
0.456,Badami,0.412,2015-17,Bagalkot,524,0.714,1.024,29_524_shc_2015-17.376,255.868,3.683,304.935,0.5,37.318,16.748,Karnataka,29,16.00400000000006,75.86999999999793,Badami,Subbalahunashi,0.458,7.658
2.106,Hungund,0.454,2015-17,Bagalkot,524,0.202,0.392,29_524_shc_2015-17.496,363.13,1.047,262.748,0.455,41.289,8.329,Karnataka,29,16.01000000000006,76.15399999999727,Hungund,Tumba,0.157,8.461
8.742,Badami,1.024,2015-17,Bagalkot,524,0.541,1.193,29_524_shc_2015-17.158,143.155,3.473,326.937,0.508,36.081,32.871,Karnataka,29,16.014000000000056,75.45799999999889,Badami,Chinchalakatti,6.946,8.018
0.572,Badami,0.446,2015-17,Bagalkot,524,0.822,0.569,29_524_shc_2015-17.303,431.156,2.173,216.718,0.715,50.056,12.437,Karnataka,29,16.014000000000056,75.71599999999829,Badami,Hansanoor,0.979,7.986
0.642,Badami,1.187,2015-17,Bagalkot,524,0.319,2.689,29_524_shc_2015-17.290,295.993,8.825,577.355,4.42,43.627,25.158,Karnataka,29,16.016000000000055,75.68599999999836,Badami,Bedarabudihal,0.639,7.55
0.401,Badami,0.521,2015-17,Bagalkot,524,0.332,0.748,29_524_shc_2015-17.243,348.88,2.99,276.261,0.381,72.441,21.184,Karnataka,29,16.020000000000053,75.60399999999855,Badami,Maninagar,1.237,7.817
2.53,Hungund,0.41,2015-17,Bagalkot,524,0.12,1.15,29_524_shc_2015-17.440,364.3,11.29,309.54,0.54,2.18,15.0,Karnataka,29,16.020000000000053,76.0119999999976,Hungund,Yadahalli,0.87,7.8
0.355,Badami,0.813,2015-17,Bagalkot,524,0.321,0.674,29_524_shc_2015-17.206,332.756,2.524,328.589,0.742,,18.202,Karnataka,29,16.02200000000005,75.53399999999871,Badami,Kerur (Rural),0.617,11.528
0.347,Badami,0.356,2015-17,Bagalkot,524,0.337,1.579,29_524_shc_2015-17.141,296.345,1.897,686.15,0.403,28.731,18.936,Karnataka,29,16.02200000000005,75.43199999999895,Badami,Bellikindi,0.429,7.038
0.377,Hungund,0.671,2015-17,Bagalkot,524,0.244,0.47,29_524_shc_2015-17.511,385.885,2.112,449.757,0.564,148.388,14.869,Karnataka,29,16.02200000000005,76.1859999999972,Hungund,Gadisunkapur,0.236,8.276
0.524,Hungund,0.294,2015-17,Bagalkot,524,0.419,1.154,29_524_shc_2015-17.363,460.853,2.264,296.121,0.481,50.007,11.666,Karnataka,29,16.030000000000047,75.85399999999797,Hungund,Nimbalgundi,0.219,7.998
0.342,Hungund,0.396,2015-17,Bagalkot,524,0.424,0.525,29_524_shc_2015-17.429,502.865,1.528,427.344,0.482,38.726,6.129,Karnataka,29,16.030000000000047,75.98799999999765,Hungund,Honnarahalli,0.216,8.151
2.366,Badami,0.68,2015-17,Bagalkot,524,0.498,0.702,29_524_shc_2015-17.239,68.952,2.069,732.077,0.535,34.11,31.136,Karnataka,29,16.032000000000046,75.59399999999857,Badami,Yankanchi,0.856,7.987
0.458,Hungund,0.584,2015-17,Bagalkot,524,0.217,1.311,29_524_shc_2015-17.367,374.107,3.329,531.624,0.841,34.73,28.398,Karnataka,29,16.034000000000045,75.86199999999795,Hungund,Kalligudda,1.237,8.002
0.7,Hungund,0.524,2015-17,Bagalkot,524,0.436,0.902,29_524_shc_2015-17.461,405.113,3.136,698.38,2.36,34.12,13.181,Karnataka,29,16.034000000000045,76.06399999999748,Hungund,Hungund (Rural),0.376,8.132
0.987,Hungund,2.038,2015-17,Bagalkot,524,0.283,0.408,29_524_shc_2015-17.455,335.656,1.305,302.251,0.529,23.236,6.947,Karnataka,29,16.034000000000045,76.04199999999753,Hungund,Virapur,0.194,8.432
0.508,Badami,0.785,2015-17,Bagalkot,524,1.234,1.009,29_524_shc_2015-17.318,437.861,3.8,305.471,0.502,47.264,17.851,Karnataka,29,16.036000000000044,75.7519999999982,Badami,Murudi,0.792,11.348
1.641,Hungund,0.974,2015-17,Bagalkot,524,0.424,1.851,29_524_shc_2015-17.484,211.291,3.842,792.151,7.256,39.925,21.899,Karnataka,29,16.036000000000044,76.13599999999731,Hungund,Hirehunakunti,2.054,8.478
0.5,Badami,1.174,2015-17,Bagalkot,524,0.16,2.853,29_524_shc_2015-17.170,406.2,4.323,597.481,0.384,33.003,15.733,Karnataka,29,16.040000000000042,75.47599999999885,Badami,Saganur,0.448,6.744
0.518,Badami,0.904,2015-17,Bagalkot,524,0.302,1.255,29_524_shc_2015-17.295,298.543,2.998,337.085,0.541,31.219,18.15,Karnataka,29,16.04200000000004,75.70599999999831,Badami,Teggi,0.323,7.879
0.411,Hungund,0.54,2015-17,Bagalkot,524,0.389,1.811,29_524_shc_2015-17.425,798.054,4.292,684.051,0.464,22.087,14.497,Karnataka,29,16.04400000000004,75.97199999999769,Hungund,Chickyaranakeri,0.374,11.05
1.057,Badami,0.342,2015-17,Bagalkot,524,0.916,0.672,29_524_shc_2015-17.350,279.261,1.055,280.268,2.812,16.657,11.773,Karnataka,29,16.04600000000004,75.82599999999803,Badami,Padanakatti,0.096,8.476
2.027,Hungund,1.026,2015-17,Bagalkot,524,0.356,3.27,29_524_shc_2015-17.509,676.494,3.301,524.268,0.688,38.745,20.117,Karnataka,29,16.04600000000004,76.1819999999972,Hungund,Tariwal,0.81,8.607
0.356,Hungund,0.619,2015-17,Bagalkot,524,0.334,0.616,29_524_shc_2015-17.430,330.495,2.14,641.826,0.55,23.609,10.635,Karnataka,29,16.048000000000037,75.98799999999765,Hungund,Hireyaranakeri,0.43,8.432
2.974,Hungund,0.973,2015-17,Bagalkot,524,0.402,1.82,29_524_shc_2015-17.491,201.969,2.599,432.627,0.343,135.861,25.246,Karnataka,29,16.048000000000037,76.14799999999728,Hungund,Chatnihal,1.595,8.061
0.281,Hungund,0.462,2015-17,Bagalkot,524,0.312,0.514,29_524_shc_2015-17.538,143.955,2.496,453.057,7.647,,11.736,Karnataka,29,16.050000000000036,76.29199999999695,Hungund,Chamalapur,0.244,8.134
0.236,Hungund,0.33,2015-17,Bagalkot,524,0.217,0.276,29_524_shc_2015-17.495,347.201,3.039,440.614,5.787,27.201,25.223,Karnataka,29,16.054000000000034,76.15399999999727,Hungund,Malagihal,0.287,9.024
0.341,Badami,0.517,2015-17,Bagalkot,524,0.122,1.603,29_524_shc_2015-17.168,358.878,3.812,489.889,0.389,27.88,15.178,Karnataka,29,16.056000000000033,75.47399999999885,Badami,Fakeerabudihal,0.355,6.895
0.443,Hungund,0.422,2015-17,Bagalkot,524,0.585,1.059,29_524_shc_2015-17.374,369.529,2.651,402.523,1.311,102.298,23.732,Karnataka,29,16.058000000000032,75.86999999999793,Hungund,Mullur,0.218,7.924
0.418,Badami,1.426,2015-17,Bagalkot,524,0.302,0.566,29_524_shc_2015-17.325,422.111,3.295,289.374,0.746,27.229,21.645,Karnataka,29,16.06000000000003,75.76399999999818,Badami,Kotikall,0.826,8.335
0.408,Badami,1.594,2015-17,Bagalkot,524,0.364,0.521,29_524_shc_2015-17.356,470.805,2.804,238.465,0.421,59.3,24.43,Karnataka,29,16.06200000000003,75.83599999999801,Badami,Haladur,0.443,7.761
1.317,Hungund,0.474,2015-17,Bagalkot,524,0.83,1.946,29_524_shc_2015-17.497,1056.471,1.93,426.156,1.698,,40.767,Karnataka,29,16.06200000000003,76.15799999999726,Hungund,Nidasanur,0.564,9.401
0.313,Hungund,0.859,2015-17,Bagalkot,524,0.373,0.455,29_524_shc_2015-17.536,337.665,2.448,466.038,0.593,46.823,20.348,Karnataka,29,16.066000000000027,76.28399999999696,Hungund,Kambalihal,0.561,8.247
0.586,Badami,0.601,2015-17,Bagalkot,524,0.379,2.137,29_524_shc_2015-17.278,374.55,6.207,605.07,3.046,49.138,20.891,Karnataka,29,16.068000000000026,75.6679999999984,Badami,Hangaragi,0.656,7.813
14.528,Badami,1.666,2015-17,Bagalkot,524,0.398,8.4,29_524_shc_2015-17.165,390.474,17.717,822.83,0.835,111.459,25.645,Karnataka,29,16.070000000000025,75.46999999999886,Badami,Hosakoti,2.697,7.163
0.378,Badami,1.418,2015-17,Bagalkot,524,0.234,0.698,29_524_shc_2015-17.223,441.129,11.78,301.248,0.464,67.096,8.502,Karnataka,29,16.070000000000025,75.56399999999864,Badami,Yaragoppa Inam,0.628,7.646
0.308,Hungund,0.445,2015-17,Bagalkot,524,0.438,0.389,29_524_shc_2015-17.483,395.591,2.355,884.912,1.414,31.058,11.511,Karnataka,29,16.074000000000023,76.13399999999731,Hungund,Ghattiganur,0.241,8.177
0.363,Hungund,0.408,2015-17,Bagalkot,524,0.306,0.403,29_524_shc_2015-17.499,500.954,2.399,544.448,9.454,85.89,18.716,Karnataka,29,16.076000000000022,76.16199999999725,Hungund,Turamari,0.355,8.258
2.797,Badami,0.603,2015-17,Bagalkot,524,0.625,8.12,29_524_shc_2015-17.150,294.909,2.753,484.571,7.22,55.059,2.695,Karnataka,29,16.07800000000002,75.44799999999891,Badami,Kainakatti,1.079,7.804
0.493,Badami,1.851,2015-17,Bagalkot,524,0.095,1.307,29_524_shc_2015-17.142,299.373,4.449,693.599,13.643,42.314,21.397,Karnataka,29,16.08200000000002,75.43399999999895,Badami,Sheeparamatti,0.895,7.475
0.547,Badami,0.442,2015-17,Bagalkot,524,0.46,1.701,29_524_shc_2015-17.296,392.7,3.338,370.864,2.059,189.143,18.798,Karnataka,29,16.084000000000017,75.70599999999831,Badami,Kelawadi,0.396,7.915
0.29,Badami,0.583,2015-17,Bagalkot,524,0.411,0.614,29_524_shc_2015-17.348,573.812,5.348,208.455,0.368,31.13,9.438,Karnataka,29,16.084000000000017,75.81199999999806,Badami,Budanagad,0.721,7.803
0.384,Hungund,0.272,2015-17,Bagalkot,524,0.386,0.327,29_524_shc_2015-17.506,1131.69,1.372,411.664,0.724,38.072,9.462,Karnataka,29,16.084000000000017,76.1819999999972,Hungund,Hemawadgi,0.229,8.283
0.427,Hungund,0.408,2015-17,Bagalkot,524,0.346,0.718,29_524_shc_2015-17.529,444.562,2.044,480.1,4.267,47.658,12.721,Karnataka,29,16.084000000000017,76.22999999999709,Hungund,Karadi,0.341,8.462
0.398,Badami,0.677,2015-17,Bagalkot,524,0.351,0.94,29_524_shc_2015-17.189,278.446,2.977,699.57,0.38,29.032,13.298,Karnataka,29,16.086000000000016,75.50599999999878,Badami,Kalabandakeri,0.646,7.294
0.952,Hungund,1.007,2015-17,Bagalkot,524,0.403,5.044,29_524_shc_2015-17.383,378.861,2.225,340.609,4.912,49.005,20.843,Karnataka,29,16.092000000000013,75.88599999999789,Hungund,Ramathal,2.183,8.059
0.431,Hungund,0.272,2015-17,Bagalkot,524,0.362,0.292,29_524_shc_2015-17.507,446.085,1.56,210.18,1.525,45.626,14.797,Karnataka,29,16.094000000000012,76.1819999999972,Hungund,Konnur,0.328,8.348
0.359,Hungund,0.388,2015-17,Bagalkot,524,0.316,0.357,29_524_shc_2015-17.475,404.444,1.518,590.36,2.467,42.774,29.342,Karnataka,29,16.094000000000012,76.11399999999736,Hungund,Hagedal,0.244,8.246
0.304,Hungund,0.539,2015-17,Bagalkot,524,0.285,0.481,29_524_shc_2015-17.539,132.466,2.025,526.328,6.832,85.706,13.785,Karnataka,29,16.094000000000012,76.29399999999694,Hungund,Kodihal,0.661,
0.316,Hungund,0.529,2015-17,Bagalkot,524,0.971,1.49,29_524_shc_2015-17.402,374.05,1.841,703.885,1.746,38.265,14.132,Karnataka,29,16.09600000000001,75.92199999999781,Hungund,Hiremagi,0.413,7.601
0.321,Hungund,0.672,2015-17,Bagalkot,524,0.509,2.635,29_524_shc_2015-17.410,377.771,2.062,472.458,0.444,27.119,14.259,Karnataka,29,16.10000000000001,75.94599999999775,Hungund,Madapur,0.561,7.66
2.086,Badami,1.58,2015-17,Bagalkot,524,0.312,4.681,29_524_shc_2015-17.155,436.1,6.885,637.408,8.073,87.053,28.474,Karnataka,29,16.102000000000007,75.4539999999989,Badami,Anawal,1.987,7.405
0.69,Hungund,1.365,2015-17,Bagalkot,524,0.71,5.378,29_524_shc_2015-17.494,722.294,7.995,377.381,1.595,86.988,42.648,Karnataka,29,16.102000000000007,76.15199999999727,Hungund,Chintakamaladinni,0.637,7.956
0.359,Badami,0.344,2015-17,Bagalkot,524,0.403,0.295,29_524_shc_2015-17.240,431.446,1.893,243.298,1.265,41.411,9.221,Karnataka,29,16.106000000000005,75.59599999999857,Badami,Hoolageri,0.293,8.119
0.806,Hungund,0.822,2015-17,Bagalkot,524,0.194,0.334,29_524_shc_2015-17.452,285.61,4.056,371.539,0.639,47.79,331.582,Karnataka,29,16.108000000000004,76.03599999999754,Hungund,Timmapur,0.179,8.151
0.446,Hungund,0.332,2015-17,Bagalkot,524,0.348,1.462,29_524_shc_2015-17.501,413.618,1.524,351.472,0.627,,11.847,Karnataka,29,16.110000000000003,76.16399999999724,Hungund,Jalakamaladinni,0.272,8.03
0.362,Badami,0.352,2015-17,Bagalkot,524,0.301,1.027,29_524_shc_2015-17.211,325.914,4.741,263.259,0.348,20.843,15.199,Karnataka,29,16.112000000000002,75.54399999999869,Badami,Jalageri,1.006,7.238
0.474,Hungund,1.04,2015-17,Bagalkot,524,0.514,1.844,29_524_shc_2015-17.391,364.592,5.39,354.272,0.455,38.178,23.751,Karnataka,29,16.112000000000002,75.89999999999786,Hungund,Bevinal,0.282,8.629
0.567,Hungund,0.234,2015-17,Bagalkot,524,0.251,0.338,29_524_shc_2015-17.512,328.551,1.001,240.81,0.419,36.459,7.87,Karnataka,29,16.112000000000002,76.18799999999719,Hungund,Manmathanal,0.233,8.435
0.419,Hungund,0.521,2015-17,Bagalkot,524,0.345,0.696,29_524_shc_2015-17.432,254.335,2.227,539.252,0.41,26.812,78.311,Karnataka,29,16.112000000000002,75.99199999999765,Hungund,Chittaragi,0.389,8.303
0.539,Hungund,0.316,2015-17,Bagalkot,524,0.556,0.408,29_524_shc_2015-17.522,445.916,1.439,435.85,1.856,68.075,9.737,Karnataka,29,16.112000000000002,76.21799999999712,Hungund,Pochapur,0.298,8.285
0.567,Hungund,1.61,2015-17,Bagalkot,524,0.442,2.35,29_524_shc_2015-17.395,396.542,6.018,179.468,0.909,42.647,27.168,Karnataka,29,16.116,75.91199999999783,Hungund,Budihal (Inam),0.246,7.957
0.699,Hungund,0.351,2015-17,Bagalkot,524,0.363,1.171,29_524_shc_2015-17.504,349.672,3.008,398.94,0.51,31.234,15.4,Karnataka,29,16.119999999999997,76.17799999999721,Hungund,Lavalasar,0.35,8.055
0.453,Bagalkot,1.045,2015-17,Bagalkot,524,0.355,1.18,29_524_shc_2015-17.297,539.582,3.795,474.901,0.601,32.147,57.058,Karnataka,29,16.123999999999995,75.70599999999831,Bagalkot,Niralkeri,0.738,7.686
0.649,Bagalkot,0.981,2015-17,Bagalkot,524,0.314,1.094,29_524_shc_2015-17.337,404.141,3.397,397.966,0.975,28.475,191.813,Karnataka,29,16.123999999999995,75.79199999999811,Bagalkot,Sirur,0.699,7.937
0.29,Badami,0.893,2015-17,Bagalkot,524,0.274,0.969,29_524_shc_2015-17.201,297.368,2.923,527.079,4.776,28.532,14.93,Karnataka,29,16.125999999999994,75.52399999999874,Badami,Neerabudihal,0.662,7.666
0.547,Hungund,0.997,2015-17,Bagalkot,524,0.206,0.915,29_524_shc_2015-17.421,220.66,4.453,614.501,0.812,10.444,34.219,Karnataka,29,16.127999999999993,75.96399999999771,Hungund,Papathanal,0.501,7.651
1.236,Mudhol,1.455,2015-17,Bagalkot,524,0.394,3.402,29_524_shc_2015-17.97,479.12,4.564,365.666,0.918,39.831,34.919,Karnataka,29,16.129999999999992,75.35799999999912,Mudhol,Varchagal,0.502,8.152
0.474,Hungund,0.321,2015-17,Bagalkot,524,0.276,0.428,29_524_shc_2015-17.520,469.313,0.986,311.188,3.274,68.009,9.02,Karnataka,29,16.13199999999999,76.21199999999713,Hungund,Dasbal,0.315,8.453
0.4,Hungund,0.27,2015-17,Bagalkot,524,0.275,0.418,29_524_shc_2015-17.516,508.578,1.473,262.212,0.432,42.697,8.622,Karnataka,29,16.13199999999999,76.19999999999716,Hungund,Kesarapenti,0.213,8.337
0.732,Mudhol,0.893,2015-17,Bagalkot,524,0.552,1.473,29_524_shc_2015-17.82,487.807,2.094,277.201,0.478,161.101,15.092,Karnataka,29,16.13399999999999,75.32999999999919,Mudhol,Jadar-Aralikatti,0.476,8.156
0.324,Badami,0.325,2015-17,Bagalkot,524,0.245,1.391,29_524_shc_2015-17.231,442.891,8.292,777.087,0.416,27.771,17.029,Karnataka,29,16.13399999999999,75.57799999999861,Badami,Kerakalamatti,0.249,7.138
0.921,Mudhol,1.615,2015-17,Bagalkot,524,0.49,0.604,29_524_shc_2015-17.112,716.308,3.558,354.005,7.236,33.59,44.594,Karnataka,29,16.137999999999987,75.38399999999906,Mudhol,Palkimanya,0.466,8.046
0.334,Badami,1.246,2015-17,Bagalkot,524,0.157,0.691,29_524_shc_2015-17.166,347.417,2.335,625.778,0.376,47.732,21.798,Karnataka,29,16.139999999999986,75.47199999999886,Badami,Yandigeri,0.469,6.959
0.79,Badami,1.71,2015-17,Bagalkot,524,0.78,0.76,29_524_shc_2015-17.144,51.53,6.76,166.24,0.29,41.68,13.5,Karnataka,29,16.141999999999985,75.43399999999895,Badami,Hanamaneri Inam,0.29,7.9
0.295,Hungund,0.706,2015-17,Bagalkot,524,0.316,2.103,29_524_shc_2015-17.387,424.029,3.116,742.174,0.44,,18.239,Karnataka,29,16.141999999999985,75.89199999999788,Hungund,Suralikal,0.509,7.701
1.045,Mudhol,1.509,2015-17,Bagalkot,524,0.743,0.699,29_524_shc_2015-17.63,473.232,2.446,268.714,0.461,29.324,20.459,Karnataka,29,16.143999999999984,75.28999999999928,Mudhol,Hosakoti,0.435,8.129
0.565,Hungund,0.705,2015-17,Bagalkot,524,0.538,1.702,29_524_shc_2015-17.528,440.538,4.066,195.576,0.336,48.264,29.826,Karnataka,29,16.143999999999984,76.2279999999971,Hungund,Amarawadgi,0.247,8.306
1.566,Mudhol,1.923,2015-17,Bagalkot,524,0.506,0.868,29_524_shc_2015-17.71,464.836,2.491,351.454,1.317,32.03,32.517,Karnataka,29,16.145999999999983,75.30799999999924,Mudhol,Dadanatti,0.488,8.016
0.329,Mudhol,0.514,2015-17,Bagalkot,524,0.214,0.63,29_524_shc_2015-17.131,548.334,1.827,547.463,0.931,30.982,11.9,Karnataka,29,16.145999999999983,75.41399999999899,Mudhol,Jalikatti(K.D),0.144,8.454
0.722,Hungund,0.09,2015-17,Bagalkot,524,0.22,3.178,29_524_shc_2015-17.361,391.3,7.844,686.833,0.356,56.946,15.456,Karnataka,29,16.145999999999983,75.84799999999798,Hungund,Basarikatti,0.534,7.9
0.574,Hungund,0.585,2015-17,Bagalkot,524,0.277,1.63,29_524_shc_2015-17.404,477.945,1.995,312.302,0.715,149.4,21.415,Karnataka,29,16.145999999999983,75.9259999999978,Hungund,Budihal (S.K.),0.355,8.738
0.514,Hungund,0.244,2015-17,Bagalkot,524,0.354,0.852,29_524_shc_2015-17.518,329.054,1.252,816.424,1.44,16.702,22.75,Karnataka,29,16.145999999999983,76.20399999999715,Hungund,Vadergonal,0.162,8.192
0.743,Bagalkot,1.027,2015-17,Bagalkot,524,0.635,0.912,29_524_shc_2015-17.314,361.343,1.755,304.733,0.408,30.784,,Karnataka,29,16.147999999999982,75.73599999999824,Bagalkot,Bevinamatti-S.Haveli,0.272,8.039
0.47,Bagalkot,1.067,2015-17,Bagalkot,524,0.508,0.632,29_524_shc_2015-17.213,380.201,3.3,391.362,0.546,50.798,18.089,Karnataka,29,16.14999999999998,75.54599999999868,Bagalkot,Hire-Shellikeri,0.313,7.939
0.418,Hungund,0.428,2015-17,Bagalkot,524,0.311,1.126,29_524_shc_2015-17.420,260.346,6.183,874.089,1.936,31.781,13.976,Karnataka,29,16.14999999999998,75.96399999999771,Hungund,Hiremalagavi,0.484,7.783
0.561,Bagalkot,0.845,2015-17,Bagalkot,524,0.611,1.902,29_524_shc_2015-17.300,416.214,3.707,554.762,2.608,29.677,,Karnataka,29,16.15199999999998,75.7099999999983,Bagalkot,Sigikeri,0.415,7.921
0.215,Hungund,0.556,2015-17,Bagalkot,524,0.254,1.916,29_524_shc_2015-17.401,492.081,3.391,619.477,0.403,26.319,13.22,Karnataka,29,16.15199999999998,75.91799999999782,Hungund,Muganur,0.437,6.948
0.49,Hungund,0.592,2015-17,Bagalkot,524,1.149,2.422,29_524_shc_2015-17.488,453.696,2.23,294.822,0.451,46.473,25.239,Karnataka,29,16.15399999999998,76.1399999999973,Hungund,Marol,0.274,7.998
0.727,Bagalkot,9.789,2015-17,Bagalkot,524,0.635,1.49,29_524_shc_2015-17.195,400.242,343.715,468.499,0.381,55.108,17.118,Karnataka,29,16.155999999999977,75.51799999999875,Bagalkot,Chickka-Shellikeri,0.549,7.938
0.725,Mudhol,1.641,2015-17,Bagalkot,524,0.502,0.644,29_524_shc_2015-17.85,450.708,4.19,376.18,0.667,39.173,33.596,Karnataka,29,16.157999999999976,75.33399999999918,Mudhol,Laxanatti,1.354,8.053
0.821,Bagalkot,0.718,2015-17,Bagalkot,524,0.753,0.807,29_524_shc_2015-17.188,321.625,1.69,582.827,0.504,21.384,15.434,Karnataka,29,16.157999999999976,75.50599999999878,Bagalkot,Kalasakopp,0.345,7.85
3.034,Hungund,0.646,2015-17,Bagalkot,524,0.207,0.293,29_524_shc_2015-17.460,216.792,1.696,768.17,1.5,38.061,80.172,Karnataka,29,16.157999999999976,76.06199999999748,Hungund,Iddalgi,0.175,8.156
0.332,Hungund,1.171,2015-17,Bagalkot,524,0.319,0.561,29_524_shc_2015-17.456,373.629,2.015,662.849,1.859,,9.928,Karnataka,29,16.157999999999976,76.04199999999753,Hungund,Bisanalkoppa,0.41,9.683
0.483,Mudhol,1.214,2015-17,Bagalkot,524,0.337,0.634,29_524_shc_2015-17.106,705.63,3.316,287.958,0.503,47.025,13.904,Karnataka,29,16.159999999999975,75.37599999999908,Mudhol,Lokapur,0.631,8.069
0.216,Hungund,0.594,2015-17,Bagalkot,524,0.357,1.516,29_524_shc_2015-17.396,479.368,3.606,390.97,0.551,34.039,12.138,Karnataka,29,16.159999999999975,75.91199999999783,Hungund,Amblikoppa,0.534,6.87
0.652,Hungund,0.409,2015-17,Bagalkot,524,0.306,0.87,29_524_shc_2015-17.463,355.892,1.892,561.055,1.016,39.359,9.992,Karnataka,29,16.159999999999975,76.07799999999745,Hungund,Belgal,0.491,8.159
0.54,Hungund,0.464,2015-17,Bagalkot,524,0.408,1.574,29_524_shc_2015-17.500,363.291,2.39,397.766,0.385,66.85,16.667,Karnataka,29,16.159999999999975,76.16399999999724,Hungund,Havaragi,7.84,
1.072,Hungund,0.721,2015-17,Bagalkot,524,0.506,1.239,29_524_shc_2015-17.526,442.339,2.035,182.426,0.328,47.22,25.747,Karnataka,29,16.159999999999975,76.2259999999971,Hungund,Islampur,18.045,8.41
0.35,Hungund,0.767,2015-17,Bagalkot,524,0.22,0.257,29_524_shc_2015-17.378,268.877,1.02,303.623,0.53,55.147,5.067,Karnataka,29,16.161999999999974,75.87599999999792,Hungund,Kadiwal Kallapur,0.097,8.533
0.934,Hungund,0.307,2015-17,Bagalkot,524,1.168,1.566,29_524_shc_2015-17.510,357.247,1.909,342.664,0.507,32.263,12.374,Karnataka,29,16.161999999999974,76.1839999999972,Hungund,Koujaganur,0.289,8.974
1.472,Mudhol,0.484,2015-17,Bagalkot,524,0.318,0.546,29_524_shc_2015-17.138,474.799,1.886,303.486,0.53,22.558,11.73,Karnataka,29,16.165999999999972,75.42799999999896,Mudhol,Jalikatti(B.K),0.128,8.478
0.808,Bagalkot,1.278,2015-17,Bagalkot,524,0.581,0.989,29_524_shc_2015-17.157,387.567,3.675,424.793,0.736,21.744,18.057,Karnataka,29,16.16999999999997,75.4559999999989,Bagalkot,Khajjidoni,0.286,8.059
0.937,Bagalkot,1.353,2015-17,Bagalkot,524,0.327,0.853,29_524_shc_2015-17.238,331.126,2.86,331.166,0.547,24.092,14.512,Karnataka,29,16.16999999999997,75.59199999999858,Bagalkot,Simikeri,0.325,7.994
0.333,Bagalkot,0.535,2015-17,Bagalkot,524,0.278,0.481,29_524_shc_2015-17.320,425.436,1.022,235.646,0.349,33.144,9.895,Karnataka,29,16.16999999999997,75.7519999999982,Bagalkot,Honnakatti,0.308,8.161
0.387,Bagalkot,1.794,2015-17,Bagalkot,524,0.283,1.162,29_524_shc_2015-17.388,346.371,2.326,569.337,0.552,17.145,8.97,Karnataka,29,16.173999999999968,75.89599999999787,Bagalkot,Choudapur,0.815,7.904
0.564,Bagalkot,0.675,2015-17,Bagalkot,524,0.362,2.724,29_524_shc_2015-17.365,378.129,5.473,511.223,1.208,42.229,24.039,Karnataka,29,16.173999999999968,75.85799999999796,Bagalkot,Bhairamatti,0.403,7.949
1.166,Bagalkot,,2015-17,Bagalkot,524,0.3,4.791,29_524_shc_2015-17.252,403.485,2.252,523.469,0.352,36.658,14.013,Karnataka,29,16.175999999999966,75.62199999999851,Bagalkot,Gaddankeri,0.374,
0.752,Mudhol,1.105,2015-17,Bagalkot,524,0.666,0.642,29_524_shc_2015-17.92,512.729,2.093,325.307,3.778,41.255,19.429,Karnataka,29,16.177999999999965,75.34599999999915,Mudhol,Naganapur,0.509,8.096
0.651,Bagalkot,0.513,2015-17,Bagalkot,524,0.409,0.504,29_524_shc_2015-17.312,387.434,2.104,290.915,0.451,26.65,10.96,Karnataka,29,16.179999999999964,75.73399999999825,Bagalkot,Mallapur,0.315,8.073
0.543,Mudhol,0.843,2015-17,Bagalkot,524,0.946,0.618,29_524_shc_2015-17.110,365.69,3.864,286.371,0.5,35.983,10.949,Karnataka,29,16.181999999999963,75.38199999999907,Mudhol,Chawadapur,0.363,7.941
0.819,Bagalkot,0.785,2015-17,Bagalkot,524,0.268,0.537,29_524_shc_2015-17.217,362.54,2.263,347.162,1.366,46.927,16.853,Karnataka,29,16.181999999999963,75.55399999999867,Bagalkot,Tulasigeri,1.603,8.119
0.389,Hungund,0.688,2015-17,Bagalkot,524,0.287,0.807,29_524_shc_2015-17.433,301.423,2.795,399.999,0.671,15.166,24.272,Karnataka,29,16.181999999999963,75.99599999999764,Hungund,Nandanoor,0.314,7.983
0.645,Hungund,0.958,2015-17,Bagalkot,524,0.155,0.52,29_524_shc_2015-17.464,240.498,6.478,422.368,0.738,38.468,34.438,Karnataka,29,16.183999999999962,76.07799999999745,Hungund,Kamadatta,0.15,8.175
1.427,Bagalkot,0.813,2015-17,Bagalkot,524,0.54,0.696,29_524_shc_2015-17.177,403.689,2.438,393.312,0.53,87.032,12.298,Karnataka,29,16.18599999999996,75.48799999999882,Bagalkot,Kaladgi,0.413,8.065
0.535,Hungund,0.783,2015-17,Bagalkot,524,0.267,1.215,29_524_shc_2015-17.423,286.129,4.146,537.656,1.584,26.221,17.978,Karnataka,29,16.18599999999996,76.06799999999747,Hungund,Ganjihal,0.827,7.853
0.474,Hungund,0.775,2015-17,Bagalkot,524,0.696,0.941,29_524_shc_2015-17.449,378.364,2.854,565.249,17.339,30.18,10.787,Karnataka,29,16.18999999999996,76.03199999999755,Hungund,Khajagal,0.298,8.415
0.33,Hungund,0.688,2015-17,Bagalkot,524,0.112,0.798,29_524_shc_2015-17.442,318.155,2.678,990.657,1.062,23.376,11.594,Karnataka,29,16.191999999999958,76.01599999999759,Hungund,Varagodadinni,0.422,8.336
0.57,Hungund,0.748,2015-17,Bagalkot,524,0.171,0.746,29_524_shc_2015-17.467,277.913,5.218,455.523,0.612,15.574,29.316,Karnataka,29,16.191999999999958,76.08799999999742,Hungund,Yemmihatti,0.551,7.789
0.713,Bagalkot,0.888,2015-17,Bagalkot,524,0.331,0.666,29_524_shc_2015-17.343,338.103,3.832,355.711,0.62,31.735,32.6,Karnataka,29,16.193999999999956,75.80599999999808,Bagalkot,Bhagavati,0.646,8.055
0.691,Bagalkot,1.012,2015-17,Bagalkot,524,0.25,0.794,29_524_shc_2015-17.324,337.311,3.591,315.419,0.532,38.961,25.846,Karnataka,29,16.195999999999955,75.76399999999818,Bagalkot,Kirasur,0.421,7.621
0.502,Mudhol,0.807,2015-17,Bagalkot,524,0.893,0.383,29_524_shc_2015-17.136,535.189,2.968,335.381,0.593,196.332,44.719,Karnataka,29,16.197999999999954,75.42399999999897,Mudhol,Bhantnur,0.359,7.908
0.998,Mudhol,0.688,2015-17,Bagalkot,524,0.594,0.415,29_524_shc_2015-17.91,321.468,2.519,352.44,0.612,27.924,46.012,Karnataka,29,16.199999999999953,75.34599999999915,Mudhol,Hebbal,0.399,10.613
0.54,Bagalkot,0.596,2015-17,Bagalkot,524,0.443,0.691,29_524_shc_2015-17.360,389.51,2.515,340.418,0.544,37.758,22.384,Karnataka,29,16.199999999999953,75.841999999998,Bagalkot,Hallur,1.751,
0.685,Bagalkot,1.786,2015-17,Bagalkot,524,0.319,0.422,29_524_shc_2015-17.267,467.528,1.411,281.191,0.486,32.958,5.528,Karnataka,29,16.201999999999952,75.65399999999843,Bagalkot,Muranal,0.219,8.267
0.813,Bagalkot,0.829,2015-17,Bagalkot,524,1.219,1.604,29_524_shc_2015-17.249,463.455,2.263,377.098,6.752,33.464,16.337,Karnataka,29,16.201999999999952,75.61799999999852,Bagalkot,Anadinni,0.233,7.873
0.494,Bagalkot,1.062,2015-17,Bagalkot,524,0.462,1.703,29_524_shc_2015-17.288,448.745,1.798,556.712,0.341,29.928,14.135,Karnataka,29,16.201999999999952,75.68399999999836,Bagalkot,Bagalkot (Rural),0.372,7.883
1.027,Mudhol,1.389,2015-17,Bagalkot,524,0.396,0.674,29_524_shc_2015-17.145,695.092,2.655,288.884,0.853,40.378,30.372,Karnataka,29,16.20399999999995,75.43799999999894,Mudhol,Badnur,0.49,7.975
0.851,Bagalkot,1.508,2015-17,Bagalkot,524,0.739,3.541,29_524_shc_2015-17.260,455.265,4.023,469.845,0.32,37.555,10.091,Karnataka,29,16.20399999999995,75.63999999999847,Bagalkot,Kesanur *,0.435,7.939
0.587,Mudhol,1.266,2015-17,Bagalkot,524,0.399,0.433,29_524_shc_2015-17.61,460.192,2.929,397.755,0.693,21.211,19.166,Karnataka,29,16.20599999999995,75.28599999999929,Mudhol,Bommanbudni,0.383,7.217
0.475,Bagalkot,2.174,2015-17,Bagalkot,524,0.324,0.433,29_524_shc_2015-17.282,471.932,1.595,333.337,0.582,44.592,6.856,Karnataka,29,16.20599999999995,75.67199999999839,Bagalkot,Veerapur,0.252,8.113
1.104,Mudhol,1.149,2015-17,Bagalkot,524,0.409,0.811,29_524_shc_2015-17.76,468.507,3.974,347.369,0.997,33.561,32.426,Karnataka,29,16.209999999999948,75.31599999999922,Mudhol,Muddapur,0.871,8.243
0.545,Bagalkot,1.269,2015-17,Bagalkot,524,0.437,303.45,29_524_shc_2015-17.255,504.521,1.876,331.598,7.034,34.634,9.943,Karnataka,29,16.209999999999948,75.63199999999848,Bagalkot,Bannidinni,0.339,7.937
0.365,Hungund,0.902,2015-17,Bagalkot,524,0.224,0.893,29_524_shc_2015-17.450,362.457,3.674,574.0,8.348,29.891,12.771,Karnataka,29,16.213999999999945,76.03199999999755,Hungund,Sangam,0.333,8.371
0.867,Mudhol,1.76,2015-17,Bagalkot,524,0.521,0.696,29_524_shc_2015-17.48,407.385,4.109,599.376,3.013,42.852,50.31,Karnataka,29,16.215999999999944,75.24799999999938,Mudhol,Halaki,1.0,7.871
0.787,Bagalkot,1.039,2015-17,Bagalkot,524,0.686,1.884,29_524_shc_2015-17.154,427.083,11.59,705.942,0.46,43.009,28.201,Karnataka,29,16.219999999999942,75.4519999999989,Bagalkot,Udagatti,0.532,7.692
0.585,Bagalkot,0.841,2015-17,Bagalkot,524,1.219,1.861,29_524_shc_2015-17.162,406.25,9.596,667.443,0.388,36.814,17.412,Karnataka,29,16.219999999999942,75.46799999999887,Bagalkot,Sharadal,0.341,7.555
0.309,Hungund,0.537,2015-17,Bagalkot,524,0.413,0.886,29_524_shc_2015-17.446,320.779,2.379,806.658,0.386,191.341,13.353,Karnataka,29,16.219999999999942,76.02599999999757,Hungund,Valakaladinni,0.534,8.306
0.24,Bagalkot,2.495,2015-17,Bagalkot,524,0.924,0.258,29_524_shc_2015-17.200,459.928,0.706,261.652,0.456,69.696,25.819,Karnataka,29,16.22199999999994,75.52399999999874,Bagalkot,Hire-Sansi,0.151,7.651
0.784,Bagalkot,0.719,2015-17,Bagalkot,524,0.465,0.536,29_524_shc_2015-17.226,397.982,1.707,243.225,0.44,27.507,13.279,Karnataka,29,16.22199999999994,75.56999999999863,Bagalkot,Sokanadgi,1.59,8.462
0.9,Mudhol,1.164,2015-17,Bagalkot,524,0.432,0.769,29_524_shc_2015-17.54,421.802,2.188,364.244,0.639,21.472,23.785,Karnataka,29,16.22399999999994,75.26999999999933,Mudhol,Ningapur,7.211,8.059
1.164,Mudhol,1.695,2015-17,Bagalkot,524,0.379,0.762,29_524_shc_2015-17.72,795.195,2.863,343.716,0.6,28.559,24.641,Karnataka,29,16.22599999999994,75.30799999999924,Mudhol,Petlur,0.404,8.21
0.613,Mudhol,1.089,2015-17,Bagalkot,524,0.313,1.401,29_524_shc_2015-17.108,654.012,3.331,351.691,0.614,38.681,21.857,Karnataka,29,16.22599999999994,75.37999999999907,Mudhol,Budni Khurd,0.964,8.105
0.436,Mudhol,1.093,2015-17,Bagalkot,524,0.756,0.552,29_524_shc_2015-17.146,748.857,2.595,265.451,0.465,33.974,27.405,Karnataka,29,16.227999999999938,75.43999999999893,Mudhol,Junnur,0.404,7.827
0.319,Hungund,0.667,2015-17,Bagalkot,524,0.253,0.829,29_524_shc_2015-17.445,628.307,2.895,542.681,0.587,18.627,10.44,Karnataka,29,16.227999999999938,76.02399999999757,Hungund,Bisaladinni,0.283,8.091
0.315,Bagalkot,0.4,2015-17,Bagalkot,524,0.963,0.31,29_524_shc_2015-17.205,438.912,1.103,290.105,0.515,57.149,4.629,Karnataka,29,16.229999999999936,75.53399999999871,Bagalkot,Chikk-Sansi,0.19,7.562
7.517,Bagalkot,1.062,2015-17,Bagalkot,524,0.206,0.769,29_524_shc_2015-17.333,345.095,2.442,392.732,0.551,30.046,24.272,Karnataka,29,16.229999999999936,75.78799999999812,Bagalkot,Kadalimatti,0.247,8.059
0.475,Bagalkot,2.72,2015-17,Bagalkot,524,0.365,1.302,29_524_shc_2015-17.305,434.978,144.45,512.914,0.461,36.832,10.768,Karnataka,29,16.231999999999935,75.71999999999828,Bagalkot,Yankachi,0.373,
0.679,Bagalkot,0.856,2015-17,Bagalkot,524,0.175,1.156,29_524_shc_2015-17.352,356.927,1.99,496.533,,25.989,23.267,Karnataka,29,16.235999999999933,75.82999999999802,Bagalkot,Achanur,0.436,7.85
0.61,Hungund,0.562,2015-17,Bagalkot,524,0.507,0.39,29_524_shc_2015-17.454,315.028,1.188,514.7,0.313,129.398,19.64,Karnataka,29,16.237999999999932,76.03999999999753,Hungund,Turadagi,0.301,8.2
0.81,Bilagi,0.57,2015-17,Bagalkot,524,0.23,0.27,29_524_shc_2015-17.183,100.91,1.84,468.27,0.82,37.67,5.15,Karnataka,29,16.23999999999993,75.49999999999879,Bilgi,Lingapur(S.K),0.3,8.1
