B,Category,Cu,Cycle_Year,DISTRICT,DISTRICT_L,EC,Feature_ID,K,Mn,N,OC,P,S,STATE,STATE_LGD,Scan_Lat,Scan_Lon,TEHSIL,VILLAGE,Zn,fe,pH
0.89,Sufficient,0.55,2017-19,BAGALKOT,524,0.17,29_524_shc_2017-19.299,279.56,2.06,321.0,0.56,16.245,63.0,KARNATAKA,29,15.83600000000001,75.72799999999826,BADAMI,DHANAK SIRUR,0.185,0.25,8.1
0.41,Deficient,0.84,2017-19,BAGALKOT,524,0.17,29_524_shc_2017-19.317,457.76,4.01,487.25,0.83,17.02,33.0,KARNATAKA,29,15.84000000000001,75.76399999999818,BADAMI,JALIHAL,0.3,0.69,7.6
0.4,Deficient,1.11,2017-19,BAGALKOT,524,0.15,29_524_shc_2017-19.306,355.05,3.92,263.7,0.44,22.19,35.25,KARNATAKA,29,15.844000000000012,75.74599999999822,BADAMI,BELUR,0.38,0.46,7.8
0.3,Deficient,1.28,2017-19,BAGALKOT,524,0.23,29_524_shc_2017-19.232,320.06,7.47,349.67,0.61,13.65,47.25,KARNATAKA,29,15.846000000000013,75.60999999999854,BADAMI,HEBBALLI,0.29,0.75,7.7
0.715,Sufficient,0.52,2017-19,BAGALKOT,524,0.2,29_524_shc_2017-19.257,458.1,1.59,389.795,0.68,9.144,33.0,KARNATAKA,29,15.846000000000013,75.65799999999842,BADAMI,JAKNUR,0.45,0.24,8.0
0.69,Sufficient,3.07,2017-19,BAGALKOT,524,0.09,29_524_shc_2017-19.268,164.92,4.06,435.65,0.76,40.131,36.75,KARNATAKA,29,15.846000000000013,75.67999999999837,BADAMI,KATARKI,1.01,0.68,7.5
0.5,Sufficient,0.98,2017-19,BAGALKOT,524,0.21,29_524_shc_2017-19.202,375.525,7.06,338.21,0.59,17.2,53.75,KARNATAKA,29,15.852000000000015,75.55199999999867,BADAMI,KITALI,0.3,0.59,7.8
0.53,Sufficient,1.39,2017-19,BAGALKOT,524,0.21,29_524_shc_2017-19.187,249.75,7.92,286.62,0.5,23.21,31.0,KARNATAKA,29,15.860000000000017,75.52799999999873,BADAMI,KALASA,0.3,0.73,7.8
0.8,Sufficient,0.63,2017-19,BAGALKOT,524,0.17,29_524_shc_2017-19.303,284.18,3.23,309.54,0.54,14.56,51.25,KARNATAKA,29,15.86800000000002,75.73999999999823,BADAMI,CHIK NASBI,0.21,0.33,7.9
0.34,Deficient,0.845,2017-19,BAGALKOT,524,0.14,29_524_shc_2017-19.286,266.625,6.67,389.8,0.63,24.58,51.86,KARNATAKA,29,15.87000000000002,75.7099999999983,BADAMI,CHOLACHAGUD,0.48,1.18,7.6
0.77,Sufficient,0.69,2017-19,BAGALKOT,524,0.11,29_524_shc_2017-19.213,371.36,2.7,303.81,0.53,32.1,22.5,KARNATAKA,29,15.874000000000022,75.57599999999861,BADAMI,BELVALKOP,0.18,0.35,8.5
0.95,Sufficient,1.295,2017-19,BAGALKOT,524,0.23,29_524_shc_2017-19.168,346.61,2.74,237.89,0.415,14.47,19.75,KARNATAKA,29,15.882000000000025,75.50199999999879,BADAMI,GOVINKOPPA,0.34,0.39,8.7
0.7,Sufficient,1.154,2017-19,BAGALKOT,524,0.14,29_524_shc_2017-19.205,212.18,6.81,298.08,0.52,23.2,31.0,KARNATAKA,29,15.888000000000027,75.55999999999865,BADAMI,BANKNARI,0.31,0.57,7.8
0.84,Sufficient,0.32,2017-19,BAGALKOT,524,0.17,29_524_shc_2017-19.308,194.18,4.015,120.38,0.21,14.605,67.375,KARNATAKA,29,15.890000000000027,75.74799999999821,BADAMI,NAVALHOLI,0.46,0.45,8.1
0.55,Sufficient,0.64,2017-19,BAGALKOT,524,0.135,29_524_shc_2017-19.254,356.29,4.305,229.29,0.39,29.0,19.65,KARNATAKA,29,15.894000000000029,75.65399999999843,BADAMI,YERGOP,0.3,0.915,7.66
0.7,Sufficient,0.83,2017-19,BAGALKOT,524,0.13,29_524_shc_2017-19.149,255.26,4.79,257.95,0.45,22.66,26.5,KARNATAKA,29,15.89800000000003,75.46799999999887,BADAMI,ALUR,0.3,0.59,8.3
0.69,Sufficient,0.86,2017-19,BAGALKOT,524,0.16,29_524_shc_2017-19.141,316.01,6.5,298.54,0.52,62.699,42.0,KARNATAKA,29,15.902000000000031,75.4539999999989,BADAMI,HAGNUR,0.37,0.54,8.1
0.28,Deficient,0.58,2017-19,BAGALKOT,524,0.18,29_524_shc_2017-19.234,303.8,2.84,464.1,0.39,26.4,15.23,KARNATAKA,29,15.902000000000031,75.61599999999852,BADAMI,MUTTALGERI,0.47,1.58,7.73
0.89,Sufficient,0.54,2017-19,BAGALKOT,524,0.32,29_524_shc_2017-19.176,211.5,1.52,212.1,0.37,9.373,30.5,KARNATAKA,29,15.902000000000031,75.51599999999875,BADAMI,KULGERI,0.18,0.32,8.81
0.21,Deficient,1.24,2017-19,BAGALKOT,524,0.18,29_524_shc_2017-19.217,129.1,3.25,620.9,0.25,23.39,16.48,KARNATAKA,29,15.906000000000033,75.5819999999986,BADAMI,ALADKATTI,0.46,1.61,8.07
0.8,Sufficient,0.46,2017-19,BAGALKOT,524,0.23,29_524_shc_2017-19.481,298.125,1.42,298.08,0.52,18.1,41.0,KARNATAKA,29,15.906000000000033,76.1399999999973,HUNGUND,CHIK KODAGALI,0.2,0.48,8.2
0.395,Deficient,0.895,2017-19,BAGALKOT,524,0.2,29_524_shc_2017-19.134,366.188,6.75,240.76,0.42,21.66,44.25,KARNATAKA,29,15.910000000000034,75.44399999999892,BADAMI,KARALKOP,0.345,0.65,7.8
0.94,Sufficient,0.56,2017-19,BAGALKOT,524,0.12,29_524_shc_2017-19.165,189.7,2.26,143.31,0.25,7.28,7.5,KARNATAKA,29,15.916000000000036,75.48999999999882,BADAMI,CHIRALKOP,0.2,0.63,7.68
0.47,Deficient,0.7,2017-19,BAGALKOT,524,0.225,29_524_shc_2017-19.465,273.038,4.5,286.62,0.5,20.02,26.25,KARNATAKA,29,15.916000000000036,76.10599999999738,HUNGUND,SANKLAPUR,0.25,0.46,7.9
0.56,Sufficient,0.73,2017-19,BAGALKOT,524,0.26,29_524_shc_2017-19.410,321.64,2.81,516.8,0.51,28.94,19.16,KARNATAKA,29,15.922000000000038,75.96199999999772,HUNGUND,DAMMUR,0.48,1.33,7.78
0.39,Deficient,1.12,2017-19,BAGALKOT,524,0.08,29_524_shc_2017-19.223,172.24,7.23,309.54,0.54,26.299,17.0,KARNATAKA,29,15.93000000000004,75.59199999999858,BADAMI,KARDIGUD,0.42,1.4,7.1
1.0,Sufficient,0.37,2017-19,BAGALKOT,524,0.1,29_524_shc_2017-19.154,191.36,1.19,154.77,0.27,9.464,16.5,KARNATAKA,29,15.93000000000004,75.47399999999885,BADAMI,CHIMMANAKATTI,0.11,0.38,8.44
0.28,Deficient,0.85,2017-19,BAGALKOT,524,0.13,29_524_shc_2017-19.330,646.09,1.49,406.39,0.67,11.0,20.0,KARNATAKA,29,15.932000000000041,75.7959999999981,BADAMI,GONAL,0.2,0.46,8.74
0.33,Deficient,0.64,2017-19,BAGALKOT,524,0.14,29_524_shc_2017-19.324,554.51,1.41,349.67,0.61,23.93,18.0,KARNATAKA,29,15.934000000000042,75.77999999999814,BADAMI,SHIRBADGI,0.27,0.26,8.61
0.68,Sufficient,0.81,2017-19,BAGALKOT,524,0.15,29_524_shc_2017-19.487,221.17,3.03,349.67,0.61,28.94,29.25,KARNATAKA,29,15.940000000000044,76.15199999999727,HUNGUND,HIRE KODAGALI,0.21,0.31,8.1
0.87,Sufficient,0.58,2017-19,BAGALKOT,524,0.17,29_524_shc_2017-19.530,320.85,2.28,246.49,0.43,9.282,17.25,KARNATAKA,29,15.940000000000044,76.3139999999969,HUNGUND,SOMLAPUR,0.21,0.23,8.4
0.32,Deficient,1.21,2017-19,BAGALKOT,524,0.16,29_524_shc_2017-19.136,360.0,1.77,589.6,0.59,36.15,18.61,KARNATAKA,29,15.942000000000045,75.44999999999891,BADAMI,KAKANUR,0.51,1.63,8.32
0.63,Sufficient,0.41,2017-19,BAGALKOT,524,0.12,29_524_shc_2017-19.169,290.33,1.44,154.77,0.28,32.62,6.75,KARNATAKA,29,15.942000000000045,75.50399999999878,BADAMI,KALLAPUR,0.24,0.94,7.77
0.3,Deficient,0.94,2017-19,BAGALKOT,524,0.13,29_524_shc_2017-19.242,141.75,6.85,303.81,0.53,26.03,60.25,KARNATAKA,29,15.942000000000045,75.63199999999848,BADAMI,KABBALGERI,1.27,1.96,7.9
0.51,Sufficient,0.73,2017-19,BAGALKOT,524,0.11,29_524_shc_2017-19.477,205.313,4.69,372.6,0.65,27.57,44.0,KARNATAKA,29,15.944000000000045,76.13199999999732,HUNGUND,HANAMNAL,0.26,0.36,7.7
0.59,Sufficient,0.81,2017-19,BAGALKOT,524,0.12,29_524_shc_2017-19.369,196.08,6.33,120.37,0.21,33.94,62.75,KARNATAKA,29,15.946000000000046,75.86799999999793,HUNGUND,BHIMANGAD,0.46,2.36,7.5
0.95,Sufficient,0.58,2017-19,BAGALKOT,524,0.07,29_524_shc_2017-19.181,326.3,2.88,206.36,0.36,36.76,27.0,KARNATAKA,29,15.950000000000047,75.51999999999875,BADAMI,MAMATGERI,0.55,0.64,8.1
0.51,Sufficient,0.92,2017-19,BAGALKOT,524,0.15,29_524_shc_2017-19.503,256.16,4.34,241.0,0.42,24.9325,19.4,KARNATAKA,29,15.952000000000048,76.1859999999972,HUNGUND,HIRE OTGERI,0.18,0.3,8.0
0.28,Deficient,0.85,2017-19,BAGALKOT,524,0.13,29_524_shc_2017-19.473,646.09,1.49,406.39,0.67,11.0,20.0,KARNATAKA,29,15.954000000000049,76.12799999999733,HUNGUND,GONAL,0.2,0.46,8.74
0.49,Deficient,0.7,2017-19,BAGALKOT,524,0.12,29_524_shc_2017-19.164,117.68,7.26,223.18,0.39,60.879,22.75,KARNATAKA,29,15.95600000000005,75.48999999999882,BADAMI,TAPASKATTI,0.36,2.6,8.2
0.78,Sufficient,0.21,2017-19,BAGALKOT,524,0.15,29_524_shc_2017-19.357,507.38,6.57,298.0,0.5,20.9,25.5,KARNATAKA,29,15.95800000000005,75.84999999999798,BADAMI,CHIMALGI,0.15,0.76,8.5
0.59,Sufficient,0.53,2017-19,BAGALKOT,524,0.14,29_524_shc_2017-19.334,464.74,1.09,257.95,0.43,18.25,14.25,KARNATAKA,29,15.962000000000051,75.80599999999808,BADAMI,PATTADKAL,0.28,0.26,8.83
0.8,Sufficient,0.91,2017-19,BAGALKOT,524,0.2,29_524_shc_2017-19.464,261.338,2.7,315.28,0.55,26.48,33.75,KARNATAKA,29,15.964000000000052,76.10399999999738,HUNGUND,ILKAL,0.26,0.29,8.3
0.61,Sufficient,0.51,2017-19,BAGALKOT,524,0.07,29_524_shc_2017-19.221,218.81,2.745,154.77,0.27,19.7,18.25,KARNATAKA,29,15.966000000000053,75.58799999999859,BADAMI,MUSHTIGERI,0.27,1.025,7.55
0.47,Deficient,0.91,2017-19,BAGALKOT,524,0.19,29_524_shc_2017-19.494,273.71,3.86,184.9,0.32,27.027,17.625,KARNATAKA,29,15.968000000000053,76.17399999999722,HUNGUND,VAJHAL,0.15,0.28,8.2
0.25,Deficient,0.46,2017-19,BAGALKOT,524,0.12,29_524_shc_2017-19.146,292.5,1.76,395.1,0.57,25.84,12.46,KARNATAKA,29,15.970000000000054,75.45999999999889,BADAMI,NIRALKERI,0.28,2.41,7.85
0.6,Sufficient,0.27,2017-19,BAGALKOT,524,0.08,29_524_shc_2017-19.197,245.1,2.14,131.84,0.23,25.03,44.25,KARNATAKA,29,15.970000000000054,75.54599999999868,BADAMI,UGALVAT,0.33,0.9,7.0
0.49,Deficient,0.61,2017-19,BAGALKOT,524,0.22,29_524_shc_2017-19.480,247.388,1.26,257.95,0.45,20.57,26.0,KARNATAKA,29,15.972000000000055,76.1379999999973,HUNGUND,GORUBAL,0.17,0.24,8.1
1.0,Sufficient,0.44,2017-19,BAGALKOT,524,0.06,29_524_shc_2017-19.179,409.33,2.6,166.24,0.29,30.8,11.5,KARNATAKA,29,15.978000000000057,75.51799999999875,BADAMI,HALAGERI,0.31,0.71,7.8
0.5,Sufficient,0.95,2017-19,BAGALKOT,524,0.1,29_524_shc_2017-19.276,174.375,5.58,217.83,0.38,17.11,31.0,KARNATAKA,29,15.984000000000059,75.69599999999834,BADAMI,KUTAKANKERI,0.38,0.82,7.5
0.38,Deficient,1.38,2017-19,BAGALKOT,524,0.21,29_524_shc_2017-19.392,435.15,6.39,338.21,0.59,18.2,41.0,KARNATAKA,29,15.984000000000059,75.91599999999782,HUNGUND,KELUR,0.35,0.72,7.79
0.28,Deficient,0.85,2017-19,BAGALKOT,524,0.13,29_524_shc_2017-19.525,646.09,1.49,406.39,0.67,11.0,20.0,KARNATAKA,29,15.98600000000006,76.27999999999697,HUNGUND,GONAL,0.2,0.46,8.74
0.32,Deficient,0.65,2017-19,BAGALKOT,524,0.11,29_524_shc_2017-19.137,269.44,2.58,551.6,0.39,19.75,13.11,KARNATAKA,29,15.99000000000006,75.44999999999891,BADAMI,RADDER TIMMAPUR,0.35,2.16,7.76
0.39,Deficient,1.73,2017-19,BAGALKOT,524,0.31,29_524_shc_2017-19.522,187.763,4.49,487.2,0.85,8.645,35.25,KARNATAKA,29,15.992000000000061,76.22999999999709,HUNGUND,KRISHNAPUR,0.53,0.34,7.3
0.74,Sufficient,0.67,2017-19,BAGALKOT,524,0.04,29_524_shc_2017-19.159,290.03,4.41,166.24,0.296,42.6,31.75,KARNATAKA,29,15.994000000000062,75.47999999999884,BADAMI,HALIGERI,0.73,0.49,7.4
0.51,Sufficient,0.71,2017-19,BAGALKOT,524,0.22,29_524_shc_2017-19.468,240.53,3.15,233.77,0.41,28.3,15.5,KARNATAKA,29,16.000000000000064,76.10799999999738,HUNGUND,HERUR,0.21,0.3,8.3
0.58,Sufficient,1.01,2017-19,BAGALKOT,524,0.17,29_524_shc_2017-19.511,323.1,3.92,298.08,0.52,13.195,33.75,KARNATAKA,29,16.000000000000064,76.20599999999715,HUNGUND,HIRE SINGANGUTTI,0.32,0.39,8.3
0.766,Sufficient,0.84,2017-19,BAGALKOT,524,0.16,29_524_shc_2017-19.250,305.1,3.37,212.1,0.34,11.6,37.25,KARNATAKA,29,16.002000000000063,75.64199999999846,BADAMI,HALAKURKI,0.26,0.59,8.3
0.56,Sufficient,0.19,2017-19,BAGALKOT,524,0.08,29_524_shc_2017-19.312,268.31,7.3,149.03,0.24,22.2,12.75,KARNATAKA,29,16.002000000000063,75.7539999999982,BADAMI,HANAPUR,0.35,5.2,8.2
0.37,Deficient,1.38,2017-19,BAGALKOT,524,0.15,29_524_shc_2017-19.383,247.1,7.69,269.42,0.46,19.838,61.75,KARNATAKA,29,16.002000000000063,75.89599999999787,HUNGUND,CHILAPUR,0.36,0.68,7.5
0.47,Deficient,0.69,2017-19,BAGALKOT,524,0.15,29_524_shc_2017-19.347,378.9,5.86,395.53,0.7,19.84,27.0,KARNATAKA,29,16.00400000000006,75.82999999999802,BADAMI,KOTGINAHALLI,0.4,0.89,7.7
0.67,Sufficient,1.1,2017-19,BAGALKOT,524,0.14,29_524_shc_2017-19.403,224.438,4.09,321.01,0.56,24.3,41.0,KARNATAKA,29,16.00600000000006,75.94399999999776,HUNGUND,SANGAPUR,0.25,0.37,8.0
0.44,Deficient,1.34,2017-19,BAGALKOT,524,0.22,29_524_shc_2017-19.411,508.613,6.46,355.4,0.62,18.93,35.0,KARNATAKA,29,16.00600000000006,75.96199999999772,HUNGUND,GORAJINAL,0.29,0.66,8.0
0.59,Sufficient,0.44,2017-19,BAGALKOT,524,0.175,29_524_shc_2017-19.424,375.53,3.45,240.76,0.42,11.875,28.625,KARNATAKA,29,16.00800000000006,75.98399999999766,HUNGUND,NAGUR,0.24,1.255,8.1
0.31,Deficient,1.17,2017-19,BAGALKOT,524,0.11,29_524_shc_2017-19.143,292.5,2.52,470.1,0.35,44.25,19.25,KARNATAKA,29,16.012000000000057,75.4559999999989,BADAMI,CHANCHALAKATTI,0.91,1.15,7.55
0.4,Deficient,2.53,2017-19,BAGALKOT,524,0.19,29_524_shc_2017-19.191,229.5,8.38,338.2,0.59,9.191,40.5,KARNATAKA,29,16.016000000000055,75.53599999999871,BADAMI,KERUR,0.52,0.65,7.2
0.47,Deficient,0.74,2017-19,BAGALKOT,524,0.13,29_524_shc_2017-19.233,179.66,6.09,240.76,0.42,27.12,32.35,KARNATAKA,29,16.016000000000055,75.60999999999854,BADAMI,YANKANCHI,0.35,0.71,8.0
0.38,Deficient,1.47,2017-19,BAGALKOT,524,0.14,29_524_shc_2017-19.166,226.8,8.39,212.1,0.37,30.12,43.5,KARNATAKA,29,16.018000000000054,75.49199999999881,BADAMI,HANUMANERI,0.41,1.56,7.8
0.5,Sufficient,0.835,2017-19,BAGALKOT,524,0.18,29_524_shc_2017-19.438,230.625,1.72,389.8,0.67,16.107,34.5,KARNATAKA,29,16.018000000000054,76.0139999999976,HUNGUND,YADAHALLI,0.22,0.41,8.2
0.52,Sufficient,0.76,2017-19,BAGALKOT,524,0.25,29_524_shc_2017-19.449,461.36,3.44,272.246,0.475,25.1,20.75,KARNATAKA,29,16.018000000000054,76.04199999999753,HUNGUND,CHITTAVADGI,0.32,0.41,7.93
0.51,Sufficient,0.445,2017-19,BAGALKOT,524,0.1,29_524_shc_2017-19.127,247.5,2.5,426.5,0.525,30.485,16.24,KARNATAKA,29,16.020000000000053,75.43399999999895,BADAMI,BELLIKANDI,0.72,1.96,7.9
0.59,Sufficient,1.26,2017-19,BAGALKOT,524,0.28,29_524_shc_2017-19.214,205.08,6.19,275.2,0.48,27.48,33.0,KARNATAKA,29,16.020000000000053,75.57799999999861,BADAMI,MATTIKATTI,0.37,0.55,7.5
0.63,Sufficient,0.86,2017-19,BAGALKOT,524,0.18,29_524_shc_2017-19.283,352.575,6.01,298.08,0.52,25.84,42.75,KARNATAKA,29,16.020000000000053,75.70799999999831,BADAMI,HANSUR,0.29,1.12,7.6
0.72,Sufficient,0.8,2017-19,BAGALKOT,524,0.19,29_524_shc_2017-19.471,235.01,3.52,234.98,0.41,34.49,27.5,KARNATAKA,29,16.02200000000005,76.11599999999736,HUNGUND,KESARBHAVI,0.25,0.3,8.3
0.42,Deficient,0.89,2017-19,BAGALKOT,524,0.15,29_524_shc_2017-19.339,335.7,5.93,372.6,0.6,25.1,22.5,KARNATAKA,29,16.02400000000005,75.81999999999805,BADAMI,KOTAGINAHALLI,0.49,0.85,7.9
0.53,Sufficient,1.85,2017-19,BAGALKOT,524,0.18,29_524_shc_2017-19.240,237.15,3.45,217.12,0.38,27.12,29.0,KARNATAKA,29,16.030000000000047,75.61999999999851,BADAMI,GUBBER KOPPA,0.21,0.48,7.8
0.64,Sufficient,0.98,2017-19,BAGALKOT,524,0.17,29_524_shc_2017-19.492,270.45,6.24,292.28,0.51,28.11,48.0,KARNATAKA,29,16.030000000000047,76.16399999999724,HUNGUND,JAMMALDINNI,0.28,0.23,8.2
0.38,Deficient,0.81,2017-19,BAGALKOT,524,0.21,29_524_shc_2017-19.225,434.363,5.86,286.62,0.5,18.2,35.0,KARNATAKA,29,16.032000000000046,75.59599999999857,BADAMI,MANINAGAR,0.46,0.76,7.8
0.4,Deficient,1.36,2017-19,BAGALKOT,524,0.12,29_524_shc_2017-19.428,238.38,4.7,108.91,0.19,25.75,31.75,KARNATAKA,29,16.032000000000046,75.99199999999765,HUNGUND,HONNARAHALLI,0.25,0.68,7.7
0.46,Deficient,1.06,2017-19,BAGALKOT,524,0.16,29_524_shc_2017-19.527,372.15,2.98,349.0,0.61,32.7155,42.5,KARNATAKA,29,16.032000000000046,76.28799999999696,HUNGUND,HARNAPUR,0.34,0.32,8.3
0.69,Sufficient,0.505,2017-19,BAGALKOT,524,0.17,29_524_shc_2017-19.475,421.82,3.83,235.02,0.41,23.65,28.75,KARNATAKA,29,16.034000000000045,76.12999999999732,HUNGUND,HIRE HUNKUNTI,0.21,0.41,8.45
0.94,Sufficient,0.55,2017-19,BAGALKOT,524,0.1,29_524_shc_2017-19.138,190.01,9.135,166.24,0.29,28.57,48.875,KARNATAKA,29,16.038000000000043,75.44999999999891,BADAMI,HAVALKOD,0.45,0.95,7.0
0.68,Sufficient,0.82,2017-19,BAGALKOT,524,0.18,29_524_shc_2017-19.348,328.163,5.46,329.605,0.54,20.25,35.25,KARNATAKA,29,16.038000000000043,75.83399999999801,BADAMI,ASANGI,0.26,0.63,7.7
0.35,Deficient,0.88,2017-19,BAGALKOT,524,0.14,29_524_shc_2017-19.327,299.0,4.4,275.2,0.47,24.6,35.25,KARNATAKA,29,16.040000000000042,75.78599999999813,BADAMI,PARVATI,0.385,0.795,7.5
0.92,Sufficient,0.62,2017-19,BAGALKOT,524,0.15,29_524_shc_2017-19.421,283.16,2.73,252.22,0.44,5.7765,66.0,KARNATAKA,29,16.040000000000042,75.97999999999767,HUNGUND,CHIKKAYARANAKERI,0.26,0.3,8.0
0.6,Sufficient,0.59,2017-19,BAGALKOT,524,0.17,29_524_shc_2017-19.365,247.05,2.28,389.06,0.68,36.22,31.5,KARNATAKA,29,16.04200000000004,75.86199999999795,HUNGUND,KALLIGUDDA,0.18,0.16,7.8
0.435,Deficient,0.53,2017-19,BAGALKOT,524,0.19,29_524_shc_2017-19.440,304.988,2.64,257.95,0.45,31.4,24.25,KARNATAKA,29,16.04200000000004,76.01999999999758,HUNGUND,BANNIHATTI,0.33,0.42,7.95
0.57,Sufficient,1.04,2017-19,BAGALKOT,524,0.12,29_524_shc_2017-19.123,216.23,3.31,378.33,0.66,21.212,18.5,KARNATAKA,29,16.04400000000004,75.42799999999896,BADAMI,JANGVAD,0.18,0.395,7.9
0.6,Sufficient,1.22,2017-19,BAGALKOT,524,0.05,29_524_shc_2017-19.172,215.25,8.14,238.34,0.43,12.28,38.5,KARNATAKA,29,16.04600000000004,75.50599999999878,BADAMI,NARENUR,0.45,1.96,6.5
0.75,Sufficient,2.36,2017-19,BAGALKOT,524,0.2,29_524_shc_2017-19.212,281.309,6.39,475.78,0.83,30.3,37.5,KARNATAKA,29,16.04600000000004,75.57199999999862,BADAMI,KADAPATTI,0.79,0.43,7.9
0.47,Deficient,0.95,2017-19,BAGALKOT,524,0.29,29_524_shc_2017-19.496,214.988,4.285,514.304,0.505,27.57,13.52,KARNATAKA,29,16.04600000000004,76.17599999999722,HUNGUND,TARIVAL,0.39,0.85,7.7
0.54,Sufficient,0.63,2017-19,BAGALKOT,524,0.16,29_524_shc_2017-19.427,355.163,2.81,298.08,0.52,17.75,38.0,KARNATAKA,29,16.048000000000037,75.98999999999765,HUNGUND,HIREYARANKERE,0.35,0.28,8.0
0.61,Sufficient,1.36,2017-19,BAGALKOT,524,0.2,29_524_shc_2017-19.412,313.2,7.46,407.0,0.71,26.39,44.0,KARNATAKA,29,16.052000000000035,75.96399999999771,HUNGUND,HANCHINAL,0.25,0.45,8.1
0.74,Sufficient,0.94,2017-19,BAGALKOT,524,0.12,29_524_shc_2017-19.259,350.33,1.82,223.56,0.39,15.3,15.0,KARNATAKA,29,16.054000000000034,75.65999999999842,BADAMI,HANGARGI,0.35,0.42,8.15
0.56,Sufficient,0.72,2017-19,BAGALKOT,524,0.21,29_524_shc_2017-19.485,347.96,3.48,237.89,0.39,25.39,22.5,KARNATAKA,29,16.054000000000034,76.15999999999725,HUNGUND,MALGIHAL,0.195,0.54,8.5
0.67,Sufficient,1.15,2017-19,BAGALKOT,524,0.23,29_524_shc_2017-19.190,236.25,4.69,375.6,0.65,28.39,51.25,KARNATAKA,29,16.056000000000033,75.53199999999872,BADAMI,MALAGI,0.49,0.32,7.9
0.55,Sufficient,0.86,2017-19,BAGALKOT,524,0.21,29_524_shc_2017-19.370,407.25,3.9,372.6,0.65,33.67,28.5,KARNATAKA,29,16.056000000000033,75.99999999999763,HUNGUND,MULLUR,0.36,0.46,7.9
0.44,Deficient,0.81,2017-19,BAGALKOT,524,0.18,29_524_shc_2017-19.236,321.638,3.99,447.12,0.78,30.39,32.0,KARNATAKA,29,16.058000000000032,75.61799999999852,BADAMI,LAKKASKOPPA,0.29,0.58,8.1
0.74,Sufficient,0.68,2017-19,BAGALKOT,524,0.12,29_524_shc_2017-19.514,334.125,4.61,378.0,0.66,10.19,57.0,KARNATAKA,29,16.06000000000003,76.21399999999713,HUNGUND,BENKANADONI,0.24,0.35,8.0
0.25,Deficient,1.21,2017-19,BAGALKOT,524,0.21,29_524_shc_2017-19.316,252.68,4.845,465.21,0.41,24.12,13.25,KARNATAKA,29,16.06200000000003,75.76199999999818,BADAMI,KOTIKAL,0.39,1.25,8.66
0.63,Sufficient,0.75,2017-19,BAGALKOT,524,0.18,29_524_shc_2017-19.423,372.15,3.71,235.02,0.41,28.0,16.0,KARNATAKA,29,16.06200000000003,75.98199999999767,HUNGUND,RAKKASAGI,0.25,0.35,8.2
0.64,Sufficient,0.97,2017-19,BAGALKOT,524,0.18,29_524_shc_2017-19.271,514.3,1.74,263.4,0.415,18.0,10.58,KARNATAKA,29,16.06400000000003,75.68599999999836,BADAMI,HIRE BUDHIHAL,0.34,1.27,8.55
0.48,Deficient,0.9,2017-19,BAGALKOT,524,0.18,29_524_shc_2017-19.401,259.425,3.89,286.62,0.44,23.48,24.25,KARNATAKA,29,16.06400000000003,75.93599999999778,HUNGUND,AMINGARH,0.42,0.89,7.64
0.86,Sufficient,0.58,2017-19,BAGALKOT,524,0.17,29_524_shc_2017-19.506,455.18,1.59,418.46,0.73,15.02,36.5,KARNATAKA,29,16.06400000000003,76.18799999999719,HUNGUND,BUDIHAL,0.34,0.26,8.0
0.32,Deficient,1.89,2017-19,BAGALKOT,524,0.16,29_524_shc_2017-19.228,511.765,7.4,435.65,0.76,16.29,35.0,KARNATAKA,29,16.066000000000027,75.59999999999856,BADAMI,JAMMANAKATTI,0.4,0.96,7.6
0.45,Deficient,0.89,2017-19,BAGALKOT,524,0.17,29_524_shc_2017-19.350,388.575,6.19,332.47,0.57,19.11,31.75,KARNATAKA,29,16.066000000000027,75.83399999999801,BADAMI,HALLADUR,0.46,0.92,7.9
0.85,Sufficient,0.68,2017-19,BAGALKOT,524,0.29,29_524_shc_2017-19.413,351.68,3.72,252.22,0.44,20.3,8.25,KARNATAKA,29,16.068000000000026,75.96399999999771,HUNGUND,KALLAGONAL,1.47,0.23,8.3
0.95,Sufficient,0.57,2017-19,BAGALKOT,524,0.29,29_524_shc_2017-19.476,347.0,4.55,229.29,0.4,27.21,31.75,KARNATAKA,29,16.076000000000022,76.12999999999732,HUNGUND,GHATIGNUR,0.19,0.25,8.3
0.955,Sufficient,0.89,2017-19,BAGALKOT,524,0.2,29_524_shc_2017-19.129,470.48,6.08,200.63,0.35,31.255,17.25,KARNATAKA,29,16.08000000000002,75.43399999999895,BADAMI,SHIPARMATTI,0.61,0.37,8.0
0.5,Sufficient,0.88,2017-19,BAGALKOT,524,0.1,29_524_shc_2017-19.356,267.3,5.625,292.35,0.51,26.75,64.75,KARNATAKA,29,16.08000000000002,75.84599999999799,BADAMI,INJANVARI,0.28,0.54,7.5
0.81,Sufficient,0.68,2017-19,BAGALKOT,524,0.23,29_524_shc_2017-19.414,361.46,4.045,235.02,0.41,14.74,34.75,KARNATAKA,29,16.08000000000002,75.96399999999771,HUNGUND,HULLIHAL,0.4,0.27,8.4
0.365,Deficient,0.59,2017-19,BAGALKOT,524,0.15,29_524_shc_2017-19.502,327.43,2.05,275.15,0.48,24.4355,13.0,KARNATAKA,29,16.08200000000002,76.1839999999972,HUNGUND,HEMAVADGI,0.205,0.32,8.1
0.62,Sufficient,1.23,2017-19,BAGALKOT,524,0.19,29_524_shc_2017-19.380,444.4815,5.78,266.555,0.47,17.61,32.5,KARNATAKA,29,16.086000000000016,75.88799999999789,HUNGUND,RAMTHAL,0.34,0.76,7.9
0.63,Sufficient,0.5,2017-19,BAGALKOT,524,0.24,29_524_shc_2017-19.521,322.2,1.78,361.13,0.6,23.48,55.0,KARNATAKA,29,16.086000000000016,76.2259999999971,HUNGUND,KARADI,0.22,0.31,8.2
0.63,Sufficient,2.14,2017-19,BAGALKOT,524,0.17,29_524_shc_2017-19.174,285.53,3.55,160.5,0.28,15.11,38.5,KARNATAKA,29,16.088000000000015,75.50999999999877,BADAMI,KALABANDAKERI,1.135,0.7,8.05
0.86,Sufficient,0.33,2017-19,BAGALKOT,524,0.14,29_524_shc_2017-19.295,493.54,1.44,200.63,0.35,12.8,15.25,KARNATAKA,29,16.090000000000014,75.72199999999827,BADAMI,LINGAPUR,0.22,0.35,8.7
0.34,Deficient,0.585,2017-19,BAGALKOT,524,0.23,29_524_shc_2017-19.396,219.6005,2.21,245.278,0.41,29.21,19.84,KARNATAKA,29,16.094000000000012,76.02999999999756,HUNGUND,HIRE MAGI,0.31,0.57,7.81
0.44,Deficient,0.53,2017-19,BAGALKOT,524,0.11,29_524_shc_2017-19.247,258.02,1.7,269.41,0.43,44.63,28.25,KARNATAKA,29,16.09600000000001,75.63799999999847,BADAMI,KATAGERI,0.35,0.685,7.6
0.42,Deficient,0.785,2017-19,BAGALKOT,524,0.28,29_524_shc_2017-19.470,275.4,4.32,289.425,0.5,21.02,61.5,KARNATAKA,29,16.09600000000001,76.11199999999737,HUNGUND,HAGEDAL,0.22,0.3,8.25
0.39,Deficient,1.28,2017-19,BAGALKOT,524,0.16,29_524_shc_2017-19.211,437.175,3.95,338.21,0.59,25.03,34.5,KARNATAKA,29,16.09800000000001,75.57199999999862,BADAMI,BANDKERI,0.36,0.63,7.6
0.64,Sufficient,0.59,2017-19,BAGALKOT,524,0.14,29_524_shc_2017-19.505,261.9,2.06,257.954,0.44,13.65,47.0,KARNATAKA,29,16.10000000000001,76.18799999999719,HUNGUND,PALTI,0.16,0.34,8.2
0.56,Sufficient,1.09,2017-19,BAGALKOT,524,0.31,29_524_shc_2017-19.478,203.4,2.77,439.04,0.73,33.12,31.5,KARNATAKA,29,16.102000000000007,76.13399999999731,HUNGUND,REVADIHAL,0.52,0.46,7.7
0.53,Sufficient,0.81,2017-19,BAGALKOT,524,0.23,29_524_shc_2017-19.484,284.4,4.89,330.32,0.55,19.7035,34.125,KARNATAKA,29,16.104000000000006,76.14799999999728,HUNGUND,CHINTA KAMALDINNI,0.27,0.38,8.1
0.91,Sufficient,0.38,2017-19,BAGALKOT,524,0.1,29_524_shc_2017-19.446,160.4,3.36,154.77,0.27,30.3,11.75,KARNATAKA,29,16.106000000000005,76.03399999999755,HUNGUND,TIMMAPUR,0.3,0.77,8.2
0.72,Sufficient,0.37,2017-19,BAGALKOT,524,0.29,29_524_shc_2017-19.462,325.46,2.34,194.9,0.34,21.3,27.0,KARNATAKA,29,16.106000000000005,76.09199999999741,HUNGUND,RAMAVADGI,0.2,0.41,8.1
0.6,Sufficient,1.47,2017-19,BAGALKOT,524,0.17,29_524_shc_2017-19.226,315.0,6.69,298.08,0.52,21.02,39.75,KARNATAKA,29,16.108000000000004,75.59799999999856,BADAMI,HULAGERI,0.39,0.7,7.8
0.6,Sufficient,0.39,2017-19,BAGALKOT,524,0.18,29_524_shc_2017-19.145,297.5,1.68,361.13,0.42,16.56,23.0,KARNATAKA,29,16.110000000000003,75.45799999999889,BADAMI,ANVAL,0.34,1.07,8.09
0.51,Sufficient,0.57,2017-19,BAGALKOT,524,0.16,29_524_shc_2017-19.385,294.3,3.21,240.76,0.39,26.75,46.25,KARNATAKA,29,16.110000000000003,75.90199999999786,HUNGUND,BEVINAL,0.24,0.66,7.7
0.29,Deficient,0.82,2017-19,BAGALKOT,524,0.3,29_524_shc_2017-19.516,177.07,5.86,295.35,0.51,15.02,32.5,KARNATAKA,29,16.116,76.2259999999971,HUNGUND,POCHAPUR,0.15,0.44,8.3
0.87,Sufficient,0.71,2017-19,BAGALKOT,524,0.24,29_524_shc_2017-19.325,483.53,2.28,298.08,0.52,25.94,34.0,KARNATAKA,29,16.118,75.78199999999813,BAGALKOTE,SIRUR,0.41,0.32,8.3
1.1,Sufficient,1.57,2017-19,BAGALKOT,524,0.21,29_524_shc_2017-19.108,226.463,7.06,370.28,0.65,19.11,18.0,KARNATAKA,29,16.119999999999997,75.39799999999903,MUDHOL,BARLIKATTI,0.33,0.39,8.0
0.25,Deficient,0.46,2017-19,BAGALKOT,524,0.12,29_524_shc_2017-19.278,292.5,1.76,395.1,0.57,25.84,12.46,KARNATAKA,29,16.121999999999996,75.70399999999832,BAGALKOTE,NIRALKERI,0.28,2.41,7.85
0.59,Sufficient,0.85,2017-19,BAGALKOT,524,0.34,29_524_shc_2017-19.493,224.269,3.17,280.88,0.49,23.48,43.5,KARNATAKA,29,16.121999999999996,76.17399999999722,HUNGUND,LOLASAR,0.17,0.43,8.3
0.61,Sufficient,0.805,2017-19,BAGALKOT,524,0.24,29_524_shc_2017-19.474,186.07,4.37,363.77,0.48,28.39,23.5,KARNATAKA,29,16.121999999999996,76.12999999999732,HUNGUND,KADIVAL,0.39,0.46,7.82
0.48,Deficient,0.855,2017-19,BAGALKOT,524,0.27,29_524_shc_2017-19.375,238.5,3.2,269.17,0.47,39.585,20.75,KARNATAKA,29,16.123999999999995,75.87799999999791,HUNGUND,INGALGI,0.28,0.3,8.05
0.38,Deficient,2.09,2017-19,BAGALKOT,524,0.14,29_524_shc_2017-19.238,348.3,6.19,475.78,0.83,34.13,53.75,KARNATAKA,29,16.127999999999993,75.61999999999851,BADAMI,KAGALGOMB,0.4,0.76,7.9
0.57,Sufficient,1.09,2017-19,BAGALKOT,524,0.14,29_524_shc_2017-19.206,499.5,6.96,355.4,0.62,27.39,41.0,KARNATAKA,29,16.129999999999992,75.56399999999864,BADAMI,GANGAN BUDIHAL,0.43,0.9,7.8
0.51,Sufficient,0.61,2017-19,BAGALKOT,524,0.1,29_524_shc_2017-19.69,265.61,3.8,177.7,0.31,31.0,12.0,KARNATAKA,29,16.13199999999999,75.31399999999923,MUDHOL,MALLAPUR,0.28,0.84,7.4
0.32,Deficient,1.46,2017-19,BAGALKOT,524,0.163,29_524_shc_2017-19.188,434.138,5.39,395.53,0.65,25.12,39.0,KARNATAKA,29,16.13199999999999,75.52799999999873,BADAMI,NIR BUDIHAL,0.48,1.4,7.69
0.86,Sufficient,0.58,2017-19,BAGALKOT,524,0.17,29_524_shc_2017-19.395,455.18,1.59,418.46,0.73,15.02,36.5,KARNATAKA,29,16.13399999999999,75.9239999999978,HUNGUND,BUDIHAL,0.34,0.26,8.0
0.71,Sufficient,0.84,2017-19,BAGALKOT,524,0.42,29_524_shc_2017-19.434,338.96,5.7,384.06,0.67,28.48,52.0,KARNATAKA,29,16.13399999999999,76.00799999999761,HUNGUND,HADAGALI,1.68,0.41,8.2
0.82,Sufficient,0.96,2017-19,BAGALKOT,524,0.12,29_524_shc_2017-19.406,239.51,2.63,252.221,0.44,18.29,19.5,KARNATAKA,29,16.13599999999999,75.95199999999774,HUNGUND,KHAIRAVADGI,0.26,0.46,7.9
0.72,Sufficient,0.58,2017-19,BAGALKOT,524,0.24,29_524_shc_2017-19.377,370.238,6.01,372.6,0.65,21.75,53.75,KARNATAKA,29,16.139999999999986,75.8799999999979,HUNGUND,YERNAIKANHAL,0.21,0.52,7.7
0.45,Deficient,0.515,2017-19,BAGALKOT,524,0.22,29_524_shc_2017-19.387,498.15,3.1,280.88,0.49,16.65,31.0,KARNATAKA,29,16.141999999999985,75.90399999999785,HUNGUND,BASAVANAL,0.25,0.56,8.1
0.95,Sufficient,1.28,2017-19,BAGALKOT,524,0.235,29_524_shc_2017-19.301,432.79,3.81,358.27,0.65,11.47,17.5,KARNATAKA,29,16.141999999999985,75.73199999999825,BAGALKOTE,BEVIMATTI,0.63,0.25,7.8
0.6,Sufficient,0.65,2017-19,BAGALKOT,524,0.21,29_524_shc_2017-19.382,499.95,5.225,361.13,0.63,16.655,41.0,KARNATAKA,29,16.141999999999985,75.89199999999788,HUNGUND,SURALIKAL,0.29,0.63,7.8
0.49,Deficient,1.87,2017-19,BAGALKOT,524,0.15,29_524_shc_2017-19.147,612.9,6.89,355.4,0.62,25.753,40.0,KARNATAKA,29,16.143999999999984,75.46199999999888,BADAMI,YANDIGERI,0.51,0.7,7.9
0.37,Deficient,0.63,2017-19,BAGALKOT,524,0.27,29_524_shc_2017-19.358,349.875,3.06,332.47,0.58,24.39,53.5,KARNATAKA,29,16.143999999999984,75.84999999999798,HUNGUND,BASARIKATTI,0.25,0.52,7.9
0.95,Sufficient,0.69,2017-19,BAGALKOT,524,0.16,29_524_shc_2017-19.425,478.46,3.48,177.7,0.31,23.11,16.75,KARNATAKA,29,16.143999999999984,75.98599999999766,HUNGUND,CHIKKAMALAGAVI,0.32,2.34,7.8
1.6,Sufficient,0.76,2017-19,BAGALKOT,524,0.14,29_524_shc_2017-19.444,158.4,1.46,265.1,0.46,26.03,25.5,KARNATAKA,29,16.145999999999983,76.02999999999756,HUNGUND,BELGAL,0.14,0.31,8.1
0.86,Sufficient,0.49,2017-19,BAGALKOT,524,0.2,29_524_shc_2017-19.509,336.49,3.055,255.085,0.445,35.13,59.25,KARNATAKA,29,16.145999999999983,76.19799999999717,HUNGUND,VADEYARAGONAL,0.53,0.27,8.1
0.73,Sufficient,0.88,2017-19,BAGALKOT,524,0.2,29_524_shc_2017-19.196,205.0,3.025,409.0,0.715,19.02,35.0,KARNATAKA,29,16.147999999999982,75.41999999999898,BAGALKOTE,HIRE SHELLIKERE,0.22,0.28,8.2
0.36,Deficient,0.51,2017-19,BAGALKOT,524,0.27,29_524_shc_2017-19.394,325.688,2.89,349.67,0.55,21.02,19.84,KARNATAKA,29,16.147999999999982,75.91999999999781,HUNGUND,MUGANUR,0.35,0.98,7.52
1.0,Sufficient,0.89,2017-19,BAGALKOT,524,0.26,29_524_shc_2017-19.178,164.36,2.39,389.8,0.68,28.21,36.5,KARNATAKA,29,16.15399999999998,75.51799999999875,BAGALKOTE,CHIKKASHELLIKERE,0.21,0.22,8.2
0.68,Sufficient,1.58,2017-19,BAGALKOT,524,0.11,29_524_shc_2017-19.81,459.0,3.53,470.05,0.825,19.245,42.75,KARNATAKA,29,16.155999999999977,75.33799999999917,MUDHOL,LOKAPUR,0.19,0.715,7.9
0.61,Sufficient,1.075,2017-19,BAGALKOT,524,0.16,29_524_shc_2017-19.118,190.239,1.89,349.67,0.62,27.1,40.5,KARNATAKA,29,16.157999999999976,75.41599999999899,MUDHOL,JALIKATTI BK,0.175,0.35,8.0
0.74,Sufficient,0.69,2017-19,BAGALKOT,524,0.33,29_524_shc_2017-19.173,176.288,1.69,395.5,0.69,22.204,34.0,KARNATAKA,29,16.157999999999976,75.50599999999878,BAGALKOTE,KALASKOPPA,0.19,0.28,8.1
0.74,Sufficient,2.26,2017-19,BAGALKOT,524,0.24,29_524_shc_2017-19.448,782.55,7.47,263.42,0.47,29.2,61.25,KARNATAKA,29,16.157999999999976,76.04199999999753,HUNGUND,BISANAL,0.75,0.39,7.96
0.6,Sufficient,0.68,2017-19,BAGALKOT,524,0.16,29_524_shc_2017-19.456,248.3,2.22,269.42,0.47,20.34,67.875,KARNATAKA,29,16.157999999999976,76.05999999999749,HUNGUND,INGALAGGI,0.15,0.315,8.0
0.6,Sufficient,0.61,2017-19,BAGALKOT,524,0.22,29_524_shc_2017-19.508,353.14,3.26,275.15,0.42,21.57,33.75,KARNATAKA,29,16.161999999999974,76.19599999999717,HUNGUND,ANAPAKATTI,0.2,0.32,8.3
0.6,Sufficient,0.49,2017-19,BAGALKOT,524,0.27,29_524_shc_2017-19.500,338.175,1.84,240.76,0.42,18.2,30.25,KARNATAKA,29,16.161999999999974,76.1819999999972,HUNGUND,KAUJAGANUR,0.18,0.33,8.2
0.865,Sufficient,0.48,2017-19,BAGALKOT,524,0.225,29_524_shc_2017-19.513,454.335,3.31,197.81,0.34,14.74,34.5,KARNATAKA,29,16.161999999999974,76.20799999999714,HUNGUND,INDVAR,0.25,0.275,8.15
0.43,Deficient,1.47,2017-19,BAGALKOT,524,0.18,29_524_shc_2017-19.148,440.78,3.77,372.6,0.65,5.369,64.75,KARNATAKA,29,16.163999999999973,75.46599999999887,BAGALKOTE,MALAPUR,0.64,0.33,8.4
0.76,Sufficient,0.66,2017-19,BAGALKOT,524,0.27,29_524_shc_2017-19.310,487.01,6.96,338.21,0.59,14.01,57.75,KARNATAKA,29,16.165999999999972,75.74999999999821,BAGALKOTE,HONNAKATTI,0.22,0.24,8.4
0.45,Deficient,1.16,2017-19,BAGALKOT,524,0.11,29_524_shc_2017-19.328,368.55,4.05,372.6,0.65,23.29,47.25,KARNATAKA,29,16.165999999999972,75.78599999999813,BAGALKOTE,MANNIKATTI,0.39,0.5,7.8
0.75,Sufficient,0.57,2017-19,BAGALKOT,524,0.215,29_524_shc_2017-19.467,284.735,2.93,246.49,0.43,23.023,35.75,KARNATAKA,29,16.165999999999972,76.10799999999738,HUNGUND,HULLYAL,0.19,0.41,8.1
0.44,Deficient,0.56,2017-19,BAGALKOT,524,0.23,29_524_shc_2017-19.520,284.063,2.51,303.81,0.48,18.2,30.5,KARNATAKA,29,16.165999999999972,76.2259999999971,HUNGUND,ISLAMPUR,0.34,0.57,7.93
0.9,Sufficient,1.11,2017-19,BAGALKOT,524,0.48,29_524_shc_2017-19.139,204.57,5.34,240.76,0.42,13.7,48.5,KARNATAKA,29,16.16999999999997,75.4519999999989,BAGALKOTE,KAJADONI,0.32,0.26,8.04
0.8,Sufficient,0.7,2017-19,BAGALKOT,524,0.2,29_524_shc_2017-19.463,327.825,4.29,280.883,0.49,18.2,51.5,KARNATAKA,29,16.16999999999997,76.09199999999741,HUNGUND,DHANNUR,0.23,0.36,8.1
0.96,Sufficient,0.73,2017-19,BAGALKOT,524,0.09,29_524_shc_2017-19.363,419.74,9.5,315.28,0.55,33.85,11.5,KARNATAKA,29,16.17199999999997,75.85599999999796,BAGALKOTE,BHAIRNMATTI,0.59,1.19,7.0
0.94,Sufficient,0.89,2017-19,BAGALKOT,524,0.24,29_524_shc_2017-19.203,238.39,4.0,338.206,0.59,24.93,45.5,KARNATAKA,29,16.177999999999965,75.55199999999867,BAGALKOTE,TULASIGERE,0.2,0.47,8.0
0.51,Sufficient,0.61,2017-19,BAGALKOT,524,0.1,29_524_shc_2017-19.300,265.61,3.8,177.7,0.31,31.0,12.0,KARNATAKA,29,16.181999999999963,75.72199999999827,BAGALKOTE,MALLAPUR,0.28,0.84,7.4
1.6,Sufficient,0.76,2017-19,BAGALKOT,524,0.14,29_524_shc_2017-19.418,158.4,1.46,265.1,0.46,26.03,25.5,KARNATAKA,29,16.18599999999996,75.9679999999977,HUNGUND,GANJIHAL,0.14,0.31,8.1
0.8,Sufficient,0.73,2017-19,BAGALKOT,524,0.2,29_524_shc_2017-19.183,170.1565,2.95,332.5,0.58,19.84,46.0,KARNATAKA,29,16.193999999999956,75.52199999999874,BAGALKOTE,GOVINDKOPPA,0.2,0.38,8.4
0.685,Sufficient,2.64,2017-19,BAGALKOT,524,0.12,29_524_shc_2017-19.353,167.063,6.08,441.4,0.78,24.39,47.5,KARNATAKA,29,16.193999999999956,75.839999999998,BAGALKOTE,HALLUR,0.5,0.76,7.4
0.41,Deficient,1.08,2017-19,BAGALKOT,524,0.25,29_524_shc_2017-19.436,281.25,3.47,298.08,0.52,28.435,36.4,KARNATAKA,29,16.193999999999956,76.0119999999976,HUNGUND,VARAGODDINNI,0.31,0.48,7.91
0.81,Sufficient,0.79,2017-19,BAGALKOT,524,0.18,29_524_shc_2017-19.455,358.76,3.87,269.42,0.47,17.75,25.625,KARNATAKA,29,16.195999999999955,76.0519999999975,HUNGUND,SANGAM,0.34,0.74,7.9
1.03,Sufficient,1.58,2017-19,BAGALKOT,524,0.37,29_524_shc_2017-19.62,129.885,4.69,475.78,0.885,24.55,33.125,KARNATAKA,29,16.201999999999952,75.29599999999927,MUDHOL,BAMANBUDNI,0.79,0.37,8.2
0.52,Sufficient,1.61,2017-19,BAGALKOT,524,0.39,29_524_shc_2017-19.98,204.413,2.58,351.23,0.608,22.205,54.5,KARNATAKA,29,16.20399999999995,75.37999999999907,MUDHOL,CHITRABHANUKOT,0.3,0.415,8.0
0.64,Sufficient,1.23,2017-19,BAGALKOT,524,0.13,29_524_shc_2017-19.111,240.75,2.34,442.03,0.809,19.74,53.5,KARNATAKA,29,16.20399999999995,75.40399999999902,MUDHOL,CHIKKUR,0.26,0.29,8.2
0.15,Deficient,1.38,2017-19,BAGALKOT,524,0.11,29_524_shc_2017-19.248,307.69,1.96,280.88,0.49,24.752,24.25,KARNATAKA,29,16.20599999999995,75.63799999999847,BAGALKOTE,GADDANKERI,0.33,0.52,7.9
0.53,Sufficient,2.82,2017-19,BAGALKOT,524,0.14,29_524_shc_2017-19.389,141.9,8.36,441.4,0.77,18.11,40.75,KARNATAKA,29,16.20599999999995,75.91199999999783,BAGALKOTE,BEVUR,0.52,0.81,7.4
0.8,Sufficient,1.44,2017-19,BAGALKOT,524,0.67,29_524_shc_2017-19.71,282.71,6.69,468.99,0.82,32.123,35.75,KARNATAKA,29,16.209999999999948,75.31799999999922,MUDHOL,MUDDAPUR,0.32,0.38,8.0
0.75,Sufficient,0.86,2017-19,BAGALKOT,524,0.15,29_524_shc_2017-19.224,288.56,1.96,355.4,0.62,15.47,31.0,KARNATAKA,29,16.209999999999948,75.59199999999858,BAGALKOTE,CHHABBI,0.29,0.45,8.2
0.5,Sufficient,0.835,2017-19,BAGALKOT,524,0.18,29_524_shc_2017-19.231,230.625,1.72,389.8,0.67,16.107,34.5,KARNATAKA,29,16.209999999999948,75.60799999999854,BAGALKOTE,YADAHALLI,0.22,0.41,8.2
0.65,Sufficient,0.74,2017-19,BAGALKOT,524,0.17,29_524_shc_2017-19.452,288.675,3.805,269.418,0.47,19.57,28.0,KARNATAKA,29,16.209999999999948,76.04599999999752,HUNGUND,CHAVAD KAMALDINNI,0.28,0.72,8.0
0.58,Sufficient,1.01,2017-19,BAGALKOT,524,0.34,29_524_shc_2017-19.243,269.1,2.6,418.46,0.73,18.2,28.5,KARNATAKA,29,16.211999999999946,75.63199999999848,BAGALKOTE,BANNIDINNI,0.22,0.49,8.2
0.75,Sufficient,0.715,2017-19,BAGALKOT,524,0.22,29_524_shc_2017-19.426,334.35,5.0,275.15,0.48,22.02,32.25,KARNATAKA,29,16.211999999999946,75.98799999999765,HUNGUND,KENGALIKADPATI,0.54,0.26,8.1
0.62,Sufficient,1.005,2017-19,BAGALKOT,524,0.21,29_524_shc_2017-19.157,182.025,4.54,384.06,0.67,18.2,47.0,KARNATAKA,29,16.213999999999945,75.47799999999884,BAGALKOTE,ANKALGI,0.235,0.52,8.25
0.83,Sufficient,0.55,2017-19,BAGALKOT,524,0.16,29_524_shc_2017-19.288,117.338,1.69,355.4,0.62,16.84,51.25,KARNATAKA,29,16.215999999999944,75.7119999999983,BAGALKOTE,ANDIMURNAL,0.17,0.31,8.4
0.5,Sufficient,1.18,2017-19,BAGALKOT,524,0.19,29_524_shc_2017-19.274,202.0,3.0,407.36,0.71,35.8075,34.75,KARNATAKA,29,16.217999999999943,75.68999999999835,BAGALKOTE,KADAMPUR,0.29,0.3,8.0
0.715,Sufficient,0.57,2017-19,BAGALKOT,524,0.16,29_524_shc_2017-19.140,255.6,2.77,252.22,0.44,16.29,52.25,KARNATAKA,29,16.219999999999942,75.4519999999989,BAGALKOTE,UDAGATTI,0.17,0.24,8.5
1.06,Sufficient,1.06,2017-19,BAGALKOT,524,0.15,29_524_shc_2017-19.261,192.49,3.86,447.09,0.78,36.4,49.25,KARNATAKA,29,16.22199999999994,75.66199999999841,BAGALKOTE,NAKARIGUNDI,0.18,0.31,8.25
0.51,Sufficient,0.95,2017-19,BAGALKOT,524,0.35,29_524_shc_2017-19.151,201.713,1.78,298.0,0.61,19.11,30.75,KARNATAKA,29,16.22599999999994,75.46999999999886,BAGALKOTE,SHARDAL,0.2,0.24,8.3
0.98,Sufficient,1.89,2017-19,BAGALKOT,524,0.18,29_524_shc_2017-19.97,209.363,4.6,452.85,0.79,24.12,21.5,KARNATAKA,29,16.227999999999938,75.37999999999907,MUDHOL,BUDNIKHURD,0.38,0.42,7.9
0.62,Sufficient,1.41,2017-19,BAGALKOT,524,0.25,29_524_shc_2017-19.67,268.988,5.0,426.5,0.69,21.9,46.0,KARNATAKA,29,16.227999999999938,75.30999999999923,MUDHOL,PETLAR,0.28,0.47,8.2
0.47,Deficient,0.74,2017-19,BAGALKOT,524,0.13,29_524_shc_2017-19.294,179.66,6.09,240.76,0.42,27.12,32.35,KARNATAKA,29,16.231999999999935,75.71999999999828,BAGALKOTE,YANKANCHI,0.35,0.71,8.0
0.51,Sufficient,1.01,2017-19,BAGALKOT,524,0.16,29_524_shc_2017-19.344,246.488,2.69,355.4,0.62,27.48,32.0,KARNATAKA,29,16.231999999999935,75.82599999999803,BAGALKOTE,ACHANUR,0.23,0.27,8.0
0.86,Sufficient,0.33,2017-19,BAGALKOT,524,0.14,29_524_shc_2017-19.167,493.54,1.44,200.63,0.35,12.8,15.25,KARNATAKA,29,16.233999999999934,75.49999999999879,BILGI,LINGAPUR,0.22,0.35,8.7
0.47,Deficient,1.08,2017-19,BAGALKOT,524,0.18,29_524_shc_2017-19.338,149.4,7.46,389.8,0.75,22.93,7.5,KARNATAKA,29,16.237999999999932,75.80999999999807,BAGALKOTE,MUDPALJIVI,0.18,0.19,8.4
0.67,Sufficient,1.1,2017-19,BAGALKOT,524,0.14,29_524_shc_2017-19.366,224.438,4.09,321.01,0.56,24.3,41.0,KARNATAKA,29,16.237999999999932,75.86399999999794,BAGALKOTE,SANGAPUR,0.25,0.37,8.0
0.79,Sufficient,0.37,2017-19,BAGALKOT,524,0.23,29_524_shc_2017-19.409,264.26,2.42,223.56,0.39,14.29,9.5,KARNATAKA,29,16.237999999999932,75.96199999999772,BAGALKOTE,DEVLAPUR,0.09,0.27,8.6
0.97,Sufficient,0.91,2017-19,BAGALKOT,524,0.48,29_524_shc_2017-19.177,565.76,7.335,252.22,0.44,37.77,23.5,KARNATAKA,29,16.23999999999993,75.51799999999875,BILGI,SIRAGUPPI,2.36,0.19,7.07
0.64,Sufficient,0.35,2017-19,BAGALKOT,524,0.24,29_524_shc_2017-19.404,273.6,1.82,149.04,0.26,13.01,11.75,KARNATAKA,29,16.24399999999993,75.94599999999775,BAGALKOTE,CHITKINKOPPA,0.17,0.3,8.6
0.81,Sufficient,0.8,2017-19,BAGALKOT,524,0.31,29_524_shc_2017-19.239,405.0,4.42,418.46,0.73,26.21,44.5,KARNATAKA,29,16.247999999999927,75.61999999999851,BILGI,ANAGVADI,0.62,0.29,8.1
1.1,Sufficient,2.87,2017-19,BAGALKOT,524,0.2,29_524_shc_2017-19.45,152.215,6.27,370.52,0.65,22.75,34.75,KARNATAKA,29,16.249999999999925,75.35999999999912,MUDHOL,METGUD,0.52,0.41,7.9
0.66,Sufficient,2.33,2017-19,BAGALKOT,524,0.31,29_524_shc_2017-19.58,193.613,5.11,464.32,0.81,9.1,20.75,KARNATAKA,29,16.249999999999925,75.2839999999993,MUDHOL,CHINCHAKHANDI BUDRUKH,0.37,0.44,7.9
0.86,Sufficient,0.58,2017-19,BAGALKOT,524,0.17,29_524_shc_2017-19.227,455.18,1.59,418.46,0.73,15.02,36.5,KARNATAKA,29,16.249999999999925,75.59999999999856,BILGI,BUDIHAL,0.34,0.26,8.0
0.52,Sufficient,0.49,2017-19,BAGALKOT,524,0.18,29_524_shc_2017-19.454,334.8,4.23,263.69,0.46,12.8785,12.75,KARNATAKA,29,16.253999999999923,76.04999999999751,HUNGUND,KATAGUR,0.36,1.94,7.9
0.69,Sufficient,3.07,2017-19,BAGALKOT,524,0.09,29_524_shc_2017-19.160,164.92,4.06,435.65,0.76,40.131,36.75,KARNATAKA,29,16.255999999999922,75.48599999999882,BILGI,KATARKI,1.01,0.68,7.5
0.75,Sufficient,2.36,2017-19,BAGALKOT,524,0.2,29_524_shc_2017-19.249,281.309,6.39,475.78,0.83,30.3,37.5,KARNATAKA,29,16.25999999999992,75.63799999999847,BILGI,KADAPATTI,0.79,0.43,7.9
1.2,Sufficient,0.77,2017-19,BAGALKOT,524,0.611,29_524_shc_2017-19.373,578.59,7.28,269.42,0.47,11.74,48.5,KARNATAKA,29,16.25999999999992,75.87199999999793,BAGALKOTE,BILKERUR,2.25,0.31,8.2
0.92,Sufficient,0.97,2017-19,BAGALKOT,524,0.2,29_524_shc_2017-19.437,231.86,3.33,292.766,0.51,26.4805,67.5,KARNATAKA,29,16.26199999999992,76.0139999999976,BAGALKOTE,CHIKKAMYAGERI,0.2,0.3,8.2
0.93,Sufficient,0.64,2017-19,BAGALKOT,524,0.17,29_524_shc_2017-19.429,310.73,2.99,201.27,0.35,22.29,21.75,KARNATAKA,29,16.26199999999992,75.99199999999765,BAGALKOTE,DOMNAL,0.2,0.24,8.07
0.45,Deficient,0.81,2017-19,BAGALKOT,524,0.18,29_524_shc_2017-19.447,300.26,3.16,229.295,0.44,32.76,54.5,KARNATAKA,29,16.26199999999992,76.03599999999754,BAGALKOTE,HANDARAGOLLA,0.22,0.27,8.4
0.95,Sufficient,0.39,2017-19,BAGALKOT,524,0.21,29_524_shc_2017-19.422,325.01,2.44,252.31,0.44,20.57,10.0,KARNATAKA,29,16.263999999999918,75.97999999999767,BAGALKOTE,SUTAGUNDAR,0.17,0.22,8.09
0.85,Sufficient,0.8,2017-19,BAGALKOT,524,0.33,29_524_shc_2017-19.218,327.6,3.84,292.35,0.51,15.29,42.75,KARNATAKA,29,16.265999999999917,75.5819999999986,BILGI,KOVALLI,0.53,0.24,8.2
0.49,Deficient,2.26,2017-19,BAGALKOT,524,0.21,29_524_shc_2017-19.66,205.425,4.78,487.25,0.85,4.004,54.25,KARNATAKA,29,16.267999999999915,75.30599999999924,MUDHOL,CHINCHAKHANDI,0.34,0.4,8.0
0.8,Sufficient,0.38,2017-19,BAGALKOT,524,0.19,29_524_shc_2017-19.407,376.76,2.08,194.9,0.35,5.369,17.0,KARNATAKA,29,16.267999999999915,75.95199999999774,BAGALKOTE,MUDVINAKOPPA,0.14,0.33,8.6
1.0,Sufficient,0.91,2017-19,BAGALKOT,524,0.17,29_524_shc_2017-19.431,324.9,3.29,233.29,0.41,19.66,79.0,KARNATAKA,29,16.267999999999915,76.00399999999762,BAGALKOTE,BOMMANAGI,0.21,0.32,8.3
0.96,Sufficient,1.88,2017-19,BAGALKOT,524,0.18,29_524_shc_2017-19.96,188.32,4.48,470.05,0.83,13.01,35.0,KARNATAKA,29,16.269999999999914,75.37199999999909,MUDHOL,ANTUPUR,0.37,0.515,8.1
0.6,Sufficient,1.66,2017-19,BAGALKOT,524,0.32,29_524_shc_2017-19.284,249.863,6.35,481.51,0.84,24.21,35.0,KARNATAKA,29,16.269999999999914,75.70799999999831,BILGI,HERAKAL,0.86,0.46,7.9
0.43,Deficient,1.36,2017-19,BAGALKOT,524,0.21,29_524_shc_2017-19.400,154.125,3.88,321.0,0.56,15.38,31.5,KARNATAKA,29,16.269999999999914,75.93599999999778,BAGALKOTE,NAYNEGALI,0.21,0.38,8.2
0.57,Sufficient,2.23,2017-19,BAGALKOT,524,0.27,29_524_shc_2017-19.251,266.4,7.04,481.51,0.84,26.94,31.0,KARNATAKA,29,16.281999999999908,75.64599999999845,BILGI,TUMMARAMATTI,0.72,0.46,7.9
0.54,Sufficient,2.05,2017-19,BAGALKOT,524,0.35,29_524_shc_2017-19.265,404.663,7.18,464.32,0.81,25.21,32.0,KARNATAKA,29,16.281999999999908,75.67199999999839,BILGI,TOLAMATTI,0.61,0.36,7.8
0.5,Sufficient,0.71,2017-19,BAGALKOT,524,0.27,29_524_shc_2017-19.397,280.013,2.61,217.827,0.38,23.11,27.027,KARNATAKA,29,16.291999999999902,75.9259999999978,BAGALKOTE,BEVINMATTI,0.49,0.34,7.8
0.58,Sufficient,1.86,2017-19,BAGALKOT,524,0.24,29_524_shc_2017-19.70,223.65,4.54,470.05,0.82,18.02,33.0,KARNATAKA,29,16.2939999999999,75.31799999999922,MUDHOL,JIRGAL,0.43,0.41,8.1
0.68,Sufficient,0.92,2017-19,BAGALKOT,524,0.24,29_524_shc_2017-19.386,188.438,6.52,292.3,0.51,18.38,27.25,KARNATAKA,29,16.2939999999999,75.90199999999786,BAGALKOTE,MANIHALLI,0.27,0.34,8.2
0.69,Sufficient,2.06,2017-19,BAGALKOT,524,0.39,29_524_shc_2017-19.53,241.76,6.37,470.05,0.82,17.29,44.75,KARNATAKA,29,16.2959999999999,75.26799999999933,MUDHOL,RUGI,0.41,0.51,8.0
0.64,Sufficient,0.36,2017-19,BAGALKOT,524,0.1,29_524_shc_2017-19.391,200.25,2.54,217.83,0.38,20.38,32.0,KARNATAKA,29,16.2959999999999,75.91399999999783,BAGALKOTE,HOSUR,0.42,0.74,7.8
0.3,Deficient,2.05,2017-19,BAGALKOT,524,0.58,29_524_shc_2017-19.34,257.63,6.64,424.19,0.74,29.48,75.0,KARNATAKA,29,16.2979999999999,75.20799999999947,MUDHOL,RANJANAGI,0.93,0.4,8.1
0.775,Sufficient,1.01,2017-19,BAGALKOT,524,0.16,29_524_shc_2017-19.38,272.705,2.95,366.87,0.64,22.6,40.25,KARNATAKA,29,16.2979999999999,75.22399999999944,MUDHOL,UTTUR,0.36,0.36,8.4
0.72,Sufficient,0.54,2017-19,BAGALKOT,524,0.18,29_524_shc_2017-19.378,345.15,2.56,269.4,0.47,22.11,27.0,KARNATAKA,29,16.2979999999999,75.8839999999979,BAGALKOTE,RAMPUR,0.28,0.29,8.08
0.36,Deficient,1.49,2017-19,BAGALKOT,524,0.38,29_524_shc_2017-19.28,277.88,6.69,365.71,0.64,25.705,53.5,KARNATAKA,29,16.299999999999898,75.22199999999944,MUDHOL,VANTIGOD,0.46,0.29,8.1
0.94,Sufficient,1.55,2017-19,BAGALKOT,524,0.25,29_524_shc_2017-19.304,384.075,3.49,229.29,0.4,25.48,58.125,KARNATAKA,29,16.299999999999898,75.73999999999823,BILGI,BADARADINNI,0.47,0.21,8.0
0.565,Sufficient,1.49,2017-19,BAGALKOT,524,0.18,29_524_shc_2017-19.171,445.95,7.19,464.32,0.81,25.3,40.25,KARNATAKA,29,16.301999999999897,75.50599999999878,BILGI,ARAKERI,0.45,0.54,7.9
0.78,Sufficient,0.88,2017-19,BAGALKOT,524,0.44,29_524_shc_2017-19.314,584.1,7.36,177.7,0.31,42.5,27.0,KARNATAKA,29,16.303999999999895,75.75999999999819,BAGALKOTE,TALGIHAL,2.08,0.21,7.07
0.57,Sufficient,2.22,2017-19,BAGALKOT,524,0.315,29_524_shc_2017-19.64,268.313,5.525,492.98,0.86,12.56,15.625,KARNATAKA,29,16.305999999999894,75.30399999999925,MUDHOL,GULGAL JAMBGI,0.34,0.46,7.9
0.58,Sufficient,1.678,2017-19,BAGALKOT,524,0.2,29_524_shc_2017-19.106,212.738,5.83,464.32,0.81,30.49,47.75,KARNATAKA,29,16.307999999999893,75.39199999999904,MUDHOL,VAJRAMATTI,0.46,0.43,8.0
0.84,Sufficient,0.39,2017-19,BAGALKOT,524,0.25,29_524_shc_2017-19.343,337.5,2.2,303.8,0.53,22.6,8.5,KARNATAKA,29,16.307999999999893,75.82599999999803,BAGALKOTE,HIRE MURAMATTI,0.19,0.27,9.0
0.65,Sufficient,1.12,2017-19,BAGALKOT,524,0.2,29_524_shc_2017-19.398,141.75,5.84,275.2,0.48,19.02,34.25,KARNATAKA,29,16.307999999999893,75.92999999999779,BAGALKOTE,NAGASAMPIGI,0.23,0.39,8.6
0.58,Sufficient,0.84,2017-19,BAGALKOT,524,0.17,29_524_shc_2017-19.76,211.5,1.93,332.47,0.58,26.03,38.5,KARNATAKA,29,16.31399999999989,75.33399999999918,MUDHOL,INGALAGI,0.24,0.22,7.7
0.63,Sufficient,1.25,2017-19,BAGALKOT,524,0.21,29_524_shc_2017-19.95,401.51,4.04,461.45,0.81,21.2,31.0,KARNATAKA,29,16.31599999999989,75.37199999999909,MUDHOL,BARGI,0.34,0.51,8.1
0.73,Sufficient,1.57,2017-19,BAGALKOT,524,0.22,29_524_shc_2017-19.266,267.53,4.96,389.8,0.68,17.29,42.25,KARNATAKA,29,16.319999999999887,75.51199999999876,BILGI,MANNIKERI,0.65,0.34,8.0
0.98,Sufficient,0.415,2017-19,BAGALKOT,524,0.175,29_524_shc_2017-19.364,237.545,1.025,329.605,0.575,22.885,28.75,KARNATAKA,29,16.319999999999887,75.89599999999787,BAGALKOTE,MASTIHAL,0.255,0.185,8.2
0.5,Sufficient,0.835,2017-19,BAGALKOT,524,0.18,29_524_shc_2017-19.85,230.625,1.72,389.8,0.67,16.107,34.5,KARNATAKA,29,16.323999999999884,75.2799999999993,MUDHOL,YADAHALLI,0.22,0.41,8.2
0.53,Sufficient,2.46,2017-19,BAGALKOT,524,0.15,29_524_shc_2017-19.296,212.175,4.52,412.7,0.72,50.05,35.0,KARNATAKA,29,16.323999999999884,75.61799999999852,BILGI,HONNIHAL,0.79,0.36,7.9
0.7,Sufficient,0.83,2017-19,BAGALKOT,524,0.13,29_524_shc_2017-19.371,255.26,4.79,257.95,0.45,22.66,26.5,KARNATAKA,29,16.323999999999884,75.97199999999769,BAGALKOTE,ALUR,0.3,0.59,8.3
0.66,Sufficient,1.63,2017-19,BAGALKOT,524,0.15,29_524_shc_2017-19.142,209.36,3.0,378.33,0.66,18.837,40.75,KARNATAKA,29,16.327999999999882,75.30799999999924,MUDHOL,HALAGALI,0.26,0.35,8.2
0.95,Sufficient,0.92,2017-19,BAGALKOT,524,0.16,29_524_shc_2017-19.359,193.16,1.93,366.87,0.64,49.32,20.75,KARNATAKA,29,16.327999999999882,75.77199999999816,BAGALKOTE,CHIKKAGULBAL,0.84,0.19,8.0
0.73,Sufficient,0.735,2017-19,BAGALKOT,524,0.21,29_524_shc_2017-19.4,643.95,3.0,257.95,0.45,20.414,27.5,KARNATAKA,29,16.337999999999877,75.16599999999957,MUDHOL,MARAPUR,0.615,0.695,8.0
0.645,Sufficient,1.23,2017-19,BAGALKOT,524,0.54,29_524_shc_2017-19.24,310.61,3.7,395.53,0.69,21.75,39.25,KARNATAKA,29,16.337999999999877,75.08799999999975,MUDHOL,AKKIMARDI,0.58,1.14,8.1
0.59,Sufficient,2.0,2017-19,BAGALKOT,524,0.3,29_524_shc_2017-19.21,238.39,4.0,412.75,0.72,26.29,40.75,KARNATAKA,29,16.345999999999872,75.17199999999956,MUDHOL,NANDGAON,0.36,0.39,8.0
0.39,Deficient,1.245,2017-19,BAGALKOT,524,0.265,29_524_shc_2017-19.36,548.295,5.475,417.995,0.705,15.04,57.35,KARNATAKA,29,16.345999999999872,75.30999999999923,MUDHOL,MALALI,0.4,0.265,8.6
0.31,Deficient,2.81,2017-19,BAGALKOT,524,0.2,29_524_shc_2017-19.336,310.05,6.66,624.82,1.09,19.019,44.5,KARNATAKA,29,16.345999999999872,75.67599999999838,BILGI,KAMDAL,0.54,0.74,7.8
0.75,Sufficient,0.83,2017-19,BAGALKOT,524,0.16,29_524_shc_2017-19.302,313.09,3.46,401.26,0.72,18.02,48.125,KARNATAKA,29,16.34999999999987,75.77999999999814,BILGI,MUTTALDINNI,0.515,0.55,8.4
0.59,Sufficient,1.05,2017-19,BAGALKOT,524,0.39,29_524_shc_2017-19.117,301.73,3.78,355.4,0.62,14.38,27.75,KARNATAKA,29,16.35199999999987,75.22999999999942,MUDHOL,MELLIGERI,0.37,0.51,8.1
0.78,Sufficient,0.7,2017-19,BAGALKOT,524,0.2,29_524_shc_2017-19.256,230.63,0.84,252.22,0.44,14.5,27.25,KARNATAKA,29,16.35199999999987,75.71599999999829,BILGI,BADAGAND,0.23,0.74,8.6
0.8,Sufficient,1.07,2017-19,BAGALKOT,524,0.19,29_524_shc_2017-19.6,300.26,5.695,269.42,0.465,30.5,50.5,KARNATAKA,29,16.36599999999986,75.21999999999944,MUDHOL,SAIDAPUR,1.25,0.49,8.0
0.91,Sufficient,0.38,2017-19,BAGALKOT,524,0.1,29_524_shc_2017-19.298,160.4,3.36,154.77,0.27,30.3,11.75,KARNATAKA,29,16.36599999999986,75.76199999999818,BILGI,TIMMAPUR,0.3,0.77,8.2
0.49,Deficient,0.93,2017-19,BAGALKOT,524,0.56,29_524_shc_2017-19.13,216.113,3.05,487.2,0.85,28.85,63.25,KARNATAKA,29,16.36799999999986,75.10599999999971,MUDHOL,SANGANATTI,0.34,0.19,7.7
0.43,Deficient,1.47,2017-19,BAGALKOT,524,0.18,29_524_shc_2017-19.52,440.78,3.77,372.6,0.65,5.369,64.75,KARNATAKA,29,16.36999999999986,75.35399999999913,MUDHOL,MALAPUR,0.64,0.33,8.4
0.85,Sufficient,0.44,2017-19,BAGALKOT,524,0.68,29_524_shc_2017-19.12,332.7,2.11,432.795,0.755,20.29,48.35,KARNATAKA,29,16.38599999999985,75.3679999999991,MUDHOL,BUDNI,0.3,0.24,8.4
0.76,Sufficient,1.07,2017-19,BAGALKOT,524,0.16,29_524_shc_2017-19.7,239.51,2.96,271.09,0.47,26.93,37.0,KARNATAKA,29,16.389999999999848,75.00999999999993,MUDHOL,BISNAL,0.26,0.26,8.1
0.28,Deficient,0.91,2017-19,BAGALKOT,524,0.4,29_524_shc_2017-19.25,847.8,5.08,365.71,0.64,21.385,26.75,KARNATAKA,29,16.389999999999848,75.31399999999923,MUDHOL,BELAGALI,0.41,0.2,7.7
0.44,Deficient,1.3,2017-19,BAGALKOT,524,0.48,29_524_shc_2017-19.33,372.263,3.29,406.99,0.72,44.68,54.0,KARNATAKA,29,16.389999999999848,75.24599999999938,MUDHOL,MUGALKHOD,0.58,0.56,8.0
0.28,Deficient,1.21,2017-19,BAGALKOT,524,0.18,29_524_shc_2017-19.114,173.4,4.99,435.65,0.76,10.1,21.75,KARNATAKA,29,16.389999999999848,75.11599999999969,BILGI,AMALIHARI,0.39,0.39,8.05
0.28,Deficient,1.21,2017-19,BAGALKOT,524,0.18,29_524_shc_2017-19.114,173.4,4.99,435.65,0.76,10.1,21.75,KARNATAKA,29,16.389999999999848,75.38399999999906,BILGI,AMALIHARI,0.39,0.39,8.05
0.85,Sufficient,0.44,2017-19,BAGALKOT,524,0.68,29_524_shc_2017-19.73,332.7,2.11,432.795,0.755,20.29,48.35,KARNATAKA,29,16.389999999999848,75.4559999999989,MUDHOL,BUDNI,0.3,0.24,8.4
0.75,Sufficient,0.94,2017-19,BAGALKOT,524,0.14,29_524_shc_2017-19.219,254.36,2.69,332.47,0.59,18.2,20.75,KARNATAKA,29,16.389999999999848,75.5819999999986,BILGI,KANTIKAL,0.32,0.38,8.1
0.43,Deficient,1.88,2017-19,BAGALKOT,524,0.41,29_524_shc_2017-19.39,342.675,5.83,372.6,0.655,17.9,52.375,KARNATAKA,29,16.40199999999984,75.31599999999922,MUDHOL,KULAL,0.47,0.39,8.0
0.72,Sufficient,0.84,2017-19,BAGALKOT,524,0.26,29_524_shc_2017-19.200,271.35,4.63,240.76,0.42,18.2,34.75,KARNATAKA,29,16.40399999999984,75.29199999999928,BILGI,BALLUR,0.41,0.46,8.2
0.86,Sufficient,0.58,2017-19,BAGALKOT,524,0.17,29_524_shc_2017-19.170,455.18,1.59,418.46,0.73,15.02,36.5,KARNATAKA,29,16.409999999999837,75.47399999999885,BILGI,BUDIHAL,0.34,0.26,8.0
0.41,Deficient,1.2,2017-19,BAGALKOT,524,0.2,29_524_shc_2017-19.260,287.88,5.67,384.06,0.7,22.7,23.0,KARNATAKA,29,16.409999999999837,75.79199999999811,BILGI,KORTI,0.28,0.32,8.4
0.39,Deficient,1.46,2017-19,BAGALKOT,524,0.21,29_524_shc_2017-19.245,272.03,4.46,350.435,0.63,18.02,43.5,KARNATAKA,29,16.417999999999832,75.7119999999983,BILGI,GADADINNI,0.39,0.54,8.0
0.82,Sufficient,1.7,2017-19,BAGALKOT,524,0.34,29_524_shc_2017-19.119,322.54,5.86,389.8,0.68,28.028,33.0,KARNATAKA,29,16.41999999999983,75.409999999999,BILGI,GALGALI,0.46,0.37,7.9
0.69,Sufficient,1.11,2017-19,BAGALKOT,524,0.575,29_524_shc_2017-19.17,325.238,2.89,237.89,0.415,17.7,33.25,KARNATAKA,29,16.42199999999983,76.3119999999969,JAMKHANDI,CHIMAD,0.54,0.42,8.1
0.62,Sufficient,1.66,2017-19,BAGALKOT,524,0.2,29_524_shc_2017-19.72,268.0,4.73,424.19,0.73,16.835,42.0,KARNATAKA,29,16.429999999999826,75.46199999999888,JAMKHANDI,MAREGUDDI,0.3,0.43,8.0
0.41,Deficient,1.21,2017-19,BAGALKOT,524,0.35,29_524_shc_2017-19.193,288.0,4.69,361.13,0.63,25.4,34.75,KARNATAKA,29,16.43799999999982,75.59799999999856,BILGI,GUDADINNI,0.33,0.38,8.2
0.31,Deficient,1.43,2017-19,BAGALKOT,524,0.2,29_524_shc_2017-19.5,278.044,4.9,486.81,0.85,19.93,55.625,KARNATAKA,29,16.449999999999815,74.98,JAMKHANDI,GOLBHAVI,0.36,0.47,8.3
0.57,Sufficient,1.33,2017-19,BAGALKOT,524,0.16,29_524_shc_2017-19.30,212.738,4.48,447.12,0.79,24.48,46.0,KARNATAKA,29,16.449999999999815,75.18799999999952,JAMKHANDI,NAVALGI,0.32,0.45,7.9
0.64,Sufficient,0.36,2017-19,BAGALKOT,524,0.1,29_524_shc_2017-19.20,200.25,2.54,217.83,0.38,20.38,32.0,KARNATAKA,29,16.449999999999815,75.30599999999924,JAMKHANDI,HOSUR,0.42,0.74,7.8
0.85,Sufficient,0.44,2017-19,BAGALKOT,524,0.68,29_524_shc_2017-19.105,332.7,2.11,432.795,0.755,20.29,48.35,KARNATAKA,29,16.451999999999813,75.37999999999907,JAMKHANDI,BUDNI,0.3,0.24,8.4
0.8,Sufficient,0.64,2017-19,BAGALKOT,524,0.35,29_524_shc_2017-19.192,444.83,1.74,260.82,0.455,14.38,33.75,KARNATAKA,29,16.453999999999812,75.69399999999834,BILGI,GIRIGAON,0.34,0.52,8.4
0.6,Sufficient,0.98,2017-19,BAGALKOT,524,0.14,29_524_shc_2017-19.54,227.14,2.25,338.21,0.59,15.0,26.75,KARNATAKA,29,16.45599999999981,75.10199999999972,JAMKHANDI,SIDDAPUR,0.25,0.5,8.2
0.55,Sufficient,1.16,2017-19,BAGALKOT,524,0.18,29_524_shc_2017-19.65,359.78,2.8,424.2,0.74,18.29,38.0,KARNATAKA,29,16.45799999999981,75.3659999999991,JAMKHANDI,HULYAL,0.31,0.385,8.2
0.55,Sufficient,1.16,2017-19,BAGALKOT,524,0.18,29_524_shc_2017-19.65,359.78,2.8,424.2,0.74,18.29,38.0,KARNATAKA,29,16.45799999999981,75.41599999999899,JAMKHANDI,HULYAL,0.31,0.385,8.2
0.82,Sufficient,0.78,2017-19,BAGALKOT,524,0.17,29_524_shc_2017-19.15,194.685,2.46,226.425,0.4,17.2,31.5,KARNATAKA,29,16.465999999999806,75.21199999999946,JAMKHANDI,RABKAVI,0.39,0.35,8.035
0.52,Sufficient,1.79,2017-19,BAGALKOT,524,0.49,29_524_shc_2017-19.26,201.37,6.19,412.73,0.72,25.12,45.0,KARNATAKA,29,16.471999999999802,75.07599999999978,JAMKHANDI,YELLATTI,0.49,0.46,7.9
0.61,Sufficient,0.95,2017-19,BAGALKOT,524,0.35,29_524_shc_2017-19.104,344.93,2.08,441.39,0.77,26.94,29.75,KARNATAKA,29,16.481999999999797,75.70399999999832,JAMKHANDI,LINGANUR,0.225,0.44,8.01
