Value,unit_desc,asd_code,group_desc,freq_desc,agg_level_desc,class_desc,location_desc,domaincat_desc,prodn_practice_desc,CV (%),country_code,congr_district_code,watershed_code,source_desc,commodity_desc,state_fips_code,country_name,watershed_desc,short_desc,week_ending,county_code,begin_code,zip_5,statisticcat_desc,reference_period_desc,state_ansi,util_practice_desc,state_alpha,county_ansi,year,load_time,region_desc,county_name,end_code,domain_desc,sector_desc,state_name,asd_desc
0,PCT HARVESTED,,FIELD CROPS,WEEKLY,STATE,ALL CLASSES,IOWA,NOT SPECIFIED,ALL PRODUCTION PRACTICES,,9000,,00000000,SURVEY,CORN,19,UNITED STATES,,"CORN, GRAIN - PROGRESS, MEASURED IN PCT HARVESTED",2025-09-07,,36,,PROGRESS,WEEK #36,19,GRAIN,IA,,2025,2025-09-08 16:00:00.000,,,36,TOTAL,CROPS,IOWA,
3,PCT HARVESTED,,FIELD CROPS,WEEKLY,STATE,ALL CLASSES,IOWA,NOT SPECIFIED,ALL PRODUCTION PRACTICES,,9000,,00000000,SURVEY,CORN,19,UNITED STATES,,"CORN, GRAIN - PROGRESS, MEASURED IN PCT HARVESTED",2025-09-14,,37,,PROGRESS,WEEK #37,19,GRAIN,IA,,2025,2025-09-15 16:00:00.000,,,37,TOTAL,CROPS,IOWA,
8,PCT HARVESTED,,FIELD CROPS,WEEKLY,STATE,ALL CLASSES,IOWA,NOT SPECIFIED,ALL PRODUCTION PRACTICES,,9000,,00000000,SURVEY,CORN,19,UNITED STATES,,"CORN, GRAIN - PROGRESS, MEASURED IN PCT HARVESTED",2025-09-21,,38,,PROGRESS,WEEK #38,19,GRAIN,IA,,2025,2025-09-22 16:00:00.000,,,38,TOTAL,CROPS,IOWA,
15,PCT HARVESTED,,FIELD CROPS,WEEKLY,STATE,ALL CLASSES,IOWA,NOT SPECIFIED,ALL PRODUCTION PRACTICES,,9000,,00000000,SURVEY,CORN,19,UNITED STATES,,"CORN, GRAIN - PROGRESS, MEASURED IN PCT HARVESTED",2025-09-28,,39,,PROGRESS,WEEK #39,19,GRAIN,IA,,2025,2025-09-29 16:00:00.000,,,39,TOTAL,CROPS,IOWA,
97,PCT HARVESTED,,FIELD CROPS,WEEKLY,STATE,ALL CLASSES,IOWA,NOT SPECIFIED,ALL PRODUCTION PRACTICES,,9000,,00000000,SURVEY,CORN,19,UNITED STATES,,"CORN, GRAIN - PROGRESS, MEASURED IN PCT HARVESTED",2025-11-16,,46,,PROGRESS,WEEK #46,19,GRAIN,IA,,2025,2025-11-17 16:00:00.000,,,46,TOTAL,CROPS,IOWA,
99,PCT HARVESTED,,FIELD CROPS,WEEKLY,STATE,ALL CLASSES,IOWA,NOT SPECIFIED,ALL PRODUCTION PRACTICES,,9000,,00000000,SURVEY,CORN,19,UNITED STATES,,"CORN, GRAIN - PROGRESS, MEASURED IN PCT HARVESTED",2025-11-23,,47,,PROGRESS,WEEK #47,19,GRAIN,IA,,2025,2025-11-24 16:00:00.000,,,47,TOTAL,CROPS,IOWA,
0,PCT HARVESTED,,FIELD CROPS,WEEKLY,STATE,ALL CLASSES,IOWA,NOT SPECIFIED,ALL PRODUCTION PRACTICES,,9000,,00000000,SURVEY,CORN,19,UNITED STATES,,"CORN, GRAIN - PROGRESS, MEASURED IN PCT HARVESTED",2024-09-08,,36,,PROGRESS,WEEK #36,19,GRAIN,IA,,2024,2024-09-09 16:00:00.000,,,36,TOTAL,CROPS,IOWA,
2,PCT HARVESTED,,FIELD CROPS,WEEKLY,STATE,ALL CLASSES,IOWA,NOT SPECIFIED,ALL PRODUCTION PRACTICES,,9000,,00000000,SURVEY,CORN,19,UNITED STATES,,"CORN, GRAIN - PROGRESS, MEASURED IN PCT HARVESTED",2024-09-15,,37,,PROGRESS,WEEK #37,19,GRAIN,IA,,2024,2024-09-16 16:00:00.000,,,37,TOTAL,CROPS,IOWA,
5,PCT HARVESTED,,FIELD CROPS,WEEKLY,STATE,ALL CLASSES,IOWA,NOT SPECIFIED,ALL PRODUCTION PRACTICES,,9000,,00000000,SURVEY,CORN,19,UNITED STATES,,"CORN, GRAIN - PROGRESS, MEASURED IN PCT HARVESTED",2024-09-22,,38,,PROGRESS,WEEK #38,19,GRAIN,IA,,2024,2024-09-23 16:00:00.000,,,38,TOTAL,CROPS,IOWA,
11,PCT HARVESTED,,FIELD CROPS,WEEKLY,STATE,ALL CLASSES,IOWA,NOT SPECIFIED,ALL PRODUCTION PRACTICES,,9000,,00000000,SURVEY,CORN,19,UNITED STATES,,"CORN, GRAIN - PROGRESS, MEASURED IN PCT HARVESTED",2024-09-29,,39,,PROGRESS,WEEK #39,19,GRAIN,IA,,2024,2024-09-30 16:00:00.000,,,39,TOTAL,CROPS,IOWA,
22,PCT HARVESTED,,FIELD CROPS,WEEKLY,STATE,ALL CLASSES,IOWA,NOT SPECIFIED,ALL PRODUCTION PRACTICES,,9000,,00000000,SURVEY,CORN,19,UNITED STATES,,"CORN, GRAIN - PROGRESS, MEASURED IN PCT HARVESTED",2024-10-06,,40,,PROGRESS,WEEK #40,19,GRAIN,IA,,2024,2024-10-07 16:00:00.000,,,40,TOTAL,CROPS,IOWA,
45,PCT HARVESTED,,FIELD CROPS,WEEKLY,STATE,ALL CLASSES,IOWA,NOT SPECIFIED,ALL PRODUCTION PRACTICES,,9000,,00000000,SURVEY,CORN,19,UNITED STATES,,"CORN, GRAIN - PROGRESS, MEASURED IN PCT HARVESTED",2024-10-13,,41,,PROGRESS,WEEK #41,19,GRAIN,IA,,2024,2024-10-15 16:00:00.000,,,41,TOTAL,CROPS,IOWA,
68,PCT HARVESTED,,FIELD CROPS,WEEKLY,STATE,ALL CLASSES,IOWA,NOT SPECIFIED,ALL PRODUCTION PRACTICES,,9000,,00000000,SURVEY,CORN,19,UNITED STATES,,"CORN, GRAIN - PROGRESS, MEASURED IN PCT HARVESTED",2024-10-20,,42,,PROGRESS,WEEK #42,19,GRAIN,IA,,2024,2024-10-21 16:00:00.000,,,42,TOTAL,CROPS,IOWA,
84,PCT HARVESTED,,FIELD CROPS,WEEKLY,STATE,ALL CLASSES,IOWA,NOT SPECIFIED,ALL PRODUCTION PRACTICES,,9000,,00000000,SURVEY,CORN,19,UNITED STATES,,"CORN, GRAIN - PROGRESS, MEASURED IN PCT HARVESTED",2024-10-27,,43,,PROGRESS,WEEK #43,19,GRAIN,IA,,2024,2024-10-28 16:00:00.000,,,43,TOTAL,CROPS,IOWA,
92,PCT HARVESTED,,FIELD CROPS,WEEKLY,STATE,ALL CLASSES,IOWA,NOT SPECIFIED,ALL PRODUCTION PRACTICES,,9000,,00000000,SURVEY,CORN,19,UNITED STATES,,"CORN, GRAIN - PROGRESS, MEASURED IN PCT HARVESTED",2024-11-03,,44,,PROGRESS,WEEK #44,19,GRAIN,IA,,2024,2024-11-04 16:00:00.000,,,44,TOTAL,CROPS,IOWA,
95,PCT HARVESTED,,FIELD CROPS,WEEKLY,STATE,ALL CLASSES,IOWA,NOT SPECIFIED,ALL PRODUCTION PRACTICES,,9000,,00000000,SURVEY,CORN,19,UNITED STATES,,"CORN, GRAIN - PROGRESS, MEASURED IN PCT HARVESTED",2024-11-10,,45,,PROGRESS,WEEK #45,19,GRAIN,IA,,2024,2024-11-12 16:00:00.000,,,45,TOTAL,CROPS,IOWA,
97,PCT HARVESTED,,FIELD CROPS,WEEKLY,STATE,ALL CLASSES,IOWA,NOT SPECIFIED,ALL PRODUCTION PRACTICES,,9000,,00000000,SURVEY,CORN,19,UNITED STATES,,"CORN, GRAIN - PROGRESS, MEASURED IN PCT HARVESTED",2024-11-17,,46,,PROGRESS,WEEK #46,19,GRAIN,IA,,2024,2024-11-18 16:00:00.000,,,46,TOTAL,CROPS,IOWA,
98,PCT HARVESTED,,FIELD CROPS,WEEKLY,STATE,ALL CLASSES,IOWA,NOT SPECIFIED,ALL PRODUCTION PRACTICES,,9000,,00000000,SURVEY,CORN,19,UNITED STATES,,"CORN, GRAIN - PROGRESS, MEASURED IN PCT HARVESTED",2024-11-24,,47,,PROGRESS,WEEK #47,19,GRAIN,IA,,2024,2024-11-25 16:00:00.000,,,47,TOTAL,CROPS,IOWA,
2,PCT HARVESTED,,FIELD CROPS,WEEKLY,STATE,ALL CLASSES,IOWA,NOT SPECIFIED,ALL PRODUCTION PRACTICES,,9000,,00000000,SURVEY,CORN,19,UNITED STATES,,"CORN, GRAIN - PROGRESS, MEASURED IN PCT HARVESTED",2023-09-10,,36,,PROGRESS,WEEK #36,19,GRAIN,IA,,2023,2023-09-11 16:00:00.000,,,36,TOTAL,CROPS,IOWA,
5,PCT HARVESTED,,FIELD CROPS,WEEKLY,STATE,ALL CLASSES,IOWA,NOT SPECIFIED,ALL PRODUCTION PRACTICES,,9000,,00000000,SURVEY,CORN,19,UNITED STATES,,"CORN, GRAIN - PROGRESS, MEASURED IN PCT HARVESTED",2023-09-17,,37,,PROGRESS,WEEK #37,19,GRAIN,IA,,2023,2023-09-18 16:00:00.000,,,37,TOTAL,CROPS,IOWA,
9,PCT HARVESTED,,FIELD CROPS,WEEKLY,STATE,ALL CLASSES,IOWA,NOT SPECIFIED,ALL PRODUCTION PRACTICES,,9000,,00000000,SURVEY,CORN,19,UNITED STATES,,"CORN, GRAIN - PROGRESS, MEASURED IN PCT HARVESTED",2023-09-24,,38,,PROGRESS,WEEK #38,19,GRAIN,IA,,2023,2023-09-25 16:00:00.000,,,38,TOTAL,CROPS,IOWA,
16,PCT HARVESTED,,FIELD CROPS,WEEKLY,STATE,ALL CLASSES,IOWA,NOT SPECIFIED,ALL PRODUCTION PRACTICES,,9000,,00000000,SURVEY,CORN,19,UNITED STATES,,"CORN, GRAIN - PROGRESS, MEASURED IN PCT HARVESTED",2023-10-01,,39,,PROGRESS,WEEK #39,19,GRAIN,IA,,2023,2023-10-02 16:00:00.000,,,39,TOTAL,CROPS,IOWA,
30,PCT HARVESTED,,FIELD CROPS,WEEKLY,STATE,ALL CLASSES,IOWA,NOT SPECIFIED,ALL PRODUCTION PRACTICES,,9000,,00000000,SURVEY,CORN,19,UNITED STATES,,"CORN, GRAIN - PROGRESS, MEASURED IN PCT HARVESTED",2023-10-08,,40,,PROGRESS,WEEK #40,19,GRAIN,IA,,2023,2023-10-10 16:00:00.000,,,40,TOTAL,CROPS,IOWA,
42,PCT HARVESTED,,FIELD CROPS,WEEKLY,STATE,ALL CLASSES,IOWA,NOT SPECIFIED,ALL PRODUCTION PRACTICES,,9000,,00000000,SURVEY,CORN,19,UNITED STATES,,"CORN, GRAIN - PROGRESS, MEASURED IN PCT HARVESTED",2023-10-15,,41,,PROGRESS,WEEK #41,19,GRAIN,IA,,2023,2023-10-16 16:00:00.000,,,41,TOTAL,CROPS,IOWA,
62,PCT HARVESTED,,FIELD CROPS,WEEKLY,STATE,ALL CLASSES,IOWA,NOT SPECIFIED,ALL PRODUCTION PRACTICES,,9000,,00000000,SURVEY,CORN,19,UNITED STATES,,"CORN, GRAIN - PROGRESS, MEASURED IN PCT HARVESTED",2023-10-22,,42,,PROGRESS,WEEK #42,19,GRAIN,IA,,2023,2023-10-23 16:00:00.000,,,42,TOTAL,CROPS,IOWA,
77,PCT HARVESTED,,FIELD CROPS,WEEKLY,STATE,ALL CLASSES,IOWA,NOT SPECIFIED,ALL PRODUCTION PRACTICES,,9000,,00000000,SURVEY,CORN,19,UNITED STATES,,"CORN, GRAIN - PROGRESS, MEASURED IN PCT HARVESTED",2023-10-29,,43,,PROGRESS,WEEK #43,19,GRAIN,IA,,2023,2023-10-30 16:00:00.000,,,43,TOTAL,CROPS,IOWA,
89,PCT HARVESTED,,FIELD CROPS,WEEKLY,STATE,ALL CLASSES,IOWA,NOT SPECIFIED,ALL PRODUCTION PRACTICES,,9000,,00000000,SURVEY,CORN,19,UNITED STATES,,"CORN, GRAIN - PROGRESS, MEASURED IN PCT HARVESTED",2023-11-05,,44,,PROGRESS,WEEK #44,19,GRAIN,IA,,2023,2023-11-06 16:00:00.000,,,44,TOTAL,CROPS,IOWA,
94,PCT HARVESTED,,FIELD CROPS,WEEKLY,STATE,ALL CLASSES,IOWA,NOT SPECIFIED,ALL PRODUCTION PRACTICES,,9000,,00000000,SURVEY,CORN,19,UNITED STATES,,"CORN, GRAIN - PROGRESS, MEASURED IN PCT HARVESTED",2023-11-12,,45,,PROGRESS,WEEK #45,19,GRAIN,IA,,2023,2023-11-13 16:00:00.000,,,45,TOTAL,CROPS,IOWA,
97,PCT HARVESTED,,FIELD CROPS,WEEKLY,STATE,ALL CLASSES,IOWA,NOT SPECIFIED,ALL PRODUCTION PRACTICES,,9000,,00000000,SURVEY,CORN,19,UNITED STATES,,"CORN, GRAIN - PROGRESS, MEASURED IN PCT HARVESTED",2023-11-19,,46,,PROGRESS,WEEK #46,19,GRAIN,IA,,2023,2023-11-20 16:00:00.000,,,46,TOTAL,CROPS,IOWA,
99,PCT HARVESTED,,FIELD CROPS,WEEKLY,STATE,ALL CLASSES,IOWA,NOT SPECIFIED,ALL PRODUCTION PRACTICES,,9000,,00000000,SURVEY,CORN,19,UNITED STATES,,"CORN, GRAIN - PROGRESS, MEASURED IN PCT HARVESTED",2023-11-26,,47,,PROGRESS,WEEK #47,19,GRAIN,IA,,2023,2023-11-27 16:00:00.000,,,47,TOTAL,CROPS,IOWA,
0,PCT HARVESTED,,FIELD CROPS,WEEKLY,STATE,ALL CLASSES,IOWA,NOT SPECIFIED,ALL PRODUCTION PRACTICES,,9000,,00000000,SURVEY,CORN,19,UNITED STATES,,"CORN, GRAIN - PROGRESS, MEASURED IN PCT HARVESTED",2022-09-11,,36,,PROGRESS,WEEK #36,19,GRAIN,IA,,2022,2022-09-12 16:05:59.000,,,36,TOTAL,CROPS,IOWA,
2,PCT HARVESTED,,FIELD CROPS,WEEKLY,STATE,ALL CLASSES,IOWA,NOT SPECIFIED,ALL PRODUCTION PRACTICES,,9000,,00000000,SURVEY,CORN,19,UNITED STATES,,"CORN, GRAIN - PROGRESS, MEASURED IN PCT HARVESTED",2022-09-18,,37,,PROGRESS,WEEK #37,19,GRAIN,IA,,2022,2022-09-19 16:00:00.000,,,37,TOTAL,CROPS,IOWA,
5,PCT HARVESTED,,FIELD CROPS,WEEKLY,STATE,ALL CLASSES,IOWA,NOT SPECIFIED,ALL PRODUCTION PRACTICES,,9000,,00000000,SURVEY,CORN,19,UNITED STATES,,"CORN, GRAIN - PROGRESS, MEASURED IN PCT HARVESTED",2022-09-25,,38,,PROGRESS,WEEK #38,19,GRAIN,IA,,2022,2022-09-26 16:00:00.000,,,38,TOTAL,CROPS,IOWA,
11,PCT HARVESTED,,FIELD CROPS,WEEKLY,STATE,ALL CLASSES,IOWA,NOT SPECIFIED,ALL PRODUCTION PRACTICES,,9000,,00000000,SURVEY,CORN,19,UNITED STATES,,"CORN, GRAIN - PROGRESS, MEASURED IN PCT HARVESTED",2022-10-02,,39,,PROGRESS,WEEK #39,19,GRAIN,IA,,2022,2022-10-03 16:00:00.000,,,39,TOTAL,CROPS,IOWA,
23,PCT HARVESTED,,FIELD CROPS,WEEKLY,STATE,ALL CLASSES,IOWA,NOT SPECIFIED,ALL PRODUCTION PRACTICES,,9000,,00000000,SURVEY,CORN,19,UNITED STATES,,"CORN, GRAIN - PROGRESS, MEASURED IN PCT HARVESTED",2022-10-09,,40,,PROGRESS,WEEK #40,19,GRAIN,IA,,2022,2022-10-11 16:00:00.000,,,40,TOTAL,CROPS,IOWA,
38,PCT HARVESTED,,FIELD CROPS,WEEKLY,STATE,ALL CLASSES,IOWA,NOT SPECIFIED,ALL PRODUCTION PRACTICES,,9000,,00000000,SURVEY,CORN,19,UNITED STATES,,"CORN, GRAIN - PROGRESS, MEASURED IN PCT HARVESTED",2022-10-16,,41,,PROGRESS,WEEK #41,19,GRAIN,IA,,2022,2022-10-17 16:00:00.000,,,41,TOTAL,CROPS,IOWA,
59,PCT HARVESTED,,FIELD CROPS,WEEKLY,STATE,ALL CLASSES,IOWA,NOT SPECIFIED,ALL PRODUCTION PRACTICES,,9000,,00000000,SURVEY,CORN,19,UNITED STATES,,"CORN, GRAIN - PROGRESS, MEASURED IN PCT HARVESTED",2022-10-23,,42,,PROGRESS,WEEK #42,19,GRAIN,IA,,2022,2022-10-24 16:00:00.000,,,42,TOTAL,CROPS,IOWA,
77,PCT HARVESTED,,FIELD CROPS,WEEKLY,STATE,ALL CLASSES,IOWA,NOT SPECIFIED,ALL PRODUCTION PRACTICES,,9000,,00000000,SURVEY,CORN,19,UNITED STATES,,"CORN, GRAIN - PROGRESS, MEASURED IN PCT HARVESTED",2022-10-30,,43,,PROGRESS,WEEK #43,19,GRAIN,IA,,2022,2022-10-31 16:00:00.000,,,43,TOTAL,CROPS,IOWA,
89,PCT HARVESTED,,FIELD CROPS,WEEKLY,STATE,ALL CLASSES,IOWA,NOT SPECIFIED,ALL PRODUCTION PRACTICES,,9000,,00000000,SURVEY,CORN,19,UNITED STATES,,"CORN, GRAIN - PROGRESS, MEASURED IN PCT HARVESTED",2022-11-06,,44,,PROGRESS,WEEK #44,19,GRAIN,IA,,2022,2022-11-07 16:00:00.000,,,44,TOTAL,CROPS,IOWA,
95,PCT HARVESTED,,FIELD CROPS,WEEKLY,STATE,ALL CLASSES,IOWA,NOT SPECIFIED,ALL PRODUCTION PRACTICES,,9000,,00000000,SURVEY,CORN,19,UNITED STATES,,"CORN, GRAIN - PROGRESS, MEASURED IN PCT HARVESTED",2022-11-13,,45,,PROGRESS,WEEK #45,19,GRAIN,IA,,2022,2022-11-14 16:00:00.000,,,45,TOTAL,CROPS,IOWA,
97,PCT HARVESTED,,FIELD CROPS,WEEKLY,STATE,ALL CLASSES,IOWA,NOT SPECIFIED,ALL PRODUCTION PRACTICES,,9000,,00000000,SURVEY,CORN,19,UNITED STATES,,"CORN, GRAIN - PROGRESS, MEASURED IN PCT HARVESTED",2022-11-20,,46,,PROGRESS,WEEK #46,19,GRAIN,IA,,2022,2022-11-21 16:00:00.000,,,46,TOTAL,CROPS,IOWA,
0,PCT HARVESTED,,FIELD CROPS,WEEKLY,STATE,ALL CLASSES,IOWA,NOT SPECIFIED,ALL PRODUCTION PRACTICES,,9000,,00000000,SURVEY,CORN,19,UNITED STATES,,"CORN, GRAIN - PROGRESS, MEASURED IN PCT HARVESTED",2021-09-12,,36,,PROGRESS,WEEK #36,19,GRAIN,IA,,2021,2021-09-13 16:00:14.000,,,36,TOTAL,CROPS,IOWA,
4,PCT HARVESTED,,FIELD CROPS,WEEKLY,STATE,ALL CLASSES,IOWA,NOT SPECIFIED,ALL PRODUCTION PRACTICES,,9000,,00000000,SURVEY,CORN,19,UNITED STATES,,"CORN, GRAIN - PROGRESS, MEASURED IN PCT HARVESTED",2021-09-19,,37,,PROGRESS,WEEK #37,19,GRAIN,IA,,2021,2021-09-20 16:00:13.000,,,37,TOTAL,CROPS,IOWA,
9,PCT HARVESTED,,FIELD CROPS,WEEKLY,STATE,ALL CLASSES,IOWA,NOT SPECIFIED,ALL PRODUCTION PRACTICES,,9000,,00000000,SURVEY,CORN,19,UNITED STATES,,"CORN, GRAIN - PROGRESS, MEASURED IN PCT HARVESTED",2021-09-26,,38,,PROGRESS,WEEK #38,19,GRAIN,IA,,2021,2021-09-27 16:00:13.000,,,38,TOTAL,CROPS,IOWA,
19,PCT HARVESTED,,FIELD CROPS,WEEKLY,STATE,ALL CLASSES,IOWA,NOT SPECIFIED,ALL PRODUCTION PRACTICES,,9000,,00000000,SURVEY,CORN,19,UNITED STATES,,"CORN, GRAIN - PROGRESS, MEASURED IN PCT HARVESTED",2021-10-03,,39,,PROGRESS,WEEK #39,19,GRAIN,IA,,2021,2021-10-04 16:00:16.000,,,39,TOTAL,CROPS,IOWA,
30,PCT HARVESTED,,FIELD CROPS,WEEKLY,STATE,ALL CLASSES,IOWA,NOT SPECIFIED,ALL PRODUCTION PRACTICES,,9000,,00000000,SURVEY,CORN,19,UNITED STATES,,"CORN, GRAIN - PROGRESS, MEASURED IN PCT HARVESTED",2021-10-10,,40,,PROGRESS,WEEK #40,19,GRAIN,IA,,2021,2021-10-12 16:00:17.000,,,40,TOTAL,CROPS,IOWA,
43,PCT HARVESTED,,FIELD CROPS,WEEKLY,STATE,ALL CLASSES,IOWA,NOT SPECIFIED,ALL PRODUCTION PRACTICES,,9000,,00000000,SURVEY,CORN,19,UNITED STATES,,"CORN, GRAIN - PROGRESS, MEASURED IN PCT HARVESTED",2021-10-17,,41,,PROGRESS,WEEK #41,19,GRAIN,IA,,2021,2021-10-18 16:00:13.000,,,41,TOTAL,CROPS,IOWA,
60,PCT HARVESTED,,FIELD CROPS,WEEKLY,STATE,ALL CLASSES,IOWA,NOT SPECIFIED,ALL PRODUCTION PRACTICES,,9000,,00000000,SURVEY,CORN,19,UNITED STATES,,"CORN, GRAIN - PROGRESS, MEASURED IN PCT HARVESTED",2021-10-24,,42,,PROGRESS,WEEK #42,19,GRAIN,IA,,2021,2021-10-25 16:00:12.000,,,42,TOTAL,CROPS,IOWA,
70,PCT HARVESTED,,FIELD CROPS,WEEKLY,STATE,ALL CLASSES,IOWA,NOT SPECIFIED,ALL PRODUCTION PRACTICES,,9000,,00000000,SURVEY,CORN,19,UNITED STATES,,"CORN, GRAIN - PROGRESS, MEASURED IN PCT HARVESTED",2021-10-31,,43,,PROGRESS,WEEK #43,19,GRAIN,IA,,2021,2021-11-01 16:00:13.000,,,43,TOTAL,CROPS,IOWA,
84,PCT HARVESTED,,FIELD CROPS,WEEKLY,STATE,ALL CLASSES,IOWA,NOT SPECIFIED,ALL PRODUCTION PRACTICES,,9000,,00000000,SURVEY,CORN,19,UNITED STATES,,"CORN, GRAIN - PROGRESS, MEASURED IN PCT HARVESTED",2021-11-07,,44,,PROGRESS,WEEK #44,19,GRAIN,IA,,2021,2021-11-08 16:00:15.000,,,44,TOTAL,CROPS,IOWA,
91,PCT HARVESTED,,FIELD CROPS,WEEKLY,STATE,ALL CLASSES,IOWA,NOT SPECIFIED,ALL PRODUCTION PRACTICES,,9000,,00000000,SURVEY,CORN,19,UNITED STATES,,"CORN, GRAIN - PROGRESS, MEASURED IN PCT HARVESTED",2021-11-14,,45,,PROGRESS,WEEK #45,19,GRAIN,IA,,2021,2021-11-15 16:00:13.000,,,45,TOTAL,CROPS,IOWA,
95,PCT HARVESTED,,FIELD CROPS,WEEKLY,STATE,ALL CLASSES,IOWA,NOT SPECIFIED,ALL PRODUCTION PRACTICES,,9000,,00000000,SURVEY,CORN,19,UNITED STATES,,"CORN, GRAIN - PROGRESS, MEASURED IN PCT HARVESTED",2021-11-21,,46,,PROGRESS,WEEK #46,19,GRAIN,IA,,2021,2021-11-22 16:00:13.000,,,46,TOTAL,CROPS,IOWA,
98,PCT HARVESTED,,FIELD CROPS,WEEKLY,STATE,ALL CLASSES,IOWA,NOT SPECIFIED,ALL PRODUCTION PRACTICES,,9000,,00000000,SURVEY,CORN,19,UNITED STATES,,"CORN, GRAIN - PROGRESS, MEASURED IN PCT HARVESTED",2021-11-28,,47,,PROGRESS,WEEK #47,19,GRAIN,IA,,2021,2021-11-29 16:00:14.000,,,47,TOTAL,CROPS,IOWA,
1,PCT HARVESTED,,FIELD CROPS,WEEKLY,STATE,ALL CLASSES,IOWA,NOT SPECIFIED,ALL PRODUCTION PRACTICES,,9000,,00000000,SURVEY,CORN,19,UNITED STATES,,"CORN, GRAIN - PROGRESS, MEASURED IN PCT HARVESTED",2020-09-13,,37,,PROGRESS,WEEK #37,19,GRAIN,IA,,2020,2020-09-14 16:00:19.000,,,37,TOTAL,CROPS,IOWA,
4,PCT HARVESTED,,FIELD CROPS,WEEKLY,STATE,ALL CLASSES,IOWA,NOT SPECIFIED,ALL PRODUCTION PRACTICES,,9000,,00000000,SURVEY,CORN,19,UNITED STATES,,"CORN, GRAIN - PROGRESS, MEASURED IN PCT HARVESTED",2020-09-20,,38,,PROGRESS,WEEK #38,19,GRAIN,IA,,2020,2020-09-21 16:00:14.000,,,38,TOTAL,CROPS,IOWA,
12,PCT HARVESTED,,FIELD CROPS,WEEKLY,STATE,ALL CLASSES,IOWA,NOT SPECIFIED,ALL PRODUCTION PRACTICES,,9000,,00000000,SURVEY,CORN,19,UNITED STATES,,"CORN, GRAIN - PROGRESS, MEASURED IN PCT HARVESTED",2020-09-27,,39,,PROGRESS,WEEK #39,19,GRAIN,IA,,2020,2020-09-28 16:00:10.000,,,39,TOTAL,CROPS,IOWA,
25,PCT HARVESTED,,FIELD CROPS,WEEKLY,STATE,ALL CLASSES,IOWA,NOT SPECIFIED,ALL PRODUCTION PRACTICES,,9000,,00000000,SURVEY,CORN,19,UNITED STATES,,"CORN, GRAIN - PROGRESS, MEASURED IN PCT HARVESTED",2020-10-04,,40,,PROGRESS,WEEK #40,19,GRAIN,IA,,2020,2020-10-05 16:00:11.000,,,40,TOTAL,CROPS,IOWA,
42,PCT HARVESTED,,FIELD CROPS,WEEKLY,STATE,ALL CLASSES,IOWA,NOT SPECIFIED,ALL PRODUCTION PRACTICES,,9000,,00000000,SURVEY,CORN,19,UNITED STATES,,"CORN, GRAIN - PROGRESS, MEASURED IN PCT HARVESTED",2020-10-11,,41,,PROGRESS,WEEK #41,19,GRAIN,IA,,2020,2020-10-13 16:00:12.000,,,41,TOTAL,CROPS,IOWA,
65,PCT HARVESTED,,FIELD CROPS,WEEKLY,STATE,ALL CLASSES,IOWA,NOT SPECIFIED,ALL PRODUCTION PRACTICES,,9000,,00000000,SURVEY,CORN,19,UNITED STATES,,"CORN, GRAIN - PROGRESS, MEASURED IN PCT HARVESTED",2020-10-18,,42,,PROGRESS,WEEK #42,19,GRAIN,IA,,2020,2020-10-19 16:00:10.000,,,42,TOTAL,CROPS,IOWA,
78,PCT HARVESTED,,FIELD CROPS,WEEKLY,STATE,ALL CLASSES,IOWA,NOT SPECIFIED,ALL PRODUCTION PRACTICES,,9000,,00000000,SURVEY,CORN,19,UNITED STATES,,"CORN, GRAIN - PROGRESS, MEASURED IN PCT HARVESTED",2020-10-25,,43,,PROGRESS,WEEK #43,19,GRAIN,IA,,2020,2020-10-26 16:00:11.000,,,43,TOTAL,CROPS,IOWA,
87,PCT HARVESTED,,FIELD CROPS,WEEKLY,STATE,ALL CLASSES,IOWA,NOT SPECIFIED,ALL PRODUCTION PRACTICES,,9000,,00000000,SURVEY,CORN,19,UNITED STATES,,"CORN, GRAIN - PROGRESS, MEASURED IN PCT HARVESTED",2020-11-01,,44,,PROGRESS,WEEK #44,19,GRAIN,IA,,2020,2020-11-02 16:00:11.000,,,44,TOTAL,CROPS,IOWA,
94,PCT HARVESTED,,FIELD CROPS,WEEKLY,STATE,ALL CLASSES,IOWA,NOT SPECIFIED,ALL PRODUCTION PRACTICES,,9000,,00000000,SURVEY,CORN,19,UNITED STATES,,"CORN, GRAIN - PROGRESS, MEASURED IN PCT HARVESTED",2020-11-08,,45,,PROGRESS,WEEK #45,19,GRAIN,IA,,2020,2020-11-09 16:00:13.000,,,45,TOTAL,CROPS,IOWA,
97,PCT HARVESTED,,FIELD CROPS,WEEKLY,STATE,ALL CLASSES,IOWA,NOT SPECIFIED,ALL PRODUCTION PRACTICES,,9000,,00000000,SURVEY,CORN,19,UNITED STATES,,"CORN, GRAIN - PROGRESS, MEASURED IN PCT HARVESTED",2020-11-15,,46,,PROGRESS,WEEK #46,19,GRAIN,IA,,2020,2020-11-16 16:00:14.000,,,46,TOTAL,CROPS,IOWA,
98,PCT HARVESTED,,FIELD CROPS,WEEKLY,STATE,ALL CLASSES,IOWA,NOT SPECIFIED,ALL PRODUCTION PRACTICES,,9000,,00000000,SURVEY,CORN,19,UNITED STATES,,"CORN, GRAIN - PROGRESS, MEASURED IN PCT HARVESTED",2020-11-22,,47,,PROGRESS,WEEK #47,19,GRAIN,IA,,2020,2020-11-23 16:00:15.000,,,47,TOTAL,CROPS,IOWA,
99,PCT HARVESTED,,FIELD CROPS,WEEKLY,STATE,ALL CLASSES,IOWA,NOT SPECIFIED,ALL PRODUCTION PRACTICES,,9000,,00000000,SURVEY,CORN,19,UNITED STATES,,"CORN, GRAIN - PROGRESS, MEASURED IN PCT HARVESTED",2020-11-29,,48,,PROGRESS,WEEK #48,19,GRAIN,IA,,2020,2020-11-30 16:00:13.000,,,48,TOTAL,CROPS,IOWA,
0,PCT HARVESTED,,FIELD CROPS,WEEKLY,STATE,ALL CLASSES,IOWA,NOT SPECIFIED,ALL PRODUCTION PRACTICES,,9000,,00000000,SURVEY,CORN,19,UNITED STATES,,"CORN, GRAIN - PROGRESS, MEASURED IN PCT HARVESTED",2019-09-15,,37,,PROGRESS,WEEK #37,19,GRAIN,IA,,2019,2019-09-16 16:00:10.000,,,37,TOTAL,CROPS,IOWA,
0,PCT HARVESTED,,FIELD CROPS,WEEKLY,STATE,ALL CLASSES,IOWA,NOT SPECIFIED,ALL PRODUCTION PRACTICES,,9000,,00000000,SURVEY,CORN,19,UNITED STATES,,"CORN, GRAIN - PROGRESS, MEASURED IN PCT HARVESTED",2019-09-22,,38,,PROGRESS,WEEK #38,19,GRAIN,IA,,2019,2019-09-23 16:00:07.000,,,38,TOTAL,CROPS,IOWA,
2,PCT HARVESTED,,FIELD CROPS,WEEKLY,STATE,ALL CLASSES,IOWA,NOT SPECIFIED,ALL PRODUCTION PRACTICES,,9000,,00000000,SURVEY,CORN,19,UNITED STATES,,"CORN, GRAIN - PROGRESS, MEASURED IN PCT HARVESTED",2019-09-29,,39,,PROGRESS,WEEK #39,19,GRAIN,IA,,2019,2019-09-30 16:00:08.000,,,39,TOTAL,CROPS,IOWA,
3,PCT HARVESTED,,FIELD CROPS,WEEKLY,STATE,ALL CLASSES,IOWA,NOT SPECIFIED,ALL PRODUCTION PRACTICES,,9000,,00000000,SURVEY,CORN,19,UNITED STATES,,"CORN, GRAIN - PROGRESS, MEASURED IN PCT HARVESTED",2019-10-06,,40,,PROGRESS,WEEK #40,19,GRAIN,IA,,2019,2019-10-07 16:00:07.000,,,40,TOTAL,CROPS,IOWA,
7,PCT HARVESTED,,FIELD CROPS,WEEKLY,STATE,ALL CLASSES,IOWA,NOT SPECIFIED,ALL PRODUCTION PRACTICES,,9000,,00000000,SURVEY,CORN,19,UNITED STATES,,"CORN, GRAIN - PROGRESS, MEASURED IN PCT HARVESTED",2019-10-13,,41,,PROGRESS,WEEK #41,19,GRAIN,IA,,2019,2019-10-15 16:00:12.000,,,41,TOTAL,CROPS,IOWA,
15,PCT HARVESTED,,FIELD CROPS,WEEKLY,STATE,ALL CLASSES,IOWA,NOT SPECIFIED,ALL PRODUCTION PRACTICES,,9000,,00000000,SURVEY,CORN,19,UNITED STATES,,"CORN, GRAIN - PROGRESS, MEASURED IN PCT HARVESTED",2019-10-20,,42,,PROGRESS,WEEK #42,19,GRAIN,IA,,2019,2019-10-21 16:00:09.000,,,42,TOTAL,CROPS,IOWA,
26,PCT HARVESTED,,FIELD CROPS,WEEKLY,STATE,ALL CLASSES,IOWA,NOT SPECIFIED,ALL PRODUCTION PRACTICES,,9000,,00000000,SURVEY,CORN,19,UNITED STATES,,"CORN, GRAIN - PROGRESS, MEASURED IN PCT HARVESTED",2019-10-27,,43,,PROGRESS,WEEK #43,19,GRAIN,IA,,2019,2019-10-28 16:00:10.000,,,43,TOTAL,CROPS,IOWA,
43,PCT HARVESTED,,FIELD CROPS,WEEKLY,STATE,ALL CLASSES,IOWA,NOT SPECIFIED,ALL PRODUCTION PRACTICES,,9000,,00000000,SURVEY,CORN,19,UNITED STATES,,"CORN, GRAIN - PROGRESS, MEASURED IN PCT HARVESTED",2019-11-03,,44,,PROGRESS,WEEK #44,19,GRAIN,IA,,2019,2019-11-04 16:00:07.000,,,44,TOTAL,CROPS,IOWA,
64,PCT HARVESTED,,FIELD CROPS,WEEKLY,STATE,ALL CLASSES,IOWA,NOT SPECIFIED,ALL PRODUCTION PRACTICES,,9000,,00000000,SURVEY,CORN,19,UNITED STATES,,"CORN, GRAIN - PROGRESS, MEASURED IN PCT HARVESTED",2019-11-10,,45,,PROGRESS,WEEK #45,19,GRAIN,IA,,2019,2019-11-12 16:00:10.000,,,45,TOTAL,CROPS,IOWA,
77,PCT HARVESTED,,FIELD CROPS,WEEKLY,STATE,ALL CLASSES,IOWA,NOT SPECIFIED,ALL PRODUCTION PRACTICES,,9000,,00000000,SURVEY,CORN,19,UNITED STATES,,"CORN, GRAIN - PROGRESS, MEASURED IN PCT HARVESTED",2019-11-17,,46,,PROGRESS,WEEK #46,19,GRAIN,IA,,2019,2019-11-18 16:00:11.000,,,46,TOTAL,CROPS,IOWA,
86,PCT HARVESTED,,FIELD CROPS,WEEKLY,STATE,ALL CLASSES,IOWA,NOT SPECIFIED,ALL PRODUCTION PRACTICES,,9000,,00000000,SURVEY,CORN,19,UNITED STATES,,"CORN, GRAIN - PROGRESS, MEASURED IN PCT HARVESTED",2019-11-24,,47,,PROGRESS,WEEK #47,19,GRAIN,IA,,2019,2019-11-25 16:00:12.000,,,47,TOTAL,CROPS,IOWA,
92,PCT HARVESTED,,FIELD CROPS,WEEKLY,STATE,ALL CLASSES,IOWA,NOT SPECIFIED,ALL PRODUCTION PRACTICES,,9000,,00000000,SURVEY,CORN,19,UNITED STATES,,"CORN, GRAIN - PROGRESS, MEASURED IN PCT HARVESTED",2019-12-01,,48,,PROGRESS,WEEK #48,19,GRAIN,IA,,2019,2019-12-02 16:00:11.000,,,48,TOTAL,CROPS,IOWA,
95,PCT HARVESTED,,FIELD CROPS,WEEKLY,STATE,ALL CLASSES,IOWA,NOT SPECIFIED,ALL PRODUCTION PRACTICES,,9000,,00000000,SURVEY,CORN,19,UNITED STATES,,"CORN, GRAIN - PROGRESS, MEASURED IN PCT HARVESTED",2019-12-08,,49,,PROGRESS,WEEK #49,19,GRAIN,IA,,2019,2019-12-09 16:00:12.000,,,49,TOTAL,CROPS,IOWA,
0,PCT HARVESTED,,FIELD CROPS,WEEKLY,STATE,ALL CLASSES,IOWA,NOT SPECIFIED,ALL PRODUCTION PRACTICES,,9000,,00000000,SURVEY,CORN,19,UNITED STATES,,"CORN, GRAIN - PROGRESS, MEASURED IN PCT HARVESTED",2018-09-02,,35,,PROGRESS,WEEK #35,19,GRAIN,IA,,2018,2018-09-04 16:00:02.000,,,35,TOTAL,CROPS,IOWA,
0,PCT HARVESTED,,FIELD CROPS,WEEKLY,STATE,ALL CLASSES,IOWA,NOT SPECIFIED,ALL PRODUCTION PRACTICES,,9000,,00000000,SURVEY,CORN,19,UNITED STATES,,"CORN, GRAIN - PROGRESS, MEASURED IN PCT HARVESTED",2018-09-09,,36,,PROGRESS,WEEK #36,19,GRAIN,IA,,2018,2018-09-11 12:27:46.000,,,36,TOTAL,CROPS,IOWA,
2,PCT HARVESTED,,FIELD CROPS,WEEKLY,STATE,ALL CLASSES,IOWA,NOT SPECIFIED,ALL PRODUCTION PRACTICES,,9000,,00000000,SURVEY,CORN,19,UNITED STATES,,"CORN, GRAIN - PROGRESS, MEASURED IN PCT HARVESTED",2018-09-16,,37,,PROGRESS,WEEK #37,19,GRAIN,IA,,2018,2018-09-17 16:00:08.000,,,37,TOTAL,CROPS,IOWA,
5,PCT HARVESTED,,FIELD CROPS,WEEKLY,STATE,ALL CLASSES,IOWA,NOT SPECIFIED,ALL PRODUCTION PRACTICES,,9000,,00000000,SURVEY,CORN,19,UNITED STATES,,"CORN, GRAIN - PROGRESS, MEASURED IN PCT HARVESTED",2018-09-23,,38,,PROGRESS,WEEK #38,19,GRAIN,IA,,2018,2018-09-24 16:00:08.000,,,38,TOTAL,CROPS,IOWA,
11,PCT HARVESTED,,FIELD CROPS,WEEKLY,STATE,ALL CLASSES,IOWA,NOT SPECIFIED,ALL PRODUCTION PRACTICES,,9000,,00000000,SURVEY,CORN,19,UNITED STATES,,"CORN, GRAIN - PROGRESS, MEASURED IN PCT HARVESTED",2018-09-30,,39,,PROGRESS,WEEK #39,19,GRAIN,IA,,2018,2018-10-01 16:01:52.000,,,39,TOTAL,CROPS,IOWA,
15,PCT HARVESTED,,FIELD CROPS,WEEKLY,STATE,ALL CLASSES,IOWA,NOT SPECIFIED,ALL PRODUCTION PRACTICES,,9000,,00000000,SURVEY,CORN,19,UNITED STATES,,"CORN, GRAIN - PROGRESS, MEASURED IN PCT HARVESTED",2018-10-07,,40,,PROGRESS,WEEK #40,19,GRAIN,IA,,2018,2018-10-09 16:00:09.000,,,40,TOTAL,CROPS,IOWA,
17,PCT HARVESTED,,FIELD CROPS,WEEKLY,STATE,ALL CLASSES,IOWA,NOT SPECIFIED,ALL PRODUCTION PRACTICES,,9000,,00000000,SURVEY,CORN,19,UNITED STATES,,"CORN, GRAIN - PROGRESS, MEASURED IN PCT HARVESTED",2018-10-14,,41,,PROGRESS,WEEK #41,19,GRAIN,IA,,2018,2018-10-15 16:00:07.000,,,41,TOTAL,CROPS,IOWA,
29,PCT HARVESTED,,FIELD CROPS,WEEKLY,STATE,ALL CLASSES,IOWA,NOT SPECIFIED,ALL PRODUCTION PRACTICES,,9000,,00000000,SURVEY,CORN,19,UNITED STATES,,"CORN, GRAIN - PROGRESS, MEASURED IN PCT HARVESTED",2018-10-21,,42,,PROGRESS,WEEK #42,19,GRAIN,IA,,2018,2018-10-22 16:00:06.000,,,42,TOTAL,CROPS,IOWA,
49,PCT HARVESTED,,FIELD CROPS,WEEKLY,STATE,ALL CLASSES,IOWA,NOT SPECIFIED,ALL PRODUCTION PRACTICES,,9000,,00000000,SURVEY,CORN,19,UNITED STATES,,"CORN, GRAIN - PROGRESS, MEASURED IN PCT HARVESTED",2018-10-28,,43,,PROGRESS,WEEK #43,19,GRAIN,IA,,2018,2018-10-29 16:00:07.000,,,43,TOTAL,CROPS,IOWA,
72,PCT HARVESTED,,FIELD CROPS,WEEKLY,STATE,ALL CLASSES,IOWA,NOT SPECIFIED,ALL PRODUCTION PRACTICES,,9000,,00000000,SURVEY,CORN,19,UNITED STATES,,"CORN, GRAIN - PROGRESS, MEASURED IN PCT HARVESTED",2018-11-04,,44,,PROGRESS,WEEK #44,19,GRAIN,IA,,2018,2018-11-05 16:00:09.000,,,44,TOTAL,CROPS,IOWA,
83,PCT HARVESTED,,FIELD CROPS,WEEKLY,STATE,ALL CLASSES,IOWA,NOT SPECIFIED,ALL PRODUCTION PRACTICES,,9000,,00000000,SURVEY,CORN,19,UNITED STATES,,"CORN, GRAIN - PROGRESS, MEASURED IN PCT HARVESTED",2018-11-11,,45,,PROGRESS,WEEK #45,19,GRAIN,IA,,2018,2018-11-13 16:00:09.000,,,45,TOTAL,CROPS,IOWA,
91,PCT HARVESTED,,FIELD CROPS,WEEKLY,STATE,ALL CLASSES,IOWA,NOT SPECIFIED,ALL PRODUCTION PRACTICES,,9000,,00000000,SURVEY,CORN,19,UNITED STATES,,"CORN, GRAIN - PROGRESS, MEASURED IN PCT HARVESTED",2018-11-18,,46,,PROGRESS,WEEK #46,19,GRAIN,IA,,2018,2018-11-19 16:00:07.000,,,46,TOTAL,CROPS,IOWA,
96,PCT HARVESTED,,FIELD CROPS,WEEKLY,STATE,ALL CLASSES,IOWA,NOT SPECIFIED,ALL PRODUCTION PRACTICES,,9000,,00000000,SURVEY,CORN,19,UNITED STATES,,"CORN, GRAIN - PROGRESS, MEASURED IN PCT HARVESTED",2018-11-25,,47,,PROGRESS,WEEK #47,19,GRAIN,IA,,2018,2018-11-26 16:00:08.000,,,47,TOTAL,CROPS,IOWA,
0,PCT HARVESTED,,FIELD CROPS,WEEKLY,STATE,ALL CLASSES,IOWA,NOT SPECIFIED,ALL PRODUCTION PRACTICES,,9000,,00000000,SURVEY,CORN,19,UNITED STATES,,"CORN, GRAIN - PROGRESS, MEASURED IN PCT HARVESTED",2017-09-10,,36,,PROGRESS,WEEK #36,19,GRAIN,IA,,2017,2017-09-11 16:00:01.000,,,36,TOTAL,CROPS,IOWA,
1,PCT HARVESTED,,FIELD CROPS,WEEKLY,STATE,ALL CLASSES,IOWA,NOT SPECIFIED,ALL PRODUCTION PRACTICES,,9000,,00000000,SURVEY,CORN,19,UNITED STATES,,"CORN, GRAIN - PROGRESS, MEASURED IN PCT HARVESTED",2017-09-17,,37,,PROGRESS,WEEK #37,19,GRAIN,IA,,2017,2017-09-18 16:00:02.000,,,37,TOTAL,CROPS,IOWA,
3,PCT HARVESTED,,FIELD CROPS,WEEKLY,STATE,ALL CLASSES,IOWA,NOT SPECIFIED,ALL PRODUCTION PRACTICES,,9000,,00000000,SURVEY,CORN,19,UNITED STATES,,"CORN, GRAIN - PROGRESS, MEASURED IN PCT HARVESTED",2017-09-24,,38,,PROGRESS,WEEK #38,19,GRAIN,IA,,2017,2017-09-25 16:00:01.000,,,38,TOTAL,CROPS,IOWA,
6,PCT HARVESTED,,FIELD CROPS,WEEKLY,STATE,ALL CLASSES,IOWA,NOT SPECIFIED,ALL PRODUCTION PRACTICES,,9000,,00000000,SURVEY,CORN,19,UNITED STATES,,"CORN, GRAIN - PROGRESS, MEASURED IN PCT HARVESTED",2017-10-01,,39,,PROGRESS,WEEK #39,19,GRAIN,IA,,2017,2017-10-02 16:00:02.000,,,39,TOTAL,CROPS,IOWA,
8,PCT HARVESTED,,FIELD CROPS,WEEKLY,STATE,ALL CLASSES,IOWA,NOT SPECIFIED,ALL PRODUCTION PRACTICES,,9000,,00000000,SURVEY,CORN,19,UNITED STATES,,"CORN, GRAIN - PROGRESS, MEASURED IN PCT HARVESTED",2017-10-08,,40,,PROGRESS,WEEK #40,19,GRAIN,IA,,2017,2017-10-10 16:00:02.000,,,40,TOTAL,CROPS,IOWA,
13,PCT HARVESTED,,FIELD CROPS,WEEKLY,STATE,ALL CLASSES,IOWA,NOT SPECIFIED,ALL PRODUCTION PRACTICES,,9000,,00000000,SURVEY,CORN,19,UNITED STATES,,"CORN, GRAIN - PROGRESS, MEASURED IN PCT HARVESTED",2017-10-15,,41,,PROGRESS,WEEK #41,19,GRAIN,IA,,2017,2017-10-16 16:00:02.000,,,41,TOTAL,CROPS,IOWA,
23,PCT HARVESTED,,FIELD CROPS,WEEKLY,STATE,ALL CLASSES,IOWA,NOT SPECIFIED,ALL PRODUCTION PRACTICES,,9000,,00000000,SURVEY,CORN,19,UNITED STATES,,"CORN, GRAIN - PROGRESS, MEASURED IN PCT HARVESTED",2017-10-22,,42,,PROGRESS,WEEK #42,19,GRAIN,IA,,2017,2017-10-23 16:00:02.000,,,42,TOTAL,CROPS,IOWA,
44,PCT HARVESTED,,FIELD CROPS,WEEKLY,STATE,ALL CLASSES,IOWA,NOT SPECIFIED,ALL PRODUCTION PRACTICES,,9000,,00000000,SURVEY,CORN,19,UNITED STATES,,"CORN, GRAIN - PROGRESS, MEASURED IN PCT HARVESTED",2017-10-29,,43,,PROGRESS,WEEK #43,19,GRAIN,IA,,2017,2017-10-30 16:00:02.000,,,43,TOTAL,CROPS,IOWA,
67,PCT HARVESTED,,FIELD CROPS,WEEKLY,STATE,ALL CLASSES,IOWA,NOT SPECIFIED,ALL PRODUCTION PRACTICES,,9000,,00000000,SURVEY,CORN,19,UNITED STATES,,"CORN, GRAIN - PROGRESS, MEASURED IN PCT HARVESTED",2017-11-05,,44,,PROGRESS,WEEK #44,19,GRAIN,IA,,2017,2017-11-06 16:01:05.000,,,44,TOTAL,CROPS,IOWA,
85,PCT HARVESTED,,FIELD CROPS,WEEKLY,STATE,ALL CLASSES,IOWA,NOT SPECIFIED,ALL PRODUCTION PRACTICES,,9000,,00000000,SURVEY,CORN,19,UNITED STATES,,"CORN, GRAIN - PROGRESS, MEASURED IN PCT HARVESTED",2017-11-12,,45,,PROGRESS,WEEK #45,19,GRAIN,IA,,2017,2017-11-13 16:00:02.000,,,45,TOTAL,CROPS,IOWA,
92,PCT HARVESTED,,FIELD CROPS,WEEKLY,STATE,ALL CLASSES,IOWA,NOT SPECIFIED,ALL PRODUCTION PRACTICES,,9000,,00000000,SURVEY,CORN,19,UNITED STATES,,"CORN, GRAIN - PROGRESS, MEASURED IN PCT HARVESTED",2017-11-19,,46,,PROGRESS,WEEK #46,19,GRAIN,IA,,2017,2017-11-20 16:00:02.000,,,46,TOTAL,CROPS,IOWA,
96,PCT HARVESTED,,FIELD CROPS,WEEKLY,STATE,ALL CLASSES,IOWA,NOT SPECIFIED,ALL PRODUCTION PRACTICES,,9000,,00000000,SURVEY,CORN,19,UNITED STATES,,"CORN, GRAIN - PROGRESS, MEASURED IN PCT HARVESTED",2017-11-26,,47,,PROGRESS,WEEK #47,19,GRAIN,IA,,2017,2017-11-27 16:00:01.000,,,47,TOTAL,CROPS,IOWA,
1,PCT HARVESTED,,FIELD CROPS,WEEKLY,STATE,ALL CLASSES,IOWA,NOT SPECIFIED,ALL PRODUCTION PRACTICES,,9000,,00000000,SURVEY,CORN,19,UNITED STATES,,"CORN, GRAIN - PROGRESS, MEASURED IN PCT HARVESTED",2016-09-11,,36,,PROGRESS,WEEK #36,19,GRAIN,IA,,2016,2016-09-12 16:08:20.000,,,36,TOTAL,CROPS,IOWA,
2,PCT HARVESTED,,FIELD CROPS,WEEKLY,STATE,ALL CLASSES,IOWA,NOT SPECIFIED,ALL PRODUCTION PRACTICES,,9000,,00000000,SURVEY,CORN,19,UNITED STATES,,"CORN, GRAIN - PROGRESS, MEASURED IN PCT HARVESTED",2016-09-18,,37,,PROGRESS,WEEK #37,19,GRAIN,IA,,2016,2016-09-19 16:06:17.000,,,37,TOTAL,CROPS,IOWA,
4,PCT HARVESTED,,FIELD CROPS,WEEKLY,STATE,ALL CLASSES,IOWA,NOT SPECIFIED,ALL PRODUCTION PRACTICES,,9000,,00000000,SURVEY,CORN,19,UNITED STATES,,"CORN, GRAIN - PROGRESS, MEASURED IN PCT HARVESTED",2016-09-25,,38,,PROGRESS,WEEK #38,19,GRAIN,IA,,2016,2016-09-26 16:06:57.000,,,38,TOTAL,CROPS,IOWA,
10,PCT HARVESTED,,FIELD CROPS,WEEKLY,STATE,ALL CLASSES,IOWA,NOT SPECIFIED,ALL PRODUCTION PRACTICES,,9000,,00000000,SURVEY,CORN,19,UNITED STATES,,"CORN, GRAIN - PROGRESS, MEASURED IN PCT HARVESTED",2016-10-02,,39,,PROGRESS,WEEK #39,19,GRAIN,IA,,2016,2016-10-03 16:07:41.000,,,39,TOTAL,CROPS,IOWA,
19,PCT HARVESTED,,FIELD CROPS,WEEKLY,STATE,ALL CLASSES,IOWA,NOT SPECIFIED,ALL PRODUCTION PRACTICES,,9000,,00000000,SURVEY,CORN,19,UNITED STATES,,"CORN, GRAIN - PROGRESS, MEASURED IN PCT HARVESTED",2016-10-09,,40,,PROGRESS,WEEK #40,19,GRAIN,IA,,2016,2016-10-11 16:06:07.000,,,40,TOTAL,CROPS,IOWA,
33,PCT HARVESTED,,FIELD CROPS,WEEKLY,STATE,ALL CLASSES,IOWA,NOT SPECIFIED,ALL PRODUCTION PRACTICES,,9000,,00000000,SURVEY,CORN,19,UNITED STATES,,"CORN, GRAIN - PROGRESS, MEASURED IN PCT HARVESTED",2016-10-16,,41,,PROGRESS,WEEK #41,19,GRAIN,IA,,2016,2016-10-17 16:06:33.000,,,41,TOTAL,CROPS,IOWA,
52,PCT HARVESTED,,FIELD CROPS,WEEKLY,STATE,ALL CLASSES,IOWA,NOT SPECIFIED,ALL PRODUCTION PRACTICES,,9000,,00000000,SURVEY,CORN,19,UNITED STATES,,"CORN, GRAIN - PROGRESS, MEASURED IN PCT HARVESTED",2016-10-23,,42,,PROGRESS,WEEK #42,19,GRAIN,IA,,2016,2016-10-24 16:06:05.000,,,42,TOTAL,CROPS,IOWA,
71,PCT HARVESTED,,FIELD CROPS,WEEKLY,STATE,ALL CLASSES,IOWA,NOT SPECIFIED,ALL PRODUCTION PRACTICES,,9000,,00000000,SURVEY,CORN,19,UNITED STATES,,"CORN, GRAIN - PROGRESS, MEASURED IN PCT HARVESTED",2016-10-30,,43,,PROGRESS,WEEK #43,19,GRAIN,IA,,2016,2016-10-31 16:07:01.000,,,43,TOTAL,CROPS,IOWA,
86,PCT HARVESTED,,FIELD CROPS,WEEKLY,STATE,ALL CLASSES,IOWA,NOT SPECIFIED,ALL PRODUCTION PRACTICES,,9000,,00000000,SURVEY,CORN,19,UNITED STATES,,"CORN, GRAIN - PROGRESS, MEASURED IN PCT HARVESTED",2016-11-06,,44,,PROGRESS,WEEK #44,19,GRAIN,IA,,2016,2016-11-07 16:05:36.000,,,44,TOTAL,CROPS,IOWA,
94,PCT HARVESTED,,FIELD CROPS,WEEKLY,STATE,ALL CLASSES,IOWA,NOT SPECIFIED,ALL PRODUCTION PRACTICES,,9000,,00000000,SURVEY,CORN,19,UNITED STATES,,"CORN, GRAIN - PROGRESS, MEASURED IN PCT HARVESTED",2016-11-13,,45,,PROGRESS,WEEK #45,19,GRAIN,IA,,2016,2016-11-14 16:06:34.000,,,45,TOTAL,CROPS,IOWA,
98,PCT HARVESTED,,FIELD CROPS,WEEKLY,STATE,ALL CLASSES,IOWA,NOT SPECIFIED,ALL PRODUCTION PRACTICES,,9000,,00000000,SURVEY,CORN,19,UNITED STATES,,"CORN, GRAIN - PROGRESS, MEASURED IN PCT HARVESTED",2016-11-20,,46,,PROGRESS,WEEK #46,19,GRAIN,IA,,2016,2016-11-21 16:05:27.000,,,46,TOTAL,CROPS,IOWA,
99,PCT HARVESTED,,FIELD CROPS,WEEKLY,STATE,ALL CLASSES,IOWA,NOT SPECIFIED,ALL PRODUCTION PRACTICES,,9000,,00000000,SURVEY,CORN,19,UNITED STATES,,"CORN, GRAIN - PROGRESS, MEASURED IN PCT HARVESTED",2016-11-27,,47,,PROGRESS,WEEK #47,19,GRAIN,IA,,2016,2016-11-28 16:07:02.000,,,47,TOTAL,CROPS,IOWA,
0,PCT HARVESTED,,FIELD CROPS,WEEKLY,STATE,ALL CLASSES,IOWA,NOT SPECIFIED,ALL PRODUCTION PRACTICES,,9000,,00000000,SURVEY,CORN,19,UNITED STATES,,"CORN, GRAIN - PROGRESS, MEASURED IN PCT HARVESTED",2015-09-06,,36,,PROGRESS,WEEK #36,19,GRAIN,IA,,2015,2015-09-08 16:16:37.000,,,36,TOTAL,CROPS,IOWA,
0,PCT HARVESTED,,FIELD CROPS,WEEKLY,STATE,ALL CLASSES,IOWA,NOT SPECIFIED,ALL PRODUCTION PRACTICES,,9000,,00000000,SURVEY,CORN,19,UNITED STATES,,"CORN, GRAIN - PROGRESS, MEASURED IN PCT HARVESTED",2015-09-13,,37,,PROGRESS,WEEK #37,19,GRAIN,IA,,2015,2015-09-14 16:04:13.000,,,37,TOTAL,CROPS,IOWA,
2,PCT HARVESTED,,FIELD CROPS,WEEKLY,STATE,ALL CLASSES,IOWA,NOT SPECIFIED,ALL PRODUCTION PRACTICES,,9000,,00000000,SURVEY,CORN,19,UNITED STATES,,"CORN, GRAIN - PROGRESS, MEASURED IN PCT HARVESTED",2015-09-20,,38,,PROGRESS,WEEK #38,19,GRAIN,IA,,2015,2015-09-21 17:19:49.000,,,38,TOTAL,CROPS,IOWA,
5,PCT HARVESTED,,FIELD CROPS,WEEKLY,STATE,ALL CLASSES,IOWA,NOT SPECIFIED,ALL PRODUCTION PRACTICES,,9000,,00000000,SURVEY,CORN,19,UNITED STATES,,"CORN, GRAIN - PROGRESS, MEASURED IN PCT HARVESTED",2015-09-27,,39,,PROGRESS,WEEK #39,19,GRAIN,IA,,2015,2015-09-28 16:46:40.000,,,39,TOTAL,CROPS,IOWA,
13,PCT HARVESTED,,FIELD CROPS,WEEKLY,STATE,ALL CLASSES,IOWA,NOT SPECIFIED,ALL PRODUCTION PRACTICES,,9000,,00000000,SURVEY,CORN,19,UNITED STATES,,"CORN, GRAIN - PROGRESS, MEASURED IN PCT HARVESTED",2015-10-04,,40,,PROGRESS,WEEK #40,19,GRAIN,IA,,2015,2015-10-05 16:04:54.000,,,40,TOTAL,CROPS,IOWA,
29,PCT HARVESTED,,FIELD CROPS,WEEKLY,STATE,ALL CLASSES,IOWA,NOT SPECIFIED,ALL PRODUCTION PRACTICES,,9000,,00000000,SURVEY,CORN,19,UNITED STATES,,"CORN, GRAIN - PROGRESS, MEASURED IN PCT HARVESTED",2015-10-11,,41,,PROGRESS,WEEK #41,19,GRAIN,IA,,2015,2015-10-13 16:04:34.000,,,41,TOTAL,CROPS,IOWA,
52,PCT HARVESTED,,FIELD CROPS,WEEKLY,STATE,ALL CLASSES,IOWA,NOT SPECIFIED,ALL PRODUCTION PRACTICES,,9000,,00000000,SURVEY,CORN,19,UNITED STATES,,"CORN, GRAIN - PROGRESS, MEASURED IN PCT HARVESTED",2015-10-18,,42,,PROGRESS,WEEK #42,19,GRAIN,IA,,2015,2015-10-19 16:05:23.000,,,42,TOTAL,CROPS,IOWA,
73,PCT HARVESTED,,FIELD CROPS,WEEKLY,STATE,ALL CLASSES,IOWA,NOT SPECIFIED,ALL PRODUCTION PRACTICES,,9000,,00000000,SURVEY,CORN,19,UNITED STATES,,"CORN, GRAIN - PROGRESS, MEASURED IN PCT HARVESTED",2015-10-25,,43,,PROGRESS,WEEK #43,19,GRAIN,IA,,2015,2015-10-26 16:04:54.000,,,43,TOTAL,CROPS,IOWA,
85,PCT HARVESTED,,FIELD CROPS,WEEKLY,STATE,ALL CLASSES,IOWA,NOT SPECIFIED,ALL PRODUCTION PRACTICES,,9000,,00000000,SURVEY,CORN,19,UNITED STATES,,"CORN, GRAIN - PROGRESS, MEASURED IN PCT HARVESTED",2015-11-01,,44,,PROGRESS,WEEK #44,19,GRAIN,IA,,2015,2015-11-02 16:05:46.000,,,44,TOTAL,CROPS,IOWA,
93,PCT HARVESTED,,FIELD CROPS,WEEKLY,STATE,ALL CLASSES,IOWA,NOT SPECIFIED,ALL PRODUCTION PRACTICES,,9000,,00000000,SURVEY,CORN,19,UNITED STATES,,"CORN, GRAIN - PROGRESS, MEASURED IN PCT HARVESTED",2015-11-08,,45,,PROGRESS,WEEK #45,19,GRAIN,IA,,2015,2016-03-23 16:01:25.000,,,45,TOTAL,CROPS,IOWA,
96,PCT HARVESTED,,FIELD CROPS,WEEKLY,STATE,ALL CLASSES,IOWA,NOT SPECIFIED,ALL PRODUCTION PRACTICES,,9000,,00000000,SURVEY,CORN,19,UNITED STATES,,"CORN, GRAIN - PROGRESS, MEASURED IN PCT HARVESTED",2015-11-15,,46,,PROGRESS,WEEK #46,19,GRAIN,IA,,2015,2015-11-16 16:05:40.000,,,46,TOTAL,CROPS,IOWA,
98,PCT HARVESTED,,FIELD CROPS,WEEKLY,STATE,ALL CLASSES,IOWA,NOT SPECIFIED,ALL PRODUCTION PRACTICES,,9000,,00000000,SURVEY,CORN,19,UNITED STATES,,"CORN, GRAIN - PROGRESS, MEASURED IN PCT HARVESTED",2015-11-22,,47,,PROGRESS,WEEK #47,19,GRAIN,IA,,2015,2015-11-23 16:08:35.000,,,47,TOTAL,CROPS,IOWA,
0,PCT HARVESTED,,FIELD CROPS,WEEKLY,STATE,ALL CLASSES,IOWA,NOT SPECIFIED,ALL PRODUCTION PRACTICES,,9000,,00000000,SURVEY,CORN,19,UNITED STATES,,"CORN, GRAIN - PROGRESS, MEASURED IN PCT HARVESTED",2014-09-14,,37,,PROGRESS,WEEK #37,19,GRAIN,IA,,2014,2014-09-15 16:06:53.000,,,37,TOTAL,CROPS,IOWA,
0,PCT HARVESTED,,FIELD CROPS,WEEKLY,STATE,ALL CLASSES,IOWA,NOT SPECIFIED,ALL PRODUCTION PRACTICES,,9000,,00000000,SURVEY,CORN,19,UNITED STATES,,"CORN, GRAIN - PROGRESS, MEASURED IN PCT HARVESTED",2014-09-21,,38,,PROGRESS,WEEK #38,19,GRAIN,IA,,2014,2014-09-22 16:05:15.000,,,38,TOTAL,CROPS,IOWA,
2,PCT HARVESTED,,FIELD CROPS,WEEKLY,STATE,ALL CLASSES,IOWA,NOT SPECIFIED,ALL PRODUCTION PRACTICES,,9000,,00000000,SURVEY,CORN,19,UNITED STATES,,"CORN, GRAIN - PROGRESS, MEASURED IN PCT HARVESTED",2014-09-28,,39,,PROGRESS,WEEK #39,19,GRAIN,IA,,2014,2014-09-30 17:04:28.000,,,39,TOTAL,CROPS,IOWA,
5,PCT HARVESTED,,FIELD CROPS,WEEKLY,STATE,ALL CLASSES,IOWA,NOT SPECIFIED,ALL PRODUCTION PRACTICES,,9000,,00000000,SURVEY,CORN,19,UNITED STATES,,"CORN, GRAIN - PROGRESS, MEASURED IN PCT HARVESTED",2014-10-05,,40,,PROGRESS,WEEK #40,19,GRAIN,IA,,2014,2014-10-06 16:15:57.000,,,40,TOTAL,CROPS,IOWA,
10,PCT HARVESTED,,FIELD CROPS,WEEKLY,STATE,ALL CLASSES,IOWA,NOT SPECIFIED,ALL PRODUCTION PRACTICES,,9000,,00000000,SURVEY,CORN,19,UNITED STATES,,"CORN, GRAIN - PROGRESS, MEASURED IN PCT HARVESTED",2014-10-12,,41,,PROGRESS,WEEK #41,19,GRAIN,IA,,2014,2014-10-14 16:06:34.000,,,41,TOTAL,CROPS,IOWA,
19,PCT HARVESTED,,FIELD CROPS,WEEKLY,STATE,ALL CLASSES,IOWA,NOT SPECIFIED,ALL PRODUCTION PRACTICES,,9000,,00000000,SURVEY,CORN,19,UNITED STATES,,"CORN, GRAIN - PROGRESS, MEASURED IN PCT HARVESTED",2014-10-19,,42,,PROGRESS,WEEK #42,19,GRAIN,IA,,2014,2014-10-20 16:07:10.000,,,42,TOTAL,CROPS,IOWA,
36,PCT HARVESTED,,FIELD CROPS,WEEKLY,STATE,ALL CLASSES,IOWA,NOT SPECIFIED,ALL PRODUCTION PRACTICES,,9000,,00000000,SURVEY,CORN,19,UNITED STATES,,"CORN, GRAIN - PROGRESS, MEASURED IN PCT HARVESTED",2014-10-26,,43,,PROGRESS,WEEK #43,19,GRAIN,IA,,2014,2014-10-27 16:09:31.000,,,43,TOTAL,CROPS,IOWA,
61,PCT HARVESTED,,FIELD CROPS,WEEKLY,STATE,ALL CLASSES,IOWA,NOT SPECIFIED,ALL PRODUCTION PRACTICES,,9000,,00000000,SURVEY,CORN,19,UNITED STATES,,"CORN, GRAIN - PROGRESS, MEASURED IN PCT HARVESTED",2014-11-02,,44,,PROGRESS,WEEK #44,19,GRAIN,IA,,2014,2014-11-03 16:10:24.000,,,44,TOTAL,CROPS,IOWA,
82,PCT HARVESTED,,FIELD CROPS,WEEKLY,STATE,ALL CLASSES,IOWA,NOT SPECIFIED,ALL PRODUCTION PRACTICES,,9000,,00000000,SURVEY,CORN,19,UNITED STATES,,"CORN, GRAIN - PROGRESS, MEASURED IN PCT HARVESTED",2014-11-09,,45,,PROGRESS,WEEK #45,19,GRAIN,IA,,2014,2014-11-10 16:05:58.000,,,45,TOTAL,CROPS,IOWA,
92,PCT HARVESTED,,FIELD CROPS,WEEKLY,STATE,ALL CLASSES,IOWA,NOT SPECIFIED,ALL PRODUCTION PRACTICES,,9000,,00000000,SURVEY,CORN,19,UNITED STATES,,"CORN, GRAIN - PROGRESS, MEASURED IN PCT HARVESTED",2014-11-16,,46,,PROGRESS,WEEK #46,19,GRAIN,IA,,2014,2014-11-17 16:07:36.000,,,46,TOTAL,CROPS,IOWA,
96,PCT HARVESTED,,FIELD CROPS,WEEKLY,STATE,ALL CLASSES,IOWA,NOT SPECIFIED,ALL PRODUCTION PRACTICES,,9000,,00000000,SURVEY,CORN,19,UNITED STATES,,"CORN, GRAIN - PROGRESS, MEASURED IN PCT HARVESTED",2014-11-23,,47,,PROGRESS,WEEK #47,19,GRAIN,IA,,2014,2014-11-24 16:05:59.000,,,47,TOTAL,CROPS,IOWA,
1,PCT HARVESTED,,FIELD CROPS,WEEKLY,STATE,ALL CLASSES,IOWA,NOT SPECIFIED,ALL PRODUCTION PRACTICES,,9000,,00000000,SURVEY,CORN,19,UNITED STATES,,"CORN, GRAIN - PROGRESS, MEASURED IN PCT HARVESTED",2013-09-15,,37,,PROGRESS,WEEK #37,19,GRAIN,IA,,2013,2013-01-01 12:00:00.000,,,37,TOTAL,CROPS,IOWA,
3,PCT HARVESTED,,FIELD CROPS,WEEKLY,STATE,ALL CLASSES,IOWA,NOT SPECIFIED,ALL PRODUCTION PRACTICES,,9000,,00000000,SURVEY,CORN,19,UNITED STATES,,"CORN, GRAIN - PROGRESS, MEASURED IN PCT HARVESTED",2013-09-22,,38,,PROGRESS,WEEK #38,19,GRAIN,IA,,2013,2013-01-01 12:00:00.000,,,38,TOTAL,CROPS,IOWA,
5,PCT HARVESTED,,FIELD CROPS,WEEKLY,STATE,ALL CLASSES,IOWA,NOT SPECIFIED,ALL PRODUCTION PRACTICES,,9000,,00000000,SURVEY,CORN,19,UNITED STATES,,"CORN, GRAIN - PROGRESS, MEASURED IN PCT HARVESTED",2013-09-29,,39,,PROGRESS,WEEK #39,19,GRAIN,IA,,2013,2013-01-01 12:00:00.000,,,39,TOTAL,CROPS,IOWA,
35,PCT HARVESTED,,FIELD CROPS,WEEKLY,STATE,ALL CLASSES,IOWA,NOT SPECIFIED,ALL PRODUCTION PRACTICES,,9000,,00000000,SURVEY,CORN,19,UNITED STATES,,"CORN, GRAIN - PROGRESS, MEASURED IN PCT HARVESTED",2013-10-20,,42,,PROGRESS,WEEK #42,19,GRAIN,IA,,2013,2013-01-01 12:00:00.000,,,42,TOTAL,CROPS,IOWA,
55,PCT HARVESTED,,FIELD CROPS,WEEKLY,STATE,ALL CLASSES,IOWA,NOT SPECIFIED,ALL PRODUCTION PRACTICES,,9000,,00000000,SURVEY,CORN,19,UNITED STATES,,"CORN, GRAIN - PROGRESS, MEASURED IN PCT HARVESTED",2013-10-27,,43,,PROGRESS,WEEK #43,19,GRAIN,IA,,2013,2013-01-01 12:00:00.000,,,43,TOTAL,CROPS,IOWA,
75,PCT HARVESTED,,FIELD CROPS,WEEKLY,STATE,ALL CLASSES,IOWA,NOT SPECIFIED,ALL PRODUCTION PRACTICES,,9000,,00000000,SURVEY,CORN,19,UNITED STATES,,"CORN, GRAIN - PROGRESS, MEASURED IN PCT HARVESTED",2013-11-03,,44,,PROGRESS,WEEK #44,19,GRAIN,IA,,2013,2013-01-01 12:00:00.000,,,44,TOTAL,CROPS,IOWA,
88,PCT HARVESTED,,FIELD CROPS,WEEKLY,STATE,ALL CLASSES,IOWA,NOT SPECIFIED,ALL PRODUCTION PRACTICES,,9000,,00000000,SURVEY,CORN,19,UNITED STATES,,"CORN, GRAIN - PROGRESS, MEASURED IN PCT HARVESTED",2013-11-10,,45,,PROGRESS,WEEK #45,19,GRAIN,IA,,2013,2013-01-01 12:00:00.000,,,45,TOTAL,CROPS,IOWA,
0,PCT HARVESTED,,FIELD CROPS,WEEKLY,STATE,ALL CLASSES,IOWA,NOT SPECIFIED,ALL PRODUCTION PRACTICES,,9000,,00000000,SURVEY,CORN,19,UNITED STATES,,"CORN, GRAIN - PROGRESS, MEASURED IN PCT HARVESTED",2012-08-19,,33,,PROGRESS,WEEK #33,19,GRAIN,IA,,2012,2013-01-01 12:00:00.000,,,33,TOTAL,CROPS,IOWA,
2,PCT HARVESTED,,FIELD CROPS,WEEKLY,STATE,ALL CLASSES,IOWA,NOT SPECIFIED,ALL PRODUCTION PRACTICES,,9000,,00000000,SURVEY,CORN,19,UNITED STATES,,"CORN, GRAIN - PROGRESS, MEASURED IN PCT HARVESTED",2012-08-26,,34,,PROGRESS,WEEK #34,19,GRAIN,IA,,2012,2013-01-01 12:00:00.000,,,34,TOTAL,CROPS,IOWA,
5,PCT HARVESTED,,FIELD CROPS,WEEKLY,STATE,ALL CLASSES,IOWA,NOT SPECIFIED,ALL PRODUCTION PRACTICES,,9000,,00000000,SURVEY,CORN,19,UNITED STATES,,"CORN, GRAIN - PROGRESS, MEASURED IN PCT HARVESTED",2012-09-02,,35,,PROGRESS,WEEK #35,19,GRAIN,IA,,2012,2013-01-01 12:00:00.000,,,35,TOTAL,CROPS,IOWA,
10,PCT HARVESTED,,FIELD CROPS,WEEKLY,STATE,ALL CLASSES,IOWA,NOT SPECIFIED,ALL PRODUCTION PRACTICES,,9000,,00000000,SURVEY,CORN,19,UNITED STATES,,"CORN, GRAIN - PROGRESS, MEASURED IN PCT HARVESTED",2012-09-09,,36,,PROGRESS,WEEK #36,19,GRAIN,IA,,2012,2013-01-01 12:00:00.000,,,36,TOTAL,CROPS,IOWA,
22,PCT HARVESTED,,FIELD CROPS,WEEKLY,STATE,ALL CLASSES,IOWA,NOT SPECIFIED,ALL PRODUCTION PRACTICES,,9000,,00000000,SURVEY,CORN,19,UNITED STATES,,"CORN, GRAIN - PROGRESS, MEASURED IN PCT HARVESTED",2012-09-16,,37,,PROGRESS,WEEK #37,19,GRAIN,IA,,2012,2013-01-01 12:00:00.000,,,37,TOTAL,CROPS,IOWA,
37,PCT HARVESTED,,FIELD CROPS,WEEKLY,STATE,ALL CLASSES,IOWA,NOT SPECIFIED,ALL PRODUCTION PRACTICES,,9000,,00000000,SURVEY,CORN,19,UNITED STATES,,"CORN, GRAIN - PROGRESS, MEASURED IN PCT HARVESTED",2012-09-23,,38,,PROGRESS,WEEK #38,19,GRAIN,IA,,2012,2013-01-01 12:00:00.000,,,38,TOTAL,CROPS,IOWA,
56,PCT HARVESTED,,FIELD CROPS,WEEKLY,STATE,ALL CLASSES,IOWA,NOT SPECIFIED,ALL PRODUCTION PRACTICES,,9000,,00000000,SURVEY,CORN,19,UNITED STATES,,"CORN, GRAIN - PROGRESS, MEASURED IN PCT HARVESTED",2012-09-30,,39,,PROGRESS,WEEK #39,19,GRAIN,IA,,2012,2013-01-01 12:00:00.000,,,39,TOTAL,CROPS,IOWA,
76,PCT HARVESTED,,FIELD CROPS,WEEKLY,STATE,ALL CLASSES,IOWA,NOT SPECIFIED,ALL PRODUCTION PRACTICES,,9000,,00000000,SURVEY,CORN,19,UNITED STATES,,"CORN, GRAIN - PROGRESS, MEASURED IN PCT HARVESTED",2012-10-07,,40,,PROGRESS,WEEK #40,19,GRAIN,IA,,2012,2013-01-01 12:00:00.000,,,40,TOTAL,CROPS,IOWA,
87,PCT HARVESTED,,FIELD CROPS,WEEKLY,STATE,ALL CLASSES,IOWA,NOT SPECIFIED,ALL PRODUCTION PRACTICES,,9000,,00000000,SURVEY,CORN,19,UNITED STATES,,"CORN, GRAIN - PROGRESS, MEASURED IN PCT HARVESTED",2012-10-14,,41,,PROGRESS,WEEK #41,19,GRAIN,IA,,2012,2013-01-01 12:00:00.000,,,41,TOTAL,CROPS,IOWA,
93,PCT HARVESTED,,FIELD CROPS,WEEKLY,STATE,ALL CLASSES,IOWA,NOT SPECIFIED,ALL PRODUCTION PRACTICES,,9000,,00000000,SURVEY,CORN,19,UNITED STATES,,"CORN, GRAIN - PROGRESS, MEASURED IN PCT HARVESTED",2012-10-21,,42,,PROGRESS,WEEK #42,19,GRAIN,IA,,2012,2013-01-01 12:00:00.000,,,42,TOTAL,CROPS,IOWA,
95,PCT HARVESTED,,FIELD CROPS,WEEKLY,STATE,ALL CLASSES,IOWA,NOT SPECIFIED,ALL PRODUCTION PRACTICES,,9000,,00000000,SURVEY,CORN,19,UNITED STATES,,"CORN, GRAIN - PROGRESS, MEASURED IN PCT HARVESTED",2012-10-28,,43,,PROGRESS,WEEK #43,19,GRAIN,IA,,2012,2013-01-01 12:00:00.000,,,43,TOTAL,CROPS,IOWA,
98,PCT HARVESTED,,FIELD CROPS,WEEKLY,STATE,ALL CLASSES,IOWA,NOT SPECIFIED,ALL PRODUCTION PRACTICES,,9000,,00000000,SURVEY,CORN,19,UNITED STATES,,"CORN, GRAIN - PROGRESS, MEASURED IN PCT HARVESTED",2012-11-04,,44,,PROGRESS,WEEK #44,19,GRAIN,IA,,2012,2013-01-01 12:00:00.000,,,44,TOTAL,CROPS,IOWA,
3,PCT HARVESTED,,FIELD CROPS,WEEKLY,STATE,ALL CLASSES,IOWA,NOT SPECIFIED,ALL PRODUCTION PRACTICES,,9000,,00000000,SURVEY,CORN,19,UNITED STATES,,"CORN, GRAIN - PROGRESS, MEASURED IN PCT HARVESTED",2011-09-18,,37,,PROGRESS,WEEK #37,19,GRAIN,IA,,2011,2013-01-01 12:00:00.000,,,37,TOTAL,CROPS,IOWA,
5,PCT HARVESTED,,FIELD CROPS,WEEKLY,STATE,ALL CLASSES,IOWA,NOT SPECIFIED,ALL PRODUCTION PRACTICES,,9000,,00000000,SURVEY,CORN,19,UNITED STATES,,"CORN, GRAIN - PROGRESS, MEASURED IN PCT HARVESTED",2011-09-25,,38,,PROGRESS,WEEK #38,19,GRAIN,IA,,2011,2013-01-01 12:00:00.000,,,38,TOTAL,CROPS,IOWA,
12,PCT HARVESTED,,FIELD CROPS,WEEKLY,STATE,ALL CLASSES,IOWA,NOT SPECIFIED,ALL PRODUCTION PRACTICES,,9000,,00000000,SURVEY,CORN,19,UNITED STATES,,"CORN, GRAIN - PROGRESS, MEASURED IN PCT HARVESTED",2011-10-02,,39,,PROGRESS,WEEK #39,19,GRAIN,IA,,2011,2013-01-01 12:00:00.000,,,39,TOTAL,CROPS,IOWA,
27,PCT HARVESTED,,FIELD CROPS,WEEKLY,STATE,ALL CLASSES,IOWA,NOT SPECIFIED,ALL PRODUCTION PRACTICES,,9000,,00000000,SURVEY,CORN,19,UNITED STATES,,"CORN, GRAIN - PROGRESS, MEASURED IN PCT HARVESTED",2011-10-09,,40,,PROGRESS,WEEK #40,19,GRAIN,IA,,2011,2013-01-01 12:00:00.000,,,40,TOTAL,CROPS,IOWA,
45,PCT HARVESTED,,FIELD CROPS,WEEKLY,STATE,ALL CLASSES,IOWA,NOT SPECIFIED,ALL PRODUCTION PRACTICES,,9000,,00000000,SURVEY,CORN,19,UNITED STATES,,"CORN, GRAIN - PROGRESS, MEASURED IN PCT HARVESTED",2011-10-16,,41,,PROGRESS,WEEK #41,19,GRAIN,IA,,2011,2013-01-01 12:00:00.000,,,41,TOTAL,CROPS,IOWA,
71,PCT HARVESTED,,FIELD CROPS,WEEKLY,STATE,ALL CLASSES,IOWA,NOT SPECIFIED,ALL PRODUCTION PRACTICES,,9000,,00000000,SURVEY,CORN,19,UNITED STATES,,"CORN, GRAIN - PROGRESS, MEASURED IN PCT HARVESTED",2011-10-23,,42,,PROGRESS,WEEK #42,19,GRAIN,IA,,2011,2013-01-01 12:00:00.000,,,42,TOTAL,CROPS,IOWA,
87,PCT HARVESTED,,FIELD CROPS,WEEKLY,STATE,ALL CLASSES,IOWA,NOT SPECIFIED,ALL PRODUCTION PRACTICES,,9000,,00000000,SURVEY,CORN,19,UNITED STATES,,"CORN, GRAIN - PROGRESS, MEASURED IN PCT HARVESTED",2011-10-30,,43,,PROGRESS,WEEK #43,19,GRAIN,IA,,2011,2013-01-01 12:00:00.000,,,43,TOTAL,CROPS,IOWA,
95,PCT HARVESTED,,FIELD CROPS,WEEKLY,STATE,ALL CLASSES,IOWA,NOT SPECIFIED,ALL PRODUCTION PRACTICES,,9000,,00000000,SURVEY,CORN,19,UNITED STATES,,"CORN, GRAIN - PROGRESS, MEASURED IN PCT HARVESTED",2011-11-06,,44,,PROGRESS,WEEK #44,19,GRAIN,IA,,2011,2013-01-01 12:00:00.000,,,44,TOTAL,CROPS,IOWA,
98,PCT HARVESTED,,FIELD CROPS,WEEKLY,STATE,ALL CLASSES,IOWA,NOT SPECIFIED,ALL PRODUCTION PRACTICES,,9000,,00000000,SURVEY,CORN,19,UNITED STATES,,"CORN, GRAIN - PROGRESS, MEASURED IN PCT HARVESTED",2011-11-13,,45,,PROGRESS,WEEK #45,19,GRAIN,IA,,2011,2013-01-01 12:00:00.000,,,45,TOTAL,CROPS,IOWA,
99,PCT HARVESTED,,FIELD CROPS,WEEKLY,STATE,ALL CLASSES,IOWA,NOT SPECIFIED,ALL PRODUCTION PRACTICES,,9000,,00000000,SURVEY,CORN,19,UNITED STATES,,"CORN, GRAIN - PROGRESS, MEASURED IN PCT HARVESTED",2011-11-20,,46,,PROGRESS,WEEK #46,19,GRAIN,IA,,2011,2013-01-01 12:00:00.000,,,46,TOTAL,CROPS,IOWA,
1,PCT HARVESTED,,FIELD CROPS,WEEKLY,STATE,ALL CLASSES,IOWA,NOT SPECIFIED,ALL PRODUCTION PRACTICES,,9000,,00000000,SURVEY,CORN,19,UNITED STATES,,"CORN, GRAIN - PROGRESS, MEASURED IN PCT HARVESTED",2010-09-05,,35,,PROGRESS,WEEK #35,19,GRAIN,IA,,2010,2013-01-01 12:00:00.000,,,35,TOTAL,CROPS,IOWA,
3,PCT HARVESTED,,FIELD CROPS,WEEKLY,STATE,ALL CLASSES,IOWA,NOT SPECIFIED,ALL PRODUCTION PRACTICES,,9000,,00000000,SURVEY,CORN,19,UNITED STATES,,"CORN, GRAIN - PROGRESS, MEASURED IN PCT HARVESTED",2010-09-12,,36,,PROGRESS,WEEK #36,19,GRAIN,IA,,2010,2013-01-01 12:00:00.000,,,36,TOTAL,CROPS,IOWA,
6,PCT HARVESTED,,FIELD CROPS,WEEKLY,STATE,ALL CLASSES,IOWA,NOT SPECIFIED,ALL PRODUCTION PRACTICES,,9000,,00000000,SURVEY,CORN,19,UNITED STATES,,"CORN, GRAIN - PROGRESS, MEASURED IN PCT HARVESTED",2010-09-19,,37,,PROGRESS,WEEK #37,19,GRAIN,IA,,2010,2013-01-01 12:00:00.000,,,37,TOTAL,CROPS,IOWA,
8,PCT HARVESTED,,FIELD CROPS,WEEKLY,STATE,ALL CLASSES,IOWA,NOT SPECIFIED,ALL PRODUCTION PRACTICES,,9000,,00000000,SURVEY,CORN,19,UNITED STATES,,"CORN, GRAIN - PROGRESS, MEASURED IN PCT HARVESTED",2010-09-26,,38,,PROGRESS,WEEK #38,19,GRAIN,IA,,2010,2013-01-01 12:00:00.000,,,38,TOTAL,CROPS,IOWA,
19,PCT HARVESTED,,FIELD CROPS,WEEKLY,STATE,ALL CLASSES,IOWA,NOT SPECIFIED,ALL PRODUCTION PRACTICES,,9000,,00000000,SURVEY,CORN,19,UNITED STATES,,"CORN, GRAIN - PROGRESS, MEASURED IN PCT HARVESTED",2010-10-03,,39,,PROGRESS,WEEK #39,19,GRAIN,IA,,2010,2013-01-01 12:00:00.000,,,39,TOTAL,CROPS,IOWA,
40,PCT HARVESTED,,FIELD CROPS,WEEKLY,STATE,ALL CLASSES,IOWA,NOT SPECIFIED,ALL PRODUCTION PRACTICES,,9000,,00000000,SURVEY,CORN,19,UNITED STATES,,"CORN, GRAIN - PROGRESS, MEASURED IN PCT HARVESTED",2010-10-10,,40,,PROGRESS,WEEK #40,19,GRAIN,IA,,2010,2013-01-01 12:00:00.000,,,40,TOTAL,CROPS,IOWA,
66,PCT HARVESTED,,FIELD CROPS,WEEKLY,STATE,ALL CLASSES,IOWA,NOT SPECIFIED,ALL PRODUCTION PRACTICES,,9000,,00000000,SURVEY,CORN,19,UNITED STATES,,"CORN, GRAIN - PROGRESS, MEASURED IN PCT HARVESTED",2010-10-17,,41,,PROGRESS,WEEK #41,19,GRAIN,IA,,2010,2013-01-01 12:00:00.000,,,41,TOTAL,CROPS,IOWA,
86,PCT HARVESTED,,FIELD CROPS,WEEKLY,STATE,ALL CLASSES,IOWA,NOT SPECIFIED,ALL PRODUCTION PRACTICES,,9000,,00000000,SURVEY,CORN,19,UNITED STATES,,"CORN, GRAIN - PROGRESS, MEASURED IN PCT HARVESTED",2010-10-24,,42,,PROGRESS,WEEK #42,19,GRAIN,IA,,2010,2013-01-01 12:00:00.000,,,42,TOTAL,CROPS,IOWA,
94,PCT HARVESTED,,FIELD CROPS,WEEKLY,STATE,ALL CLASSES,IOWA,NOT SPECIFIED,ALL PRODUCTION PRACTICES,,9000,,00000000,SURVEY,CORN,19,UNITED STATES,,"CORN, GRAIN - PROGRESS, MEASURED IN PCT HARVESTED",2010-10-31,,43,,PROGRESS,WEEK #43,19,GRAIN,IA,,2010,2013-01-01 12:00:00.000,,,43,TOTAL,CROPS,IOWA,
98,PCT HARVESTED,,FIELD CROPS,WEEKLY,STATE,ALL CLASSES,IOWA,NOT SPECIFIED,ALL PRODUCTION PRACTICES,,9000,,00000000,SURVEY,CORN,19,UNITED STATES,,"CORN, GRAIN - PROGRESS, MEASURED IN PCT HARVESTED",2010-11-07,,44,,PROGRESS,WEEK #44,19,GRAIN,IA,,2010,2013-01-01 12:00:00.000,,,44,TOTAL,CROPS,IOWA,
2,PCT HARVESTED,,FIELD CROPS,WEEKLY,STATE,ALL CLASSES,IOWA,NOT SPECIFIED,ALL PRODUCTION PRACTICES,,9000,,00000000,SURVEY,CORN,19,UNITED STATES,,"CORN, GRAIN - PROGRESS, MEASURED IN PCT HARVESTED",2009-09-27,,39,,PROGRESS,WEEK #39,19,GRAIN,IA,,2009,2013-01-01 12:00:00.000,,,39,TOTAL,CROPS,IOWA,
3,PCT HARVESTED,,FIELD CROPS,WEEKLY,STATE,ALL CLASSES,IOWA,NOT SPECIFIED,ALL PRODUCTION PRACTICES,,9000,,00000000,SURVEY,CORN,19,UNITED STATES,,"CORN, GRAIN - PROGRESS, MEASURED IN PCT HARVESTED",2009-10-04,,40,,PROGRESS,WEEK #40,19,GRAIN,IA,,2009,2013-01-01 12:00:00.000,,,40,TOTAL,CROPS,IOWA,
6,PCT HARVESTED,,FIELD CROPS,WEEKLY,STATE,ALL CLASSES,IOWA,NOT SPECIFIED,ALL PRODUCTION PRACTICES,,9000,,00000000,SURVEY,CORN,19,UNITED STATES,,"CORN, GRAIN - PROGRESS, MEASURED IN PCT HARVESTED",2009-10-11,,41,,PROGRESS,WEEK #41,19,GRAIN,IA,,2009,2013-01-01 12:00:00.000,,,41,TOTAL,CROPS,IOWA,
10,PCT HARVESTED,,FIELD CROPS,WEEKLY,STATE,ALL CLASSES,IOWA,NOT SPECIFIED,ALL PRODUCTION PRACTICES,,9000,,00000000,SURVEY,CORN,19,UNITED STATES,,"CORN, GRAIN - PROGRESS, MEASURED IN PCT HARVESTED",2009-10-18,,42,,PROGRESS,WEEK #42,19,GRAIN,IA,,2009,2013-01-01 12:00:00.000,,,42,TOTAL,CROPS,IOWA,
12,PCT HARVESTED,,FIELD CROPS,WEEKLY,STATE,ALL CLASSES,IOWA,NOT SPECIFIED,ALL PRODUCTION PRACTICES,,9000,,00000000,SURVEY,CORN,19,UNITED STATES,,"CORN, GRAIN - PROGRESS, MEASURED IN PCT HARVESTED",2009-10-25,,43,,PROGRESS,WEEK #43,19,GRAIN,IA,,2009,2013-01-01 12:00:00.000,,,43,TOTAL,CROPS,IOWA,
18,PCT HARVESTED,,FIELD CROPS,WEEKLY,STATE,ALL CLASSES,IOWA,NOT SPECIFIED,ALL PRODUCTION PRACTICES,,9000,,00000000,SURVEY,CORN,19,UNITED STATES,,"CORN, GRAIN - PROGRESS, MEASURED IN PCT HARVESTED",2009-11-01,,44,,PROGRESS,WEEK #44,19,GRAIN,IA,,2009,2013-01-01 12:00:00.000,,,44,TOTAL,CROPS,IOWA,
34,PCT HARVESTED,,FIELD CROPS,WEEKLY,STATE,ALL CLASSES,IOWA,NOT SPECIFIED,ALL PRODUCTION PRACTICES,,9000,,00000000,SURVEY,CORN,19,UNITED STATES,,"CORN, GRAIN - PROGRESS, MEASURED IN PCT HARVESTED",2009-11-08,,45,,PROGRESS,WEEK #45,19,GRAIN,IA,,2009,2013-01-01 12:00:00.000,,,45,TOTAL,CROPS,IOWA,
59,PCT HARVESTED,,FIELD CROPS,WEEKLY,STATE,ALL CLASSES,IOWA,NOT SPECIFIED,ALL PRODUCTION PRACTICES,,9000,,00000000,SURVEY,CORN,19,UNITED STATES,,"CORN, GRAIN - PROGRESS, MEASURED IN PCT HARVESTED",2009-11-15,,46,,PROGRESS,WEEK #46,19,GRAIN,IA,,2009,2013-01-01 12:00:00.000,,,46,TOTAL,CROPS,IOWA,
78,PCT HARVESTED,,FIELD CROPS,WEEKLY,STATE,ALL CLASSES,IOWA,NOT SPECIFIED,ALL PRODUCTION PRACTICES,,9000,,00000000,SURVEY,CORN,19,UNITED STATES,,"CORN, GRAIN - PROGRESS, MEASURED IN PCT HARVESTED",2009-11-22,,47,,PROGRESS,WEEK #47,19,GRAIN,IA,,2009,2013-01-01 12:00:00.000,,,47,TOTAL,CROPS,IOWA,
87,PCT HARVESTED,,FIELD CROPS,WEEKLY,STATE,ALL CLASSES,IOWA,NOT SPECIFIED,ALL PRODUCTION PRACTICES,,9000,,00000000,SURVEY,CORN,19,UNITED STATES,,"CORN, GRAIN - PROGRESS, MEASURED IN PCT HARVESTED",2009-11-29,,48,,PROGRESS,WEEK #48,19,GRAIN,IA,,2009,2013-01-01 12:00:00.000,,,48,TOTAL,CROPS,IOWA,
94,PCT HARVESTED,,FIELD CROPS,WEEKLY,STATE,ALL CLASSES,IOWA,NOT SPECIFIED,ALL PRODUCTION PRACTICES,,9000,,00000000,SURVEY,CORN,19,UNITED STATES,,"CORN, GRAIN - PROGRESS, MEASURED IN PCT HARVESTED",2009-12-06,,49,,PROGRESS,WEEK #49,19,GRAIN,IA,,2009,2013-01-01 12:00:00.000,,,49,TOTAL,CROPS,IOWA,
96,PCT HARVESTED,,FIELD CROPS,WEEKLY,STATE,ALL CLASSES,IOWA,NOT SPECIFIED,ALL PRODUCTION PRACTICES,,9000,,00000000,SURVEY,CORN,19,UNITED STATES,,"CORN, GRAIN - PROGRESS, MEASURED IN PCT HARVESTED",2009-12-13,,50,,PROGRESS,WEEK #50,19,GRAIN,IA,,2009,2013-01-01 12:00:00.000,,,50,TOTAL,CROPS,IOWA,
98,PCT HARVESTED,,FIELD CROPS,WEEKLY,STATE,ALL CLASSES,IOWA,NOT SPECIFIED,ALL PRODUCTION PRACTICES,,9000,,00000000,SURVEY,CORN,19,UNITED STATES,,"CORN, GRAIN - PROGRESS, MEASURED IN PCT HARVESTED",2009-12-20,,51,,PROGRESS,WEEK #51,19,GRAIN,IA,,2009,2013-01-01 12:00:00.000,,,51,TOTAL,CROPS,IOWA,
0,PCT HARVESTED,,FIELD CROPS,WEEKLY,STATE,ALL CLASSES,IOWA,NOT SPECIFIED,ALL PRODUCTION PRACTICES,,9000,,00000000,SURVEY,CORN,19,UNITED STATES,,"CORN, GRAIN - PROGRESS, MEASURED IN PCT HARVESTED",2008-09-21,,38,,PROGRESS,WEEK #38,19,GRAIN,IA,,2008,2013-01-01 12:00:00.000,,,38,TOTAL,CROPS,IOWA,
2,PCT HARVESTED,,FIELD CROPS,WEEKLY,STATE,ALL CLASSES,IOWA,NOT SPECIFIED,ALL PRODUCTION PRACTICES,,9000,,00000000,SURVEY,CORN,19,UNITED STATES,,"CORN, GRAIN - PROGRESS, MEASURED IN PCT HARVESTED",2008-09-28,,39,,PROGRESS,WEEK #39,19,GRAIN,IA,,2008,2013-01-01 12:00:00.000,,,39,TOTAL,CROPS,IOWA,
3,PCT HARVESTED,,FIELD CROPS,WEEKLY,STATE,ALL CLASSES,IOWA,NOT SPECIFIED,ALL PRODUCTION PRACTICES,,9000,,00000000,SURVEY,CORN,19,UNITED STATES,,"CORN, GRAIN - PROGRESS, MEASURED IN PCT HARVESTED",2008-10-05,,40,,PROGRESS,WEEK #40,19,GRAIN,IA,,2008,2013-01-01 12:00:00.000,,,40,TOTAL,CROPS,IOWA,
7,PCT HARVESTED,,FIELD CROPS,WEEKLY,STATE,ALL CLASSES,IOWA,NOT SPECIFIED,ALL PRODUCTION PRACTICES,,9000,,00000000,SURVEY,CORN,19,UNITED STATES,,"CORN, GRAIN - PROGRESS, MEASURED IN PCT HARVESTED",2008-10-12,,41,,PROGRESS,WEEK #41,19,GRAIN,IA,,2008,2013-01-01 12:00:00.000,,,41,TOTAL,CROPS,IOWA,
13,PCT HARVESTED,,FIELD CROPS,WEEKLY,STATE,ALL CLASSES,IOWA,NOT SPECIFIED,ALL PRODUCTION PRACTICES,,9000,,00000000,SURVEY,CORN,19,UNITED STATES,,"CORN, GRAIN - PROGRESS, MEASURED IN PCT HARVESTED",2008-10-19,,42,,PROGRESS,WEEK #42,19,GRAIN,IA,,2008,2013-01-01 12:00:00.000,,,42,TOTAL,CROPS,IOWA,
20,PCT HARVESTED,,FIELD CROPS,WEEKLY,STATE,ALL CLASSES,IOWA,NOT SPECIFIED,ALL PRODUCTION PRACTICES,,9000,,00000000,SURVEY,CORN,19,UNITED STATES,,"CORN, GRAIN - PROGRESS, MEASURED IN PCT HARVESTED",2008-10-26,,43,,PROGRESS,WEEK #43,19,GRAIN,IA,,2008,2013-01-01 12:00:00.000,,,43,TOTAL,CROPS,IOWA,
43,PCT HARVESTED,,FIELD CROPS,WEEKLY,STATE,ALL CLASSES,IOWA,NOT SPECIFIED,ALL PRODUCTION PRACTICES,,9000,,00000000,SURVEY,CORN,19,UNITED STATES,,"CORN, GRAIN - PROGRESS, MEASURED IN PCT HARVESTED",2008-11-02,,44,,PROGRESS,WEEK #44,19,GRAIN,IA,,2008,2013-01-01 12:00:00.000,,,44,TOTAL,CROPS,IOWA,
62,PCT HARVESTED,,FIELD CROPS,WEEKLY,STATE,ALL CLASSES,IOWA,NOT SPECIFIED,ALL PRODUCTION PRACTICES,,9000,,00000000,SURVEY,CORN,19,UNITED STATES,,"CORN, GRAIN - PROGRESS, MEASURED IN PCT HARVESTED",2008-11-09,,45,,PROGRESS,WEEK #45,19,GRAIN,IA,,2008,2013-01-01 12:00:00.000,,,45,TOTAL,CROPS,IOWA,
70,PCT HARVESTED,,FIELD CROPS,WEEKLY,STATE,ALL CLASSES,IOWA,NOT SPECIFIED,ALL PRODUCTION PRACTICES,,9000,,00000000,SURVEY,CORN,19,UNITED STATES,,"CORN, GRAIN - PROGRESS, MEASURED IN PCT HARVESTED",2008-11-16,,46,,PROGRESS,WEEK #46,19,GRAIN,IA,,2008,2013-01-01 12:00:00.000,,,46,TOTAL,CROPS,IOWA,
86,PCT HARVESTED,,FIELD CROPS,WEEKLY,STATE,ALL CLASSES,IOWA,NOT SPECIFIED,ALL PRODUCTION PRACTICES,,9000,,00000000,SURVEY,CORN,19,UNITED STATES,,"CORN, GRAIN - PROGRESS, MEASURED IN PCT HARVESTED",2008-11-23,,47,,PROGRESS,WEEK #47,19,GRAIN,IA,,2008,2013-01-01 12:00:00.000,,,47,TOTAL,CROPS,IOWA,
2,PCT HARVESTED,,FIELD CROPS,WEEKLY,STATE,ALL CLASSES,IOWA,NOT SPECIFIED,ALL PRODUCTION PRACTICES,,9000,,00000000,SURVEY,CORN,19,UNITED STATES,,"CORN, GRAIN - PROGRESS, MEASURED IN PCT HARVESTED",2007-09-09,,36,,PROGRESS,WEEK #36,19,GRAIN,IA,,2007,2013-01-01 12:00:00.000,,,36,TOTAL,CROPS,IOWA,
4,PCT HARVESTED,,FIELD CROPS,WEEKLY,STATE,ALL CLASSES,IOWA,NOT SPECIFIED,ALL PRODUCTION PRACTICES,,9000,,00000000,SURVEY,CORN,19,UNITED STATES,,"CORN, GRAIN - PROGRESS, MEASURED IN PCT HARVESTED",2007-09-16,,37,,PROGRESS,WEEK #37,19,GRAIN,IA,,2007,2013-01-01 12:00:00.000,,,37,TOTAL,CROPS,IOWA,
7,PCT HARVESTED,,FIELD CROPS,WEEKLY,STATE,ALL CLASSES,IOWA,NOT SPECIFIED,ALL PRODUCTION PRACTICES,,9000,,00000000,SURVEY,CORN,19,UNITED STATES,,"CORN, GRAIN - PROGRESS, MEASURED IN PCT HARVESTED",2007-09-23,,38,,PROGRESS,WEEK #38,19,GRAIN,IA,,2007,2013-01-01 12:00:00.000,,,38,TOTAL,CROPS,IOWA,
13,PCT HARVESTED,,FIELD CROPS,WEEKLY,STATE,ALL CLASSES,IOWA,NOT SPECIFIED,ALL PRODUCTION PRACTICES,,9000,,00000000,SURVEY,CORN,19,UNITED STATES,,"CORN, GRAIN - PROGRESS, MEASURED IN PCT HARVESTED",2007-09-30,,39,,PROGRESS,WEEK #39,19,GRAIN,IA,,2007,2013-01-01 12:00:00.000,,,39,TOTAL,CROPS,IOWA,
22,PCT HARVESTED,,FIELD CROPS,WEEKLY,STATE,ALL CLASSES,IOWA,NOT SPECIFIED,ALL PRODUCTION PRACTICES,,9000,,00000000,SURVEY,CORN,19,UNITED STATES,,"CORN, GRAIN - PROGRESS, MEASURED IN PCT HARVESTED",2007-10-07,,40,,PROGRESS,WEEK #40,19,GRAIN,IA,,2007,2013-01-01 12:00:00.000,,,40,TOTAL,CROPS,IOWA,
37,PCT HARVESTED,,FIELD CROPS,WEEKLY,STATE,ALL CLASSES,IOWA,NOT SPECIFIED,ALL PRODUCTION PRACTICES,,9000,,00000000,SURVEY,CORN,19,UNITED STATES,,"CORN, GRAIN - PROGRESS, MEASURED IN PCT HARVESTED",2007-10-14,,41,,PROGRESS,WEEK #41,19,GRAIN,IA,,2007,2013-01-01 12:00:00.000,,,41,TOTAL,CROPS,IOWA,
41,PCT HARVESTED,,FIELD CROPS,WEEKLY,STATE,ALL CLASSES,IOWA,NOT SPECIFIED,ALL PRODUCTION PRACTICES,,9000,,00000000,SURVEY,CORN,19,UNITED STATES,,"CORN, GRAIN - PROGRESS, MEASURED IN PCT HARVESTED",2007-10-21,,42,,PROGRESS,WEEK #42,19,GRAIN,IA,,2007,2013-01-01 12:00:00.000,,,42,TOTAL,CROPS,IOWA,
63,PCT HARVESTED,,FIELD CROPS,WEEKLY,STATE,ALL CLASSES,IOWA,NOT SPECIFIED,ALL PRODUCTION PRACTICES,,9000,,00000000,SURVEY,CORN,19,UNITED STATES,,"CORN, GRAIN - PROGRESS, MEASURED IN PCT HARVESTED",2007-10-28,,43,,PROGRESS,WEEK #43,19,GRAIN,IA,,2007,2013-01-01 12:00:00.000,,,43,TOTAL,CROPS,IOWA,
83,PCT HARVESTED,,FIELD CROPS,WEEKLY,STATE,ALL CLASSES,IOWA,NOT SPECIFIED,ALL PRODUCTION PRACTICES,,9000,,00000000,SURVEY,CORN,19,UNITED STATES,,"CORN, GRAIN - PROGRESS, MEASURED IN PCT HARVESTED",2007-11-04,,44,,PROGRESS,WEEK #44,19,GRAIN,IA,,2007,2013-01-01 12:00:00.000,,,44,TOTAL,CROPS,IOWA,
93,PCT HARVESTED,,FIELD CROPS,WEEKLY,STATE,ALL CLASSES,IOWA,NOT SPECIFIED,ALL PRODUCTION PRACTICES,,9000,,00000000,SURVEY,CORN,19,UNITED STATES,,"CORN, GRAIN - PROGRESS, MEASURED IN PCT HARVESTED",2007-11-11,,45,,PROGRESS,WEEK #45,19,GRAIN,IA,,2007,2013-01-01 12:00:00.000,,,45,TOTAL,CROPS,IOWA,
97,PCT HARVESTED,,FIELD CROPS,WEEKLY,STATE,ALL CLASSES,IOWA,NOT SPECIFIED,ALL PRODUCTION PRACTICES,,9000,,00000000,SURVEY,CORN,19,UNITED STATES,,"CORN, GRAIN - PROGRESS, MEASURED IN PCT HARVESTED",2007-11-18,,46,,PROGRESS,WEEK #46,19,GRAIN,IA,,2007,2013-01-01 12:00:00.000,,,46,TOTAL,CROPS,IOWA,
1,PCT HARVESTED,,FIELD CROPS,WEEKLY,STATE,ALL CLASSES,IOWA,NOT SPECIFIED,ALL PRODUCTION PRACTICES,,9000,,00000000,SURVEY,CORN,19,UNITED STATES,,"CORN, GRAIN - PROGRESS, MEASURED IN PCT HARVESTED",2006-09-10,,36,,PROGRESS,WEEK #36,19,GRAIN,IA,,2006,2013-01-01 12:00:00.000,,,36,TOTAL,CROPS,IOWA,
3,PCT HARVESTED,,FIELD CROPS,WEEKLY,STATE,ALL CLASSES,IOWA,NOT SPECIFIED,ALL PRODUCTION PRACTICES,,9000,,00000000,SURVEY,CORN,19,UNITED STATES,,"CORN, GRAIN - PROGRESS, MEASURED IN PCT HARVESTED",2006-09-17,,37,,PROGRESS,WEEK #37,19,GRAIN,IA,,2006,2013-01-01 12:00:00.000,,,37,TOTAL,CROPS,IOWA,
4,PCT HARVESTED,,FIELD CROPS,WEEKLY,STATE,ALL CLASSES,IOWA,NOT SPECIFIED,ALL PRODUCTION PRACTICES,,9000,,00000000,SURVEY,CORN,19,UNITED STATES,,"CORN, GRAIN - PROGRESS, MEASURED IN PCT HARVESTED",2006-09-24,,38,,PROGRESS,WEEK #38,19,GRAIN,IA,,2006,2013-01-01 12:00:00.000,,,38,TOTAL,CROPS,IOWA,
8,PCT HARVESTED,,FIELD CROPS,WEEKLY,STATE,ALL CLASSES,IOWA,NOT SPECIFIED,ALL PRODUCTION PRACTICES,,9000,,00000000,SURVEY,CORN,19,UNITED STATES,,"CORN, GRAIN - PROGRESS, MEASURED IN PCT HARVESTED",2006-10-01,,39,,PROGRESS,WEEK #39,19,GRAIN,IA,,2006,2013-01-01 12:00:00.000,,,39,TOTAL,CROPS,IOWA,
17,PCT HARVESTED,,FIELD CROPS,WEEKLY,STATE,ALL CLASSES,IOWA,NOT SPECIFIED,ALL PRODUCTION PRACTICES,,9000,,00000000,SURVEY,CORN,19,UNITED STATES,,"CORN, GRAIN - PROGRESS, MEASURED IN PCT HARVESTED",2006-10-08,,40,,PROGRESS,WEEK #40,19,GRAIN,IA,,2006,2013-01-01 12:00:00.000,,,40,TOTAL,CROPS,IOWA,
31,PCT HARVESTED,,FIELD CROPS,WEEKLY,STATE,ALL CLASSES,IOWA,NOT SPECIFIED,ALL PRODUCTION PRACTICES,,9000,,00000000,SURVEY,CORN,19,UNITED STATES,,"CORN, GRAIN - PROGRESS, MEASURED IN PCT HARVESTED",2006-10-15,,41,,PROGRESS,WEEK #41,19,GRAIN,IA,,2006,2013-01-01 12:00:00.000,,,41,TOTAL,CROPS,IOWA,
48,PCT HARVESTED,,FIELD CROPS,WEEKLY,STATE,ALL CLASSES,IOWA,NOT SPECIFIED,ALL PRODUCTION PRACTICES,,9000,,00000000,SURVEY,CORN,19,UNITED STATES,,"CORN, GRAIN - PROGRESS, MEASURED IN PCT HARVESTED",2006-10-22,,42,,PROGRESS,WEEK #42,19,GRAIN,IA,,2006,2013-01-01 12:00:00.000,,,42,TOTAL,CROPS,IOWA,
67,PCT HARVESTED,,FIELD CROPS,WEEKLY,STATE,ALL CLASSES,IOWA,NOT SPECIFIED,ALL PRODUCTION PRACTICES,,9000,,00000000,SURVEY,CORN,19,UNITED STATES,,"CORN, GRAIN - PROGRESS, MEASURED IN PCT HARVESTED",2006-10-29,,43,,PROGRESS,WEEK #43,19,GRAIN,IA,,2006,2013-01-01 12:00:00.000,,,43,TOTAL,CROPS,IOWA,
84,PCT HARVESTED,,FIELD CROPS,WEEKLY,STATE,ALL CLASSES,IOWA,NOT SPECIFIED,ALL PRODUCTION PRACTICES,,9000,,00000000,SURVEY,CORN,19,UNITED STATES,,"CORN, GRAIN - PROGRESS, MEASURED IN PCT HARVESTED",2006-11-05,,44,,PROGRESS,WEEK #44,19,GRAIN,IA,,2006,2013-01-01 12:00:00.000,,,44,TOTAL,CROPS,IOWA,
93,PCT HARVESTED,,FIELD CROPS,WEEKLY,STATE,ALL CLASSES,IOWA,NOT SPECIFIED,ALL PRODUCTION PRACTICES,,9000,,00000000,SURVEY,CORN,19,UNITED STATES,,"CORN, GRAIN - PROGRESS, MEASURED IN PCT HARVESTED",2006-11-12,,45,,PROGRESS,WEEK #45,19,GRAIN,IA,,2006,2013-01-01 12:00:00.000,,,45,TOTAL,CROPS,IOWA,
96,PCT HARVESTED,,FIELD CROPS,WEEKLY,STATE,ALL CLASSES,IOWA,NOT SPECIFIED,ALL PRODUCTION PRACTICES,,9000,,00000000,SURVEY,CORN,19,UNITED STATES,,"CORN, GRAIN - PROGRESS, MEASURED IN PCT HARVESTED",2006-11-19,,46,,PROGRESS,WEEK #46,19,GRAIN,IA,,2006,2013-01-01 12:00:00.000,,,46,TOTAL,CROPS,IOWA,
98,PCT HARVESTED,,FIELD CROPS,WEEKLY,STATE,ALL CLASSES,IOWA,NOT SPECIFIED,ALL PRODUCTION PRACTICES,,9000,,00000000,SURVEY,CORN,19,UNITED STATES,,"CORN, GRAIN - PROGRESS, MEASURED IN PCT HARVESTED",2006-11-26,,47,,PROGRESS,WEEK #47,19,GRAIN,IA,,2006,2013-01-01 12:00:00.000,,,47,TOTAL,CROPS,IOWA,
1,PCT HARVESTED,,FIELD CROPS,WEEKLY,STATE,ALL CLASSES,IOWA,NOT SPECIFIED,ALL PRODUCTION PRACTICES,,9000,,00000000,SURVEY,CORN,19,UNITED STATES,,"CORN, GRAIN - PROGRESS, MEASURED IN PCT HARVESTED",2005-09-11,,36,,PROGRESS,WEEK #36,19,GRAIN,IA,,2005,2013-01-01 12:00:00.000,,,36,TOTAL,CROPS,IOWA,
3,PCT HARVESTED,,FIELD CROPS,WEEKLY,STATE,ALL CLASSES,IOWA,NOT SPECIFIED,ALL PRODUCTION PRACTICES,,9000,,00000000,SURVEY,CORN,19,UNITED STATES,,"CORN, GRAIN - PROGRESS, MEASURED IN PCT HARVESTED",2005-09-18,,37,,PROGRESS,WEEK #37,19,GRAIN,IA,,2005,2013-01-01 12:00:00.000,,,37,TOTAL,CROPS,IOWA,
7,PCT HARVESTED,,FIELD CROPS,WEEKLY,STATE,ALL CLASSES,IOWA,NOT SPECIFIED,ALL PRODUCTION PRACTICES,,9000,,00000000,SURVEY,CORN,19,UNITED STATES,,"CORN, GRAIN - PROGRESS, MEASURED IN PCT HARVESTED",2005-09-25,,38,,PROGRESS,WEEK #38,19,GRAIN,IA,,2005,2013-01-01 12:00:00.000,,,38,TOTAL,CROPS,IOWA,
12,PCT HARVESTED,,FIELD CROPS,WEEKLY,STATE,ALL CLASSES,IOWA,NOT SPECIFIED,ALL PRODUCTION PRACTICES,,9000,,00000000,SURVEY,CORN,19,UNITED STATES,,"CORN, GRAIN - PROGRESS, MEASURED IN PCT HARVESTED",2005-10-02,,39,,PROGRESS,WEEK #39,19,GRAIN,IA,,2005,2013-01-01 12:00:00.000,,,39,TOTAL,CROPS,IOWA,
20,PCT HARVESTED,,FIELD CROPS,WEEKLY,STATE,ALL CLASSES,IOWA,NOT SPECIFIED,ALL PRODUCTION PRACTICES,,9000,,00000000,SURVEY,CORN,19,UNITED STATES,,"CORN, GRAIN - PROGRESS, MEASURED IN PCT HARVESTED",2005-10-09,,40,,PROGRESS,WEEK #40,19,GRAIN,IA,,2005,2013-01-01 12:00:00.000,,,40,TOTAL,CROPS,IOWA,
36,PCT HARVESTED,,FIELD CROPS,WEEKLY,STATE,ALL CLASSES,IOWA,NOT SPECIFIED,ALL PRODUCTION PRACTICES,,9000,,00000000,SURVEY,CORN,19,UNITED STATES,,"CORN, GRAIN - PROGRESS, MEASURED IN PCT HARVESTED",2005-10-16,,41,,PROGRESS,WEEK #41,19,GRAIN,IA,,2005,2013-01-01 12:00:00.000,,,41,TOTAL,CROPS,IOWA,
61,PCT HARVESTED,,FIELD CROPS,WEEKLY,STATE,ALL CLASSES,IOWA,NOT SPECIFIED,ALL PRODUCTION PRACTICES,,9000,,00000000,SURVEY,CORN,19,UNITED STATES,,"CORN, GRAIN - PROGRESS, MEASURED IN PCT HARVESTED",2005-10-23,,42,,PROGRESS,WEEK #42,19,GRAIN,IA,,2005,2013-01-01 12:00:00.000,,,42,TOTAL,CROPS,IOWA,
80,PCT HARVESTED,,FIELD CROPS,WEEKLY,STATE,ALL CLASSES,IOWA,NOT SPECIFIED,ALL PRODUCTION PRACTICES,,9000,,00000000,SURVEY,CORN,19,UNITED STATES,,"CORN, GRAIN - PROGRESS, MEASURED IN PCT HARVESTED",2005-10-30,,43,,PROGRESS,WEEK #43,19,GRAIN,IA,,2005,2013-01-01 12:00:00.000,,,43,TOTAL,CROPS,IOWA,
91,PCT HARVESTED,,FIELD CROPS,WEEKLY,STATE,ALL CLASSES,IOWA,NOT SPECIFIED,ALL PRODUCTION PRACTICES,,9000,,00000000,SURVEY,CORN,19,UNITED STATES,,"CORN, GRAIN - PROGRESS, MEASURED IN PCT HARVESTED",2005-11-06,,44,,PROGRESS,WEEK #44,19,GRAIN,IA,,2005,2013-01-01 12:00:00.000,,,44,TOTAL,CROPS,IOWA,
96,PCT HARVESTED,,FIELD CROPS,WEEKLY,STATE,ALL CLASSES,IOWA,NOT SPECIFIED,ALL PRODUCTION PRACTICES,,9000,,00000000,SURVEY,CORN,19,UNITED STATES,,"CORN, GRAIN - PROGRESS, MEASURED IN PCT HARVESTED",2005-11-13,,45,,PROGRESS,WEEK #45,19,GRAIN,IA,,2005,2013-01-01 12:00:00.000,,,45,TOTAL,CROPS,IOWA,
0,PCT HARVESTED,,FIELD CROPS,WEEKLY,STATE,ALL CLASSES,IOWA,NOT SPECIFIED,ALL PRODUCTION PRACTICES,,9000,,00000000,SURVEY,CORN,19,UNITED STATES,,"CORN, GRAIN - PROGRESS, MEASURED IN PCT HARVESTED",2004-09-12,,37,,PROGRESS,WEEK #37,19,GRAIN,IA,,2004,2013-01-01 12:00:00.000,,,37,TOTAL,CROPS,IOWA,
2,PCT HARVESTED,,FIELD CROPS,WEEKLY,STATE,ALL CLASSES,IOWA,NOT SPECIFIED,ALL PRODUCTION PRACTICES,,9000,,00000000,SURVEY,CORN,19,UNITED STATES,,"CORN, GRAIN - PROGRESS, MEASURED IN PCT HARVESTED",2004-09-19,,38,,PROGRESS,WEEK #38,19,GRAIN,IA,,2004,2013-01-01 12:00:00.000,,,38,TOTAL,CROPS,IOWA,
5,PCT HARVESTED,,FIELD CROPS,WEEKLY,STATE,ALL CLASSES,IOWA,NOT SPECIFIED,ALL PRODUCTION PRACTICES,,9000,,00000000,SURVEY,CORN,19,UNITED STATES,,"CORN, GRAIN - PROGRESS, MEASURED IN PCT HARVESTED",2004-09-26,,39,,PROGRESS,WEEK #39,19,GRAIN,IA,,2004,2013-01-01 12:00:00.000,,,39,TOTAL,CROPS,IOWA,
8,PCT HARVESTED,,FIELD CROPS,WEEKLY,STATE,ALL CLASSES,IOWA,NOT SPECIFIED,ALL PRODUCTION PRACTICES,,9000,,00000000,SURVEY,CORN,19,UNITED STATES,,"CORN, GRAIN - PROGRESS, MEASURED IN PCT HARVESTED",2004-10-03,,40,,PROGRESS,WEEK #40,19,GRAIN,IA,,2004,2013-01-01 12:00:00.000,,,40,TOTAL,CROPS,IOWA,
16,PCT HARVESTED,,FIELD CROPS,WEEKLY,STATE,ALL CLASSES,IOWA,NOT SPECIFIED,ALL PRODUCTION PRACTICES,,9000,,00000000,SURVEY,CORN,19,UNITED STATES,,"CORN, GRAIN - PROGRESS, MEASURED IN PCT HARVESTED",2004-10-10,,41,,PROGRESS,WEEK #41,19,GRAIN,IA,,2004,2013-01-01 12:00:00.000,,,41,TOTAL,CROPS,IOWA,
30,PCT HARVESTED,,FIELD CROPS,WEEKLY,STATE,ALL CLASSES,IOWA,NOT SPECIFIED,ALL PRODUCTION PRACTICES,,9000,,00000000,SURVEY,CORN,19,UNITED STATES,,"CORN, GRAIN - PROGRESS, MEASURED IN PCT HARVESTED",2004-10-17,,42,,PROGRESS,WEEK #42,19,GRAIN,IA,,2004,2013-01-01 12:00:00.000,,,42,TOTAL,CROPS,IOWA,
47,PCT HARVESTED,,FIELD CROPS,WEEKLY,STATE,ALL CLASSES,IOWA,NOT SPECIFIED,ALL PRODUCTION PRACTICES,,9000,,00000000,SURVEY,CORN,19,UNITED STATES,,"CORN, GRAIN - PROGRESS, MEASURED IN PCT HARVESTED",2004-10-24,,43,,PROGRESS,WEEK #43,19,GRAIN,IA,,2004,2013-01-01 12:00:00.000,,,43,TOTAL,CROPS,IOWA,
62,PCT HARVESTED,,FIELD CROPS,WEEKLY,STATE,ALL CLASSES,IOWA,NOT SPECIFIED,ALL PRODUCTION PRACTICES,,9000,,00000000,SURVEY,CORN,19,UNITED STATES,,"CORN, GRAIN - PROGRESS, MEASURED IN PCT HARVESTED",2004-10-31,,44,,PROGRESS,WEEK #44,19,GRAIN,IA,,2004,2013-01-01 12:00:00.000,,,44,TOTAL,CROPS,IOWA,
77,PCT HARVESTED,,FIELD CROPS,WEEKLY,STATE,ALL CLASSES,IOWA,NOT SPECIFIED,ALL PRODUCTION PRACTICES,,9000,,00000000,SURVEY,CORN,19,UNITED STATES,,"CORN, GRAIN - PROGRESS, MEASURED IN PCT HARVESTED",2004-11-07,,45,,PROGRESS,WEEK #45,19,GRAIN,IA,,2004,2013-01-01 12:00:00.000,,,45,TOTAL,CROPS,IOWA,
87,PCT HARVESTED,,FIELD CROPS,WEEKLY,STATE,ALL CLASSES,IOWA,NOT SPECIFIED,ALL PRODUCTION PRACTICES,,9000,,00000000,SURVEY,CORN,19,UNITED STATES,,"CORN, GRAIN - PROGRESS, MEASURED IN PCT HARVESTED",2004-11-14,,46,,PROGRESS,WEEK #46,19,GRAIN,IA,,2004,2013-01-01 12:00:00.000,,,46,TOTAL,CROPS,IOWA,
94,PCT HARVESTED,,FIELD CROPS,WEEKLY,STATE,ALL CLASSES,IOWA,NOT SPECIFIED,ALL PRODUCTION PRACTICES,,9000,,00000000,SURVEY,CORN,19,UNITED STATES,,"CORN, GRAIN - PROGRESS, MEASURED IN PCT HARVESTED",2004-11-21,,47,,PROGRESS,WEEK #47,19,GRAIN,IA,,2004,2013-01-01 12:00:00.000,,,47,TOTAL,CROPS,IOWA,
97,PCT HARVESTED,,FIELD CROPS,WEEKLY,STATE,ALL CLASSES,IOWA,NOT SPECIFIED,ALL PRODUCTION PRACTICES,,9000,,00000000,SURVEY,CORN,19,UNITED STATES,,"CORN, GRAIN - PROGRESS, MEASURED IN PCT HARVESTED",2004-11-28,,48,,PROGRESS,WEEK #48,19,GRAIN,IA,,2004,2013-01-01 12:00:00.000,,,48,TOTAL,CROPS,IOWA,
3,PCT HARVESTED,,FIELD CROPS,WEEKLY,STATE,ALL CLASSES,IOWA,NOT SPECIFIED,ALL PRODUCTION PRACTICES,,9000,,00000000,SURVEY,CORN,19,UNITED STATES,,"CORN, GRAIN - PROGRESS, MEASURED IN PCT HARVESTED",2003-09-14,,37,,PROGRESS,WEEK #37,19,GRAIN,IA,,2003,2013-01-01 12:00:00.000,,,37,TOTAL,CROPS,IOWA,
5,PCT HARVESTED,,FIELD CROPS,WEEKLY,STATE,ALL CLASSES,IOWA,NOT SPECIFIED,ALL PRODUCTION PRACTICES,,9000,,00000000,SURVEY,CORN,19,UNITED STATES,,"CORN, GRAIN - PROGRESS, MEASURED IN PCT HARVESTED",2003-09-21,,38,,PROGRESS,WEEK #38,19,GRAIN,IA,,2003,2013-01-01 12:00:00.000,,,38,TOTAL,CROPS,IOWA,
10,PCT HARVESTED,,FIELD CROPS,WEEKLY,STATE,ALL CLASSES,IOWA,NOT SPECIFIED,ALL PRODUCTION PRACTICES,,9000,,00000000,SURVEY,CORN,19,UNITED STATES,,"CORN, GRAIN - PROGRESS, MEASURED IN PCT HARVESTED",2003-09-28,,39,,PROGRESS,WEEK #39,19,GRAIN,IA,,2003,2013-01-01 12:00:00.000,,,39,TOTAL,CROPS,IOWA,
17,PCT HARVESTED,,FIELD CROPS,WEEKLY,STATE,ALL CLASSES,IOWA,NOT SPECIFIED,ALL PRODUCTION PRACTICES,,9000,,00000000,SURVEY,CORN,19,UNITED STATES,,"CORN, GRAIN - PROGRESS, MEASURED IN PCT HARVESTED",2003-10-05,,40,,PROGRESS,WEEK #40,19,GRAIN,IA,,2003,2013-01-01 12:00:00.000,,,40,TOTAL,CROPS,IOWA,
31,PCT HARVESTED,,FIELD CROPS,WEEKLY,STATE,ALL CLASSES,IOWA,NOT SPECIFIED,ALL PRODUCTION PRACTICES,,9000,,00000000,SURVEY,CORN,19,UNITED STATES,,"CORN, GRAIN - PROGRESS, MEASURED IN PCT HARVESTED",2003-10-12,,41,,PROGRESS,WEEK #41,19,GRAIN,IA,,2003,2013-01-01 12:00:00.000,,,41,TOTAL,CROPS,IOWA,
55,PCT HARVESTED,,FIELD CROPS,WEEKLY,STATE,ALL CLASSES,IOWA,NOT SPECIFIED,ALL PRODUCTION PRACTICES,,9000,,00000000,SURVEY,CORN,19,UNITED STATES,,"CORN, GRAIN - PROGRESS, MEASURED IN PCT HARVESTED",2003-10-19,,42,,PROGRESS,WEEK #42,19,GRAIN,IA,,2003,2013-01-01 12:00:00.000,,,42,TOTAL,CROPS,IOWA,
78,PCT HARVESTED,,FIELD CROPS,WEEKLY,STATE,ALL CLASSES,IOWA,NOT SPECIFIED,ALL PRODUCTION PRACTICES,,9000,,00000000,SURVEY,CORN,19,UNITED STATES,,"CORN, GRAIN - PROGRESS, MEASURED IN PCT HARVESTED",2003-10-26,,43,,PROGRESS,WEEK #43,19,GRAIN,IA,,2003,2013-01-01 12:00:00.000,,,43,TOTAL,CROPS,IOWA,
91,PCT HARVESTED,,FIELD CROPS,WEEKLY,STATE,ALL CLASSES,IOWA,NOT SPECIFIED,ALL PRODUCTION PRACTICES,,9000,,00000000,SURVEY,CORN,19,UNITED STATES,,"CORN, GRAIN - PROGRESS, MEASURED IN PCT HARVESTED",2003-11-02,,44,,PROGRESS,WEEK #44,19,GRAIN,IA,,2003,2013-01-01 12:00:00.000,,,44,TOTAL,CROPS,IOWA,
96,PCT HARVESTED,,FIELD CROPS,WEEKLY,STATE,ALL CLASSES,IOWA,NOT SPECIFIED,ALL PRODUCTION PRACTICES,,9000,,00000000,SURVEY,CORN,19,UNITED STATES,,"CORN, GRAIN - PROGRESS, MEASURED IN PCT HARVESTED",2003-11-09,,45,,PROGRESS,WEEK #45,19,GRAIN,IA,,2003,2013-01-01 12:00:00.000,,,45,TOTAL,CROPS,IOWA,
98,PCT HARVESTED,,FIELD CROPS,WEEKLY,STATE,ALL CLASSES,IOWA,NOT SPECIFIED,ALL PRODUCTION PRACTICES,,9000,,00000000,SURVEY,CORN,19,UNITED STATES,,"CORN, GRAIN - PROGRESS, MEASURED IN PCT HARVESTED",2003-11-16,,46,,PROGRESS,WEEK #46,19,GRAIN,IA,,2003,2013-01-01 12:00:00.000,,,46,TOTAL,CROPS,IOWA,
4,PCT HARVESTED,,FIELD CROPS,WEEKLY,STATE,ALL CLASSES,IOWA,NOT SPECIFIED,ALL PRODUCTION PRACTICES,,9000,,00000000,SURVEY,CORN,19,UNITED STATES,,"CORN, GRAIN - PROGRESS, MEASURED IN PCT HARVESTED",2002-09-15,,37,,PROGRESS,WEEK #37,19,GRAIN,IA,,2002,2013-01-01 12:00:00.000,,,37,TOTAL,CROPS,IOWA,
6,PCT HARVESTED,,FIELD CROPS,WEEKLY,STATE,ALL CLASSES,IOWA,NOT SPECIFIED,ALL PRODUCTION PRACTICES,,9000,,00000000,SURVEY,CORN,19,UNITED STATES,,"CORN, GRAIN - PROGRESS, MEASURED IN PCT HARVESTED",2002-09-22,,38,,PROGRESS,WEEK #38,19,GRAIN,IA,,2002,2013-01-01 12:00:00.000,,,38,TOTAL,CROPS,IOWA,
10,PCT HARVESTED,,FIELD CROPS,WEEKLY,STATE,ALL CLASSES,IOWA,NOT SPECIFIED,ALL PRODUCTION PRACTICES,,9000,,00000000,SURVEY,CORN,19,UNITED STATES,,"CORN, GRAIN - PROGRESS, MEASURED IN PCT HARVESTED",2002-09-29,,39,,PROGRESS,WEEK #39,19,GRAIN,IA,,2002,2013-01-01 12:00:00.000,,,39,TOTAL,CROPS,IOWA,
13,PCT HARVESTED,,FIELD CROPS,WEEKLY,STATE,ALL CLASSES,IOWA,NOT SPECIFIED,ALL PRODUCTION PRACTICES,,9000,,00000000,SURVEY,CORN,19,UNITED STATES,,"CORN, GRAIN - PROGRESS, MEASURED IN PCT HARVESTED",2002-10-06,,40,,PROGRESS,WEEK #40,19,GRAIN,IA,,2002,2013-01-01 12:00:00.000,,,40,TOTAL,CROPS,IOWA,
21,PCT HARVESTED,,FIELD CROPS,WEEKLY,STATE,ALL CLASSES,IOWA,NOT SPECIFIED,ALL PRODUCTION PRACTICES,,9000,,00000000,SURVEY,CORN,19,UNITED STATES,,"CORN, GRAIN - PROGRESS, MEASURED IN PCT HARVESTED",2002-10-13,,41,,PROGRESS,WEEK #41,19,GRAIN,IA,,2002,2013-01-01 12:00:00.000,,,41,TOTAL,CROPS,IOWA,
41,PCT HARVESTED,,FIELD CROPS,WEEKLY,STATE,ALL CLASSES,IOWA,NOT SPECIFIED,ALL PRODUCTION PRACTICES,,9000,,00000000,SURVEY,CORN,19,UNITED STATES,,"CORN, GRAIN - PROGRESS, MEASURED IN PCT HARVESTED",2002-10-20,,42,,PROGRESS,WEEK #42,19,GRAIN,IA,,2002,2013-01-01 12:00:00.000,,,42,TOTAL,CROPS,IOWA,
61,PCT HARVESTED,,FIELD CROPS,WEEKLY,STATE,ALL CLASSES,IOWA,NOT SPECIFIED,ALL PRODUCTION PRACTICES,,9000,,00000000,SURVEY,CORN,19,UNITED STATES,,"CORN, GRAIN - PROGRESS, MEASURED IN PCT HARVESTED",2002-10-27,,43,,PROGRESS,WEEK #43,19,GRAIN,IA,,2002,2013-01-01 12:00:00.000,,,43,TOTAL,CROPS,IOWA,
76,PCT HARVESTED,,FIELD CROPS,WEEKLY,STATE,ALL CLASSES,IOWA,NOT SPECIFIED,ALL PRODUCTION PRACTICES,,9000,,00000000,SURVEY,CORN,19,UNITED STATES,,"CORN, GRAIN - PROGRESS, MEASURED IN PCT HARVESTED",2002-11-03,,44,,PROGRESS,WEEK #44,19,GRAIN,IA,,2002,2013-01-01 12:00:00.000,,,44,TOTAL,CROPS,IOWA,
89,PCT HARVESTED,,FIELD CROPS,WEEKLY,STATE,ALL CLASSES,IOWA,NOT SPECIFIED,ALL PRODUCTION PRACTICES,,9000,,00000000,SURVEY,CORN,19,UNITED STATES,,"CORN, GRAIN - PROGRESS, MEASURED IN PCT HARVESTED",2002-11-10,,45,,PROGRESS,WEEK #45,19,GRAIN,IA,,2002,2013-01-01 12:00:00.000,,,45,TOTAL,CROPS,IOWA,
96,PCT HARVESTED,,FIELD CROPS,WEEKLY,STATE,ALL CLASSES,IOWA,NOT SPECIFIED,ALL PRODUCTION PRACTICES,,9000,,00000000,SURVEY,CORN,19,UNITED STATES,,"CORN, GRAIN - PROGRESS, MEASURED IN PCT HARVESTED",2002-11-17,,46,,PROGRESS,WEEK #46,19,GRAIN,IA,,2002,2013-01-01 12:00:00.000,,,46,TOTAL,CROPS,IOWA,
99,PCT HARVESTED,,FIELD CROPS,WEEKLY,STATE,ALL CLASSES,IOWA,NOT SPECIFIED,ALL PRODUCTION PRACTICES,,9000,,00000000,SURVEY,CORN,19,UNITED STATES,,"CORN, GRAIN - PROGRESS, MEASURED IN PCT HARVESTED",2002-11-24,,47,,PROGRESS,WEEK #47,19,GRAIN,IA,,2002,2013-01-01 12:00:00.000,,,47,TOTAL,CROPS,IOWA,
0,PCT HARVESTED,,FIELD CROPS,WEEKLY,STATE,ALL CLASSES,IOWA,NOT SPECIFIED,ALL PRODUCTION PRACTICES,,9000,,00000000,SURVEY,CORN,19,UNITED STATES,,"CORN, GRAIN - PROGRESS, MEASURED IN PCT HARVESTED",2001-09-09,,36,,PROGRESS,WEEK #36,19,GRAIN,IA,,2001,2013-01-01 12:00:00.000,,,36,TOTAL,CROPS,IOWA,
2,PCT HARVESTED,,FIELD CROPS,WEEKLY,STATE,ALL CLASSES,IOWA,NOT SPECIFIED,ALL PRODUCTION PRACTICES,,9000,,00000000,SURVEY,CORN,19,UNITED STATES,,"CORN, GRAIN - PROGRESS, MEASURED IN PCT HARVESTED",2001-09-16,,37,,PROGRESS,WEEK #37,19,GRAIN,IA,,2001,2013-01-01 12:00:00.000,,,37,TOTAL,CROPS,IOWA,
3,PCT HARVESTED,,FIELD CROPS,WEEKLY,STATE,ALL CLASSES,IOWA,NOT SPECIFIED,ALL PRODUCTION PRACTICES,,9000,,00000000,SURVEY,CORN,19,UNITED STATES,,"CORN, GRAIN - PROGRESS, MEASURED IN PCT HARVESTED",2001-09-23,,38,,PROGRESS,WEEK #38,19,GRAIN,IA,,2001,2013-01-01 12:00:00.000,,,38,TOTAL,CROPS,IOWA,
5,PCT HARVESTED,,FIELD CROPS,WEEKLY,STATE,ALL CLASSES,IOWA,NOT SPECIFIED,ALL PRODUCTION PRACTICES,,9000,,00000000,SURVEY,CORN,19,UNITED STATES,,"CORN, GRAIN - PROGRESS, MEASURED IN PCT HARVESTED",2001-09-30,,39,,PROGRESS,WEEK #39,19,GRAIN,IA,,2001,2013-01-01 12:00:00.000,,,39,TOTAL,CROPS,IOWA,
9,PCT HARVESTED,,FIELD CROPS,WEEKLY,STATE,ALL CLASSES,IOWA,NOT SPECIFIED,ALL PRODUCTION PRACTICES,,9000,,00000000,SURVEY,CORN,19,UNITED STATES,,"CORN, GRAIN - PROGRESS, MEASURED IN PCT HARVESTED",2001-10-07,,40,,PROGRESS,WEEK #40,19,GRAIN,IA,,2001,2013-01-01 12:00:00.000,,,40,TOTAL,CROPS,IOWA,
14,PCT HARVESTED,,FIELD CROPS,WEEKLY,STATE,ALL CLASSES,IOWA,NOT SPECIFIED,ALL PRODUCTION PRACTICES,,9000,,00000000,SURVEY,CORN,19,UNITED STATES,,"CORN, GRAIN - PROGRESS, MEASURED IN PCT HARVESTED",2001-10-14,,41,,PROGRESS,WEEK #41,19,GRAIN,IA,,2001,2013-01-01 12:00:00.000,,,41,TOTAL,CROPS,IOWA,
29,PCT HARVESTED,,FIELD CROPS,WEEKLY,STATE,ALL CLASSES,IOWA,NOT SPECIFIED,ALL PRODUCTION PRACTICES,,9000,,00000000,SURVEY,CORN,19,UNITED STATES,,"CORN, GRAIN - PROGRESS, MEASURED IN PCT HARVESTED",2001-10-21,,42,,PROGRESS,WEEK #42,19,GRAIN,IA,,2001,2013-01-01 12:00:00.000,,,42,TOTAL,CROPS,IOWA,
53,PCT HARVESTED,,FIELD CROPS,WEEKLY,STATE,ALL CLASSES,IOWA,NOT SPECIFIED,ALL PRODUCTION PRACTICES,,9000,,00000000,SURVEY,CORN,19,UNITED STATES,,"CORN, GRAIN - PROGRESS, MEASURED IN PCT HARVESTED",2001-10-28,,43,,PROGRESS,WEEK #43,19,GRAIN,IA,,2001,2013-01-01 12:00:00.000,,,43,TOTAL,CROPS,IOWA,
76,PCT HARVESTED,,FIELD CROPS,WEEKLY,STATE,ALL CLASSES,IOWA,NOT SPECIFIED,ALL PRODUCTION PRACTICES,,9000,,00000000,SURVEY,CORN,19,UNITED STATES,,"CORN, GRAIN - PROGRESS, MEASURED IN PCT HARVESTED",2001-11-04,,44,,PROGRESS,WEEK #44,19,GRAIN,IA,,2001,2013-01-01 12:00:00.000,,,44,TOTAL,CROPS,IOWA,
93,PCT HARVESTED,,FIELD CROPS,WEEKLY,STATE,ALL CLASSES,IOWA,NOT SPECIFIED,ALL PRODUCTION PRACTICES,,9000,,00000000,SURVEY,CORN,19,UNITED STATES,,"CORN, GRAIN - PROGRESS, MEASURED IN PCT HARVESTED",2001-11-11,,45,,PROGRESS,WEEK #45,19,GRAIN,IA,,2001,2013-01-01 12:00:00.000,,,45,TOTAL,CROPS,IOWA,
98,PCT HARVESTED,,FIELD CROPS,WEEKLY,STATE,ALL CLASSES,IOWA,NOT SPECIFIED,ALL PRODUCTION PRACTICES,,9000,,00000000,SURVEY,CORN,19,UNITED STATES,,"CORN, GRAIN - PROGRESS, MEASURED IN PCT HARVESTED",2001-11-18,,46,,PROGRESS,WEEK #46,19,GRAIN,IA,,2001,2013-01-01 12:00:00.000,,,46,TOTAL,CROPS,IOWA,
1,PCT HARVESTED,,FIELD CROPS,WEEKLY,STATE,ALL CLASSES,IOWA,NOT SPECIFIED,ALL PRODUCTION PRACTICES,,9000,,00000000,SURVEY,CORN,19,UNITED STATES,,"CORN, GRAIN - PROGRESS, MEASURED IN PCT HARVESTED",2000-09-03,,35,,PROGRESS,WEEK #35,19,GRAIN,IA,,2000,2013-01-01 12:00:00.000,,,35,TOTAL,CROPS,IOWA,
3,PCT HARVESTED,,FIELD CROPS,WEEKLY,STATE,ALL CLASSES,IOWA,NOT SPECIFIED,ALL PRODUCTION PRACTICES,,9000,,00000000,SURVEY,CORN,19,UNITED STATES,,"CORN, GRAIN - PROGRESS, MEASURED IN PCT HARVESTED",2000-09-10,,36,,PROGRESS,WEEK #36,19,GRAIN,IA,,2000,2013-01-01 12:00:00.000,,,36,TOTAL,CROPS,IOWA,
10,PCT HARVESTED,,FIELD CROPS,WEEKLY,STATE,ALL CLASSES,IOWA,NOT SPECIFIED,ALL PRODUCTION PRACTICES,,9000,,00000000,SURVEY,CORN,19,UNITED STATES,,"CORN, GRAIN - PROGRESS, MEASURED IN PCT HARVESTED",2000-09-17,,37,,PROGRESS,WEEK #37,19,GRAIN,IA,,2000,2013-01-01 12:00:00.000,,,37,TOTAL,CROPS,IOWA,
21,PCT HARVESTED,,FIELD CROPS,WEEKLY,STATE,ALL CLASSES,IOWA,NOT SPECIFIED,ALL PRODUCTION PRACTICES,,9000,,00000000,SURVEY,CORN,19,UNITED STATES,,"CORN, GRAIN - PROGRESS, MEASURED IN PCT HARVESTED",2000-09-24,,38,,PROGRESS,WEEK #38,19,GRAIN,IA,,2000,2013-01-01 12:00:00.000,,,38,TOTAL,CROPS,IOWA,
38,PCT HARVESTED,,FIELD CROPS,WEEKLY,STATE,ALL CLASSES,IOWA,NOT SPECIFIED,ALL PRODUCTION PRACTICES,,9000,,00000000,SURVEY,CORN,19,UNITED STATES,,"CORN, GRAIN - PROGRESS, MEASURED IN PCT HARVESTED",2000-10-01,,39,,PROGRESS,WEEK #39,19,GRAIN,IA,,2000,2013-01-01 12:00:00.000,,,39,TOTAL,CROPS,IOWA,
53,PCT HARVESTED,,FIELD CROPS,WEEKLY,STATE,ALL CLASSES,IOWA,NOT SPECIFIED,ALL PRODUCTION PRACTICES,,9000,,00000000,SURVEY,CORN,19,UNITED STATES,,"CORN, GRAIN - PROGRESS, MEASURED IN PCT HARVESTED",2000-10-08,,40,,PROGRESS,WEEK #40,19,GRAIN,IA,,2000,2013-01-01 12:00:00.000,,,40,TOTAL,CROPS,IOWA,
76,PCT HARVESTED,,FIELD CROPS,WEEKLY,STATE,ALL CLASSES,IOWA,NOT SPECIFIED,ALL PRODUCTION PRACTICES,,9000,,00000000,SURVEY,CORN,19,UNITED STATES,,"CORN, GRAIN - PROGRESS, MEASURED IN PCT HARVESTED",2000-10-15,,41,,PROGRESS,WEEK #41,19,GRAIN,IA,,2000,2013-01-01 12:00:00.000,,,41,TOTAL,CROPS,IOWA,
91,PCT HARVESTED,,FIELD CROPS,WEEKLY,STATE,ALL CLASSES,IOWA,NOT SPECIFIED,ALL PRODUCTION PRACTICES,,9000,,00000000,SURVEY,CORN,19,UNITED STATES,,"CORN, GRAIN - PROGRESS, MEASURED IN PCT HARVESTED",2000-10-22,,42,,PROGRESS,WEEK #42,19,GRAIN,IA,,2000,2013-01-01 12:00:00.000,,,42,TOTAL,CROPS,IOWA,
96,PCT HARVESTED,,FIELD CROPS,WEEKLY,STATE,ALL CLASSES,IOWA,NOT SPECIFIED,ALL PRODUCTION PRACTICES,,9000,,00000000,SURVEY,CORN,19,UNITED STATES,,"CORN, GRAIN - PROGRESS, MEASURED IN PCT HARVESTED",2000-10-29,,43,,PROGRESS,WEEK #43,19,GRAIN,IA,,2000,2013-01-01 12:00:00.000,,,43,TOTAL,CROPS,IOWA,
98,PCT HARVESTED,,FIELD CROPS,WEEKLY,STATE,ALL CLASSES,IOWA,NOT SPECIFIED,ALL PRODUCTION PRACTICES,,9000,,00000000,SURVEY,CORN,19,UNITED STATES,,"CORN, GRAIN - PROGRESS, MEASURED IN PCT HARVESTED",2000-11-05,,44,,PROGRESS,WEEK #44,19,GRAIN,IA,,2000,2013-01-01 12:00:00.000,,,44,TOTAL,CROPS,IOWA,
99,PCT HARVESTED,,FIELD CROPS,WEEKLY,STATE,ALL CLASSES,IOWA,NOT SPECIFIED,ALL PRODUCTION PRACTICES,,9000,,00000000,SURVEY,CORN,19,UNITED STATES,,"CORN, GRAIN - PROGRESS, MEASURED IN PCT HARVESTED",2000-11-12,,45,,PROGRESS,WEEK #45,19,GRAIN,IA,,2000,2013-01-01 12:00:00.000,,,45,TOTAL,CROPS,IOWA,
